epoch_id,sample_idx,t_host_unix,fs,crc_ok,missed,I,Q,ax,ay,az,gx,gy,gz
68,0,1789460345.837329,100.0,1,0,1.552087912087912,1.5456410256410256,-0.763,0.651,-0.115,0.0,0.0,0.0
68,1,1789460345.847329,100.0,1,0,1.5528937728937728,1.5456410256410256,-0.769,0.651,-0.111,0.0,0.0,0.0
68,2,1789460345.857329,100.0,1,0,1.5528937728937728,1.5464468864468865,-0.773,0.651,-0.112,0.0,0.0,0.0
68,3,1789460345.867329,100.0,1,0,1.552087912087912,1.5456410256410256,-0.773,0.651,-0.109,0.0,0.0,0.0
68,4,1789460345.877329,100.0,1,0,1.5528937728937728,1.5488644688644688,-0.77,0.644,-0.114,0.0,0.0,0.0
68,5,1789460345.887329,100.0,1,0,1.552087912087912,1.5472527472527473,-0.77,0.644,-0.114,0.0,0.0,0.0
68,6,1789460345.897329,100.0,1,0,1.552087912087912,1.5496703296703296,-0.77,0.644,-0.114,0.0,0.0,0.0
68,7,1789460345.907329,100.0,1,0,1.552087912087912,1.5472527472527473,-0.773,0.646,-0.112,0.0,0.0,0.0
68,8,1789460345.917329,100.0,1,0,1.552087912087912,1.5464468864468865,-0.775,0.649,-0.111,0.0,0.0,0.0
68,9,1789460345.927329,100.0,1,0,1.552087912087912,1.5472527472527473,-0.77,0.65,-0.113,0.0,0.0,1.0
68,10,1789460345.937329,100.0,1,0,1.552087912087912,1.5456410256410256,-0.765,0.654,-0.111,0.0,0.0,0.0
68,11,1789460345.947329,100.0,1,0,1.5528937728937728,1.5472527472527473,-0.763,0.653,-0.112,0.0,0.0,0.0
68,12,1789460345.957329,100.0,1,0,1.5528937728937728,1.5464468864468865,-0.761,0.653,-0.113,0.0,0.0,0.0
68,13,1789460345.967329,100.0,1,0,1.552087912087912,1.5456410256410256,-0.761,0.655,-0.114,0.0,0.0,0.0
68,14,1789460345.977329,100.0,1,0,1.552087912087912,1.5456410256410256,-0.768,0.654,-0.111,0.0,0.0,0.0
68,15,1789460345.987329,100.0,1,0,1.552087912087912,1.5464468864468865,-0.77,0.653,-0.112,0.0,0.0,0.0
68,16,1789460345.997329,100.0,1,0,1.552087912087912,1.5472527472527473,-0.772,0.651,-0.111,0.0,0.0,0.0
68,17,1789460346.007329,100.0,1,0,1.552087912087912,1.5464468864468865,-0.773,0.647,-0.111,0.0,0.0,0.0
68,18,1789460346.017329,100.0,1,0,1.5512820512820513,1.5472527472527473,-0.777,0.645,-0.111,0.0,0.0,0.0
68,19,1789460346.027329,100.0,1,0,1.5504761904761906,1.5464468864468865,-0.774,0.645,-0.113,0.0,0.0,0.0
68,20,1789460346.037329,100.0,1,0,1.5472527472527473,1.5456410256410256,-0.769,0.642,-0.114,0.0,0.0,0.0
68,21,1789460346.047329,100.0,1,0,1.5504761904761906,1.5456410256410256,-0.768,0.642,-0.114,0.0,0.0,0.0
68,22,1789460346.057329,100.0,1,0,1.5504761904761906,1.5456410256410256,-0.77,0.647,-0.112,0.0,0.0,0.0
68,23,1789460346.067329,100.0,1,0,1.5488644688644688,1.5464468864468865,-0.77,0.652,-0.114,0.0,0.0,1.0
68,24,1789460346.077329,100.0,1,0,1.5512820512820513,1.5456410256410256,-0.768,0.655,-0.114,0.0,0.0,1.0
68,25,1789460346.087329,100.0,1,0,1.5512820512820513,1.5456410256410256,-0.766,0.656,-0.114,0.0,0.0,1.0
68,26,1789460346.097329,100.0,1,0,1.5512820512820513,1.5464468864468865,-0.76,0.655,-0.112,0.0,0.0,0.0
68,27,1789460346.107329,100.0,1,0,1.5496703296703296,1.5456410256410256,-0.757,0.655,-0.113,0.0,0.0,0.0
68,28,1789460346.117329,100.0,1,0,1.5504761904761906,1.5472527472527473,-0.76,0.654,-0.113,0.0,0.0,0.0
68,29,1789460346.127329,100.0,1,0,1.5496703296703296,1.5464468864468865,-0.767,0.654,-0.116,0.0,0.0,0.0
68,30,1789460346.137329,100.0,1,0,1.5512820512820513,1.5464468864468865,-0.774,0.651,-0.113,0.0,0.0,0.0
68,31,1789460346.147329,100.0,1,0,1.5512820512820513,1.5464468864468865,-0.773,0.646,-0.106,0.0,0.0,0.0
68,32,1789460346.157329,100.0,1,0,1.5504761904761906,1.5464468864468865,-0.774,0.643,-0.104,0.0,0.0,0.0
68,33,1789460346.167329,100.0,1,0,1.5504761904761906,1.548058608058608,-0.777,0.641,-0.108,0.0,0.0,0.0
68,34,1789460346.177329,100.0,1,0,1.5496703296703296,1.5456410256410256,-0.783,0.641,-0.11,0.0,0.0,0.0
68,35,1789460346.187329,100.0,1,0,1.5496703296703296,1.5464468864468865,-0.778,0.648,-0.111,0.0,0.0,0.0
68,36,1789460346.197329,100.0,1,0,1.5488644688644688,1.5456410256410256,-0.77,0.651,-0.113,1.0,0.0,1.0
68,37,1789460346.207329,100.0,1,0,1.5496703296703296,1.5456410256410256,-0.763,0.656,-0.119,0.0,0.0,1.0
68,38,1789460346.217329,100.0,1,0,1.5512820512820513,1.5456410256410256,-0.758,0.662,-0.123,0.0,0.0,0.0
68,39,1789460346.227329,100.0,1,0,1.5512820512820513,1.5448351648351648,-0.758,0.662,-0.12,0.0,0.0,0.0
68,40,1789460346.237329,100.0,1,0,1.552087912087912,1.5448351648351648,-0.76,0.663,-0.114,-1.0,0.0,0.0
68,41,1789460346.247329,100.0,1,0,1.552087912087912,1.5456410256410256,-0.762,0.662,-0.113,-1.0,1.0,0.0
68,42,1789460346.257329,100.0,1,0,1.5488644688644688,1.5456410256410256,-0.763,0.658,-0.111,-1.0,1.0,-1.0
68,43,1789460346.267329,100.0,1,0,1.552087912087912,1.5456410256410256,-0.767,0.655,-0.113,-1.0,0.0,-1.0
68,44,1789460346.277329,100.0,1,0,1.552087912087912,1.5472527472527473,-0.771,0.65,-0.114,-1.0,0.0,-1.0
68,45,1789460346.287329,100.0,1,0,1.552087912087912,1.5456410256410256,-0.774,0.644,-0.111,0.0,0.0,0.0
68,46,1789460346.297329,100.0,1,0,1.5512820512820513,1.5464468864468865,-0.776,0.645,-0.111,0.0,0.0,0.0
68,47,1789460346.307329,100.0,1,0,1.5512820512820513,1.5456410256410256,-0.771,0.65,-0.111,0.0,0.0,0.0
68,48,1789460346.317329,100.0,1,0,1.5512820512820513,1.5456410256410256,-0.764,0.65,-0.115,0.0,0.0,0.0
68,49,1789460346.327329,100.0,1,0,1.548058608058608,1.5448351648351648,-0.76,0.653,-0.116,0.0,0.0,0.0
68,50,1789460346.337329,100.0,1,0,1.5512820512820513,1.5456410256410256,-0.76,0.653,-0.113,0.0,0.0,0.0
68,51,1789460346.347329,100.0,1,0,1.5512820512820513,1.5456410256410256,-0.767,0.652,-0.111,0.0,0.0,0.0
68,52,1789460346.357329,100.0,1,0,1.5504761904761906,1.5448351648351648,-0.769,0.652,-0.107,0.0,0.0,0.0
68,53,1789460346.367329,100.0,1,0,1.5504761904761906,1.5448351648351648,-0.769,0.644,-0.109,0.0,0.0,0.0
68,54,1789460346.377329,100.0,1,0,1.5504761904761906,1.5448351648351648,-0.77,0.637,-0.113,0.0,0.0,0.0
68,55,1789460346.387329,100.0,1,0,1.5512820512820513,1.544029304029304,-0.77,0.637,-0.113,0.0,0.0,0.0
68,56,1789460346.397329,100.0,1,0,1.5496703296703296,1.544029304029304,-0.774,0.633,-0.112,0.0,0.0,0.0
68,57,1789460346.407329,100.0,1,0,1.5496703296703296,1.5432234432234433,-0.78,0.631,-0.11,0.0,0.0,0.0
68,58,1789460346.417329,100.0,1,0,1.5512820512820513,1.5432234432234433,-0.786,0.634,-0.111,0.0,0.0,0.0
68,59,1789460346.427329,100.0,1,0,1.552087912087912,1.5432234432234433,-0.785,0.638,-0.104,1.0,-1.0,1.0
68,60,1789460346.437329,100.0,1,0,1.552087912087912,1.5432234432234433,-0.782,0.645,-0.107,1.0,-1.0,2.0
68,61,1789460346.447329,100.0,1,0,1.552087912087912,1.5432234432234433,-0.773,0.655,-0.116,1.0,-1.0,2.0
68,62,1789460346.457329,100.0,1,0,1.5512820512820513,1.5432234432234433,-0.759,0.664,-0.117,0.0,0.0,1.0
68,63,1789460346.467329,100.0,1,0,1.5528937728937728,1.5432234432234433,-0.75,0.67,-0.116,0.0,0.0,0.0
68,64,1789460346.477329,100.0,1,0,1.552087912087912,1.5432234432234433,-0.75,0.667,-0.117,-1.0,1.0,0.0
68,65,1789460346.487329,100.0,1,0,1.552087912087912,1.544029304029304,-0.76,0.662,-0.114,-1.0,1.0,-1.0
68,66,1789460346.497329,100.0,1,0,1.5528937728937728,1.5448351648351648,-0.772,0.655,-0.109,-1.0,1.0,-1.0
68,67,1789460346.507329,100.0,1,0,1.552087912087912,1.5448351648351648,-0.783,0.648,-0.108,0.0,0.0,0.0
68,68,1789460346.517329,100.0,1,0,1.5536996336996336,1.5448351648351648,-0.785,0.645,-0.107,0.0,0.0,0.0
68,69,1789460346.527329,100.0,1,0,1.552087912087912,1.5448351648351648,-0.782,0.642,-0.11,0.0,0.0,0.0
68,70,1789460346.537329,100.0,1,0,1.552087912087912,1.5448351648351648,-0.774,0.645,-0.112,0.0,0.0,0.0
68,71,1789460346.547329,100.0,1,0,1.552087912087912,1.5456410256410256,-0.768,0.647,-0.114,0.0,0.0,0.0
68,72,1789460346.557329,100.0,1,0,1.552087912087912,1.5448351648351648,-0.764,0.648,-0.112,0.0,0.0,0.0
68,73,1789460346.567329,100.0,1,0,1.552087912087912,1.5464468864468865,-0.762,0.647,-0.115,0.0,0.0,0.0
68,74,1789460346.577329,100.0,1,0,1.552087912087912,1.5448351648351648,-0.764,0.646,-0.114,0.0,0.0,0.0
68,75,1789460346.587329,100.0,1,0,1.5504761904761906,1.5448351648351648,-0.768,0.643,-0.109,0.0,0.0,0.0
68,76,1789460346.597329,100.0,1,0,1.5504761904761906,1.5448351648351648,-0.769,0.641,-0.107,0.0,0.0,0.0
68,77,1789460346.607329,100.0,1,0,1.5504761904761906,1.5448351648351648,-0.773,0.644,-0.108,0.0,0.0,1.0
68,78,1789460346.617329,100.0,1,0,1.5512820512820513,1.544029304029304,-0.771,0.65,-0.11,0.0,0.0,1.0
68,79,1789460346.627329,100.0,1,0,1.552087912087912,1.544029304029304,-0.769,0.654,-0.113,0.0,0.0,1.0
68,80,1789460346.637329,100.0,1,0,1.5512820512820513,1.544029304029304,-0.766,0.656,-0.114,0.0,0.0,0.0
68,81,1789460346.647329,100.0,1,0,1.5488644688644688,1.5448351648351648,-0.761,0.659,-0.116,0.0,0.0,0.0
68,82,1789460346.657329,100.0,1,0,1.5504761904761906,1.5448351648351648,-0.76,0.657,-0.115,0.0,0.0,0.0
68,83,1789460346.667329,100.0,1,0,1.5512820512820513,1.544029304029304,-0.758,0.652,-0.114,0.0,0.0,0.0
68,84,1789460346.677329,100.0,1,0,1.5512820512820513,1.5448351648351648,-0.766,0.653,-0.111,0.0,0.0,0.0
68,85,1789460346.687329,100.0,1,0,1.5504761904761906,1.544029304029304,-0.771,0.653,-0.11,0.0,0.0,0.0
68,86,1789460346.697329,100.0,1,0,1.552087912087912,1.5448351648351648,-0.773,0.653,-0.11,0.0,0.0,0.0
68,87,1789460346.707329,100.0,1,0,1.5488644688644688,1.5448351648351648,-0.774,0.655,-0.111,0.0,0.0,0.0
68,88,1789460346.717329,100.0,1,0,1.5488644688644688,1.5448351648351648,-0.766,0.655,-0.11,0.0,0.0,0.0
68,89,1789460346.727329,100.0,1,0,1.5472527472527473,1.5456410256410256,-0.763,0.653,-0.111,0.0,0.0,0.0
68,90,1789460346.737329,100.0,1,0,1.5488644688644688,1.5464468864468865,-0.764,0.654,-0.113,0.0,0.0,0.0
68,91,1789460346.747329,100.0,1,0,1.5496703296703296,1.5456410256410256,-0.766,0.655,-0.114,0.0,0.0,0.0
68,92,1789460346.757329,100.0,1,0,1.5488644688644688,1.5456410256410256,-0.768,0.657,-0.11,0.0,0.0,0.0
68,93,1789460346.767329,100.0,1,0,1.5464468864468865,1.5464468864468865,-0.769,0.655,-0.11,0.0,0.0,0.0
68,94,1789460346.777329,100.0,1,0,1.5472527472527473,1.5456410256410256,-0.769,0.65,-0.113,0.0,0.0,0.0
68,95,1789460346.787329,100.0,1,0,1.5456410256410256,1.5464468864468865,-0.768,0.651,-0.113,0.0,0.0,0.0
68,96,1789460346.797329,100.0,1,0,1.5472527472527473,1.5464468864468865,-0.768,0.644,-0.112,0.0,0.0,0.0
68,97,1789460346.807329,100.0,1,0,1.5464468864468865,1.5456410256410256,-0.77,0.639,-0.111,0.0,0.0,0.0
68,98,1789460346.817329,100.0,1,0,1.5456410256410256,1.5456410256410256,-0.774,0.639,-0.114,0.0,0.0,0.0
68,99,1789460346.827329,100.0,1,0,1.5464468864468865,1.5456410256410256,-0.779,0.642,-0.112,0.0,0.0,0.0
69,0,1789460346.853476,100.0,1,0,1.5456410256410256,1.5456410256410256,-0.777,0.646,-0.11,0.0,0.0,0.0
69,1,1789460346.863476,100.0,1,0,1.5448351648351648,1.5456410256410256,-0.768,0.653,-0.104,0.0,0.0,0.0
69,2,1789460346.873476,100.0,1,0,1.5464468864468865,1.5472527472527473,-0.758,0.653,-0.108,1.0,0.0,0.0
69,3,1789460346.883476,100.0,1,0,1.5456410256410256,1.5456410256410256,-0.758,0.655,-0.118,0.0,0.0,0.0
69,4,1789460346.893476,100.0,1,0,1.5456410256410256,1.5472527472527473,-0.763,0.655,-0.119,0.0,0.0,0.0
69,5,1789460346.903476,100.0,1,0,1.5456410256410256,1.5464468864468865,-0.764,0.654,-0.109,0.0,0.0,0.0
69,6,1789460346.913476,100.0,1,0,1.5472527472527473,1.5488644688644688,-0.768,0.655,-0.101,0.0,0.0,0.0
69,7,1789460346.923476,100.0,1,0,1.5456410256410256,1.5504761904761906,-0.779,0.654,-0.107,0.0,0.0,0.0
69,8,1789460346.933476,100.0,1,0,1.5464468864468865,1.5496703296703296,-0.786,0.651,-0.11,0.0,0.0,0.0
69,9,1789460346.943476,100.0,1,0,1.5456410256410256,1.5504761904761906,-0.78,0.65,-0.108,0.0,0.0,0.0
69,10,1789460346.953476,100.0,1,0,1.5456410256410256,1.5456410256410256,-0.769,0.645,-0.111,0.0,0.0,0.0
69,11,1789460346.963476,100.0,1,0,1.5464468864468865,1.5464468864468865,-0.765,0.646,-0.119,0.0,0.0,0.0
69,12,1789460346.973476,100.0,1,0,1.5464468864468865,1.5456410256410256,-0.764,0.648,-0.123,0.0,0.0,0.0
69,13,1789460346.983476,100.0,1,0,1.5472527472527473,1.5464468864468865,-0.765,0.65,-0.12,0.0,0.0,0.0
69,14,1789460346.993476,100.0,1,0,1.5488644688644688,1.5456410256410256,-0.766,0.657,-0.115,0.0,0.0,0.0
69,15,1789460347.003476,100.0,1,0,1.5488644688644688,1.5456410256410256,-0.766,0.659,-0.11,0.0,0.0,0.0
69,16,1789460347.013476,100.0,1,0,1.548058608058608,1.5464468864468865,-0.764,0.661,-0.111,0.0,0.0,0.0
69,17,1789460347.023476,100.0,1,0,1.5504761904761906,1.5456410256410256,-0.765,0.66,-0.112,0.0,0.0,0.0
69,18,1789460347.033476,100.0,1,0,1.548058608058608,1.5456410256410256,-0.763,0.659,-0.112,0.0,0.0,0.0
69,19,1789460347.043476,100.0,1,0,1.548058608058608,1.5456410256410256,-0.759,0.655,-0.112,0.0,0.0,0.0
69,20,1789460347.053476,100.0,1,0,1.5456410256410256,1.5456410256410256,-0.761,0.651,-0.114,-1.0,0.0,0.0
69,21,1789460347.063476,100.0,1,0,1.5472527472527473,1.5464468864468865,-0.764,0.647,-0.113,-1.0,0.0,-1.0
69,22,1789460347.073476,100.0,1,0,1.548058608058608,1.5464468864468865,-0.771,0.644,-0.113,-1.0,0.0,-1.0
69,23,1789460347.083476,100.0,1,0,1.5464468864468865,1.5464468864468865,-0.778,0.644,-0.113,0.0,0.0,0.0
69,24,1789460347.093476,100.0,1,0,1.5472527472527473,1.5456410256410256,-0.777,0.643,-0.114,0.0,0.0,0.0
69,25,1789460347.103476,100.0,1,0,1.5472527472527473,1.5456410256410256,-0.775,0.643,-0.111,0.0,0.0,0.0
69,26,1789460347.113476,100.0,1,0,1.5464468864468865,1.5456410256410256,-0.773,0.645,-0.111,0.0,-1.0,0.0
69,27,1789460347.123476,100.0,1,0,1.5464468864468865,1.5456410256410256,-0.773,0.645,-0.111,0.0,-1.0,0.0
69,28,1789460347.133476,100.0,1,0,1.5496703296703296,1.5456410256410256,-0.771,0.647,-0.113,0.0,-1.0,0.0
69,29,1789460347.143476,100.0,1,0,1.5472527472527473,1.5456410256410256,-0.767,0.651,-0.117,0.0,0.0,0.0
69,30,1789460347.153476,100.0,1,0,1.548058608058608,1.5456410256410256,-0.759,0.654,-0.113,0.0,0.0,0.0
69,31,1789460347.163476,100.0,1,0,1.5472527472527473,1.5456410256410256,-0.762,0.655,-0.109,0.0,0.0,0.0
69,32,1789460347.173476,100.0,1,0,1.5464468864468865,1.5456410256410256,-0.771,0.653,-0.112,0.0,0.0,0.0
69,33,1789460347.183476,100.0,1,0,1.5456410256410256,1.5464468864468865,-0.779,0.651,-0.105,0.0,0.0,0.0
69,34,1789460347.193476,100.0,1,0,1.5456410256410256,1.5464468864468865,-0.779,0.648,-0.101,0.0,0.0,0.0
69,35,1789460347.203476,100.0,1,0,1.5456410256410256,1.5472527472527473,-0.779,0.642,-0.11,0.0,0.0,0.0
69,36,1789460347.213476,100.0,1,0,1.5456410256410256,1.5464468864468865,-0.775,0.643,-0.115,0.0,-1.0,0.0
69,37,1789460347.223476,100.0,1,0,1.5456410256410256,1.5464468864468865,-0.768,0.642,-0.117,0.0,0.0,0.0
69,38,1789460347.233476,100.0,1,0,1.5456410256410256,1.5504761904761906,-0.764,0.647,-0.117,0.0,0.0,0.0
69,39,1789460347.243476,100.0,1,0,1.5456410256410256,1.5472527472527473,-0.764,0.652,-0.113,0.0,0.0,0.0
69,40,1789460347.253476,100.0,1,0,1.5456410256410256,1.5488644688644688,-0.771,0.654,-0.111,0.0,0.0,0.0
69,41,1789460347.263476,100.0,1,0,1.5456410256410256,1.5512820512820513,-0.777,0.655,-0.108,0.0,0.0,0.0
69,42,1789460347.273476,100.0,1,0,1.5456410256410256,1.5488644688644688,-0.774,0.651,-0.109,0.0,0.0,0.0
69,43,1789460347.283476,100.0,1,0,1.5456410256410256,1.5512820512820513,-0.775,0.651,-0.11,0.0,0.0,0.0
69,44,1789460347.293476,100.0,1,0,1.5456410256410256,1.5504761904761906,-0.772,0.65,-0.112,0.0,0.0,0.0
69,45,1789460347.303476,100.0,1,0,1.5456410256410256,1.5512820512820513,-0.765,0.653,-0.111,0.0,0.0,0.0
69,46,1789460347.313476,100.0,1,0,1.5448351648351648,1.552087912087912,-0.76,0.652,-0.114,0.0,0.0,0.0
69,47,1789460347.323476,100.0,1,0,1.5448351648351648,1.5512820512820513,-0.757,0.65,-0.114,0.0,0.0,0.0
69,48,1789460347.333476,100.0,1,0,1.5456410256410256,1.5512820512820513,-0.758,0.648,-0.115,0.0,0.0,0.0
69,49,1789460347.343476,100.0,1,0,1.5456410256410256,1.552087912087912,-0.768,0.645,-0.11,0.0,0.0,0.0
69,50,1789460347.353476,100.0,1,0,1.5456410256410256,1.552087912087912,-0.777,0.644,-0.109,0.0,0.0,0.0
69,51,1789460347.363476,100.0,1,0,1.5448351648351648,1.5512820512820513,-0.782,0.642,-0.112,0.0,0.0,0.0
69,52,1789460347.373476,100.0,1,0,1.544029304029304,1.552087912087912,-0.781,0.644,-0.109,0.0,-1.0,0.0
69,53,1789460347.383476,100.0,1,0,1.544029304029304,1.552087912087912,-0.774,0.647,-0.108,0.0,0.0,0.0
69,54,1789460347.393476,100.0,1,0,1.5448351648351648,1.552087912087912,-0.77,0.65,-0.11,0.0,-1.0,0.0
69,55,1789460347.403476,100.0,1,0,1.544029304029304,1.552087912087912,-0.767,0.652,-0.114,0.0,0.0,0.0
69,56,1789460347.413476,100.0,1,0,1.5448351648351648,1.5528937728937728,-0.763,0.651,-0.113,0.0,0.0,0.0
69,57,1789460347.423476,100.0,1,0,1.5448351648351648,1.552087912087912,-0.758,0.65,-0.111,0.0,0.0,0.0
69,58,1789460347.433476,100.0,1,0,1.544029304029304,1.552087912087912,-0.76,0.651,-0.112,0.0,0.0,0.0
69,59,1789460347.443476,100.0,1,0,1.544029304029304,1.552087912087912,-0.766,0.653,-0.113,0.0,0.0,0.0
69,60,1789460347.453476,100.0,1,0,1.544029304029304,1.552087912087912,-0.771,0.649,-0.11,0.0,0.0,0.0
69,61,1789460347.463476,100.0,1,0,1.5448351648351648,1.5528937728937728,-0.777,0.647,-0.11,0.0,0.0,0.0
69,62,1789460347.473476,100.0,1,0,1.5448351648351648,1.5528937728937728,-0.78,0.648,-0.111,0.0,0.0,0.0
69,63,1789460347.483476,100.0,1,0,1.5456410256410256,1.5528937728937728,-0.778,0.648,-0.112,0.0,-1.0,0.0
69,64,1789460347.493476,100.0,1,0,1.5448351648351648,1.5528937728937728,-0.774,0.65,-0.111,0.0,-1.0,0.0
69,65,1789460347.503476,100.0,1,0,1.5448351648351648,1.5528937728937728,-0.767,0.65,-0.114,0.0,-1.0,0.0
69,66,1789460347.513476,100.0,1,0,1.5448351648351648,1.5528937728937728,-0.759,0.655,-0.113,0.0,0.0,0.0
69,67,1789460347.523476,100.0,1,0,1.544029304029304,1.5536996336996336,-0.759,0.658,-0.114,0.0,0.0,0.0
69,68,1789460347.533476,100.0,1,0,1.5448351648351648,1.5528937728937728,-0.764,0.655,-0.11,0.0,0.0,-1.0
69,69,1789460347.543476,100.0,1,0,1.5448351648351648,1.5528937728937728,-0.771,0.65,-0.108,0.0,0.0,0.0
69,70,1789460347.553476,100.0,1,0,1.5448351648351648,1.5536996336996336,-0.778,0.648,-0.111,0.0,0.0,0.0
69,71,1789460347.563476,100.0,1,0,1.5448351648351648,1.5536996336996336,-0.78,0.643,-0.113,0.0,0.0,0.0
69,72,1789460347.573476,100.0,1,0,1.5448351648351648,1.5536996336996336,-0.776,0.638,-0.107,0.0,0.0,0.0
69,73,1789460347.583476,100.0,1,0,1.544029304029304,1.5528937728937728,-0.773,0.637,-0.105,0.0,0.0,0.0
69,74,1789460347.593476,100.0,1,0,1.544029304029304,1.5536996336996336,-0.77,0.637,-0.104,0.0,0.0,0.0
69,75,1789460347.603476,100.0,1,0,1.544029304029304,1.5536996336996336,-0.773,0.642,-0.11,0.0,0.0,0.0
69,76,1789460347.613476,100.0,1,0,1.544029304029304,1.5536996336996336,-0.778,0.647,-0.115,0.0,0.0,0.0
69,77,1789460347.623476,100.0,1,0,1.544029304029304,1.5536996336996336,-0.778,0.649,-0.111,0.0,0.0,0.0
69,78,1789460347.633476,100.0,1,0,1.544029304029304,1.5536996336996336,-0.772,0.651,-0.111,1.0,0.0,1.0
69,79,1789460347.643476,100.0,1,0,1.544029304029304,1.5545054945054946,-0.765,0.652,-0.118,0.0,0.0,1.0
69,80,1789460347.653476,100.0,1,0,1.544029304029304,1.5528937728937728,-0.758,0.655,-0.118,0.0,0.0,0.0
69,81,1789460347.663476,100.0,1,0,1.544029304029304,1.5528937728937728,-0.759,0.654,-0.116,0.0,0.0,0.0
69,82,1789460347.673476,100.0,1,0,1.544029304029304,1.5528937728937728,-0.762,0.656,-0.114,0.0,1.0,0.0
69,83,1789460347.683476,100.0,1,0,1.544029304029304,1.5528937728937728,-0.771,0.658,-0.111,0.0,1.0,0.0
69,84,1789460347.693476,100.0,1,0,1.5448351648351648,1.5536996336996336,-0.776,0.658,-0.109,0.0,0.0,0.0
69,85,1789460347.703476,100.0,1,0,1.5448351648351648,1.5536996336996336,-0.772,0.656,-0.109,0.0,0.0,0.0
69,86,1789460347.713476,100.0,1,0,1.5448351648351648,1.5536996336996336,-0.767,0.653,-0.11,0.0,0.0,0.0
69,87,1789460347.723476,100.0,1,0,1.5448351648351648,1.5536996336996336,-0.764,0.651,-0.114,0.0,0.0,0.0
69,88,1789460347.733476,100.0,1,0,1.544029304029304,1.5536996336996336,-0.761,0.648,-0.115,0.0,0.0,0.0
69,89,1789460347.743476,100.0,1,0,1.5448351648351648,1.5536996336996336,-0.76,0.646,-0.116,0.0,0.0,0.0
69,90,1789460347.753476,100.0,1,0,1.544029304029304,1.5528937728937728,-0.766,0.644,-0.114,0.0,0.0,0.0
69,91,1789460347.763476,100.0,1,0,1.5448351648351648,1.5528937728937728,-0.778,0.642,-0.11,0.0,0.0,0.0
69,92,1789460347.773476,100.0,1,0,1.5448351648351648,1.5528937728937728,-0.785,0.644,-0.108,0.0,0.0,0.0
69,93,1789460347.783476,100.0,1,0,1.5448351648351648,1.5528937728937728,-0.784,0.645,-0.107,0.0,0.0,0.0
69,94,1789460347.793476,100.0,1,0,1.5448351648351648,1.5528937728937728,-0.778,0.645,-0.112,0.0,-1.0,1.0
69,95,1789460347.803476,100.0,1,0,1.5448351648351648,1.5528937728937728,-0.77,0.647,-0.116,0.0,0.0,1.0
69,96,1789460347.813476,100.0,1,0,1.5448351648351648,1.5528937728937728,-0.762,0.65,-0.112,0.0,0.0,0.0
69,97,1789460347.823476,100.0,1,0,1.5448351648351648,1.5536996336996336,-0.76,0.65,-0.106,0.0,0.0,0.0
69,98,1789460347.833476,100.0,1,0,1.5448351648351648,1.5528937728937728,-0.768,0.649,-0.109,0.0,0.0,0.0
69,99,1789460347.843476,100.0,1,0,1.5448351648351648,1.5536996336996336,-0.774,0.652,-0.106,0.0,0.0,0.0
70,0,1789460347.862768,100.0,1,0,1.5456410256410256,1.5536996336996336,-0.775,0.65,-0.104,0.0,0.0,0.0
70,1,1789460347.872768,100.0,1,0,1.544029304029304,1.5536996336996336,-0.774,0.649,-0.112,0.0,0.0,0.0
70,2,1789460347.882768,100.0,1,0,1.5448351648351648,1.5536996336996336,-0.774,0.649,-0.112,0.0,0.0,0.0
70,3,1789460347.892768,100.0,1,0,1.5448351648351648,1.5536996336996336,-0.77,0.647,-0.116,0.0,0.0,0.0
70,4,1789460347.902768,100.0,1,0,1.5456410256410256,1.5536996336996336,-0.771,0.645,-0.112,0.0,0.0,0.0
70,5,1789460347.912768,100.0,1,0,1.5464468864468865,1.5528937728937728,-0.771,0.645,-0.112,0.0,0.0,0.0
70,6,1789460347.922768,100.0,1,0,1.5448351648351648,1.5528937728937728,-0.776,0.647,-0.107,0.0,0.0,0.0
70,7,1789460347.932768,100.0,1,0,1.5456410256410256,1.5536996336996336,-0.781,0.649,-0.108,0.0,0.0,0.0
70,8,1789460347.942768,100.0,1,0,1.5464468864468865,1.5528937728937728,-0.778,0.656,-0.108,0.0,-1.0,1.0
70,9,1789460347.952768,100.0,1,0,1.5456410256410256,1.5545054945054946,-0.769,0.656,-0.111,0.0,-1.0,0.0
70,10,1789460347.962768,100.0,1,0,1.5456410256410256,1.5536996336996336,-0.761,0.657,-0.116,0.0,0.0,0.0
70,11,1789460347.972768,100.0,1,0,1.5456410256410256,1.5528937728937728,-0.754,0.653,-0.117,0.0,0.0,0.0
70,12,1789460347.982768,100.0,1,0,1.5464468864468865,1.5536996336996336,-0.755,0.65,-0.115,0.0,0.0,-1.0
70,13,1789460347.992768,100.0,1,0,1.5456410256410256,1.5528937728937728,-0.762,0.647,-0.111,0.0,1.0,-1.0
70,14,1789460348.002768,100.0,1,0,1.5456410256410256,1.5528937728937728,-0.774,0.643,-0.111,0.0,0.0,0.0
70,15,1789460348.012768,100.0,1,0,1.5456410256410256,1.5528937728937728,-0.783,0.645,-0.109,0.0,0.0,0.0
70,16,1789460348.022768,100.0,1,0,1.5456410256410256,1.5528937728937728,-0.782,0.646,-0.107,0.0,0.0,0.0
70,17,1789460348.032768,100.0,1,0,1.5448351648351648,1.5528937728937728,-0.778,0.647,-0.11,0.0,0.0,0.0
70,18,1789460348.042768,100.0,1,0,1.5456410256410256,1.5528937728937728,-0.77,0.647,-0.113,0.0,0.0,0.0
70,19,1789460348.052768,100.0,1,0,1.5448351648351648,1.5528937728937728,-0.765,0.648,-0.114,0.0,0.0,0.0
70,20,1789460348.062768,100.0,1,0,1.5456410256410256,1.5528937728937728,-0.762,0.65,-0.114,0.0,0.0,0.0
70,21,1789460348.072768,100.0,1,0,1.5448351648351648,1.552087912087912,-0.766,0.65,-0.111,0.0,0.0,0.0
70,22,1789460348.082768,100.0,1,0,1.5456410256410256,1.5528937728937728,-0.77,0.65,-0.109,0.0,0.0,0.0
70,23,1789460348.092768,100.0,1,0,1.5456410256410256,1.552087912087912,-0.771,0.649,-0.111,0.0,0.0,0.0
70,24,1789460348.102768,100.0,1,0,1.5456410256410256,1.552087912087912,-0.77,0.649,-0.11,0.0,0.0,0.0
70,25,1789460348.112768,100.0,1,0,1.5464468864468865,1.552087912087912,-0.77,0.65,-0.109,0.0,0.0,0.0
70,26,1789460348.122768,100.0,1,0,1.5456410256410256,1.552087912087912,-0.77,0.652,-0.111,0.0,0.0,0.0
70,27,1789460348.132768,100.0,1,0,1.5456410256410256,1.552087912087912,-0.769,0.65,-0.112,0.0,0.0,0.0
70,28,1789460348.142768,100.0,1,0,1.5456410256410256,1.552087912087912,-0.768,0.651,-0.112,0.0,0.0,0.0
70,29,1789460348.152768,100.0,1,0,1.5456410256410256,1.552087912087912,-0.768,0.65,-0.111,0.0,0.0,0.0
70,30,1789460348.162768,100.0,1,0,1.5456410256410256,1.552087912087912,-0.767,0.649,-0.116,0.0,0.0,0.0
70,31,1789460348.172768,100.0,1,0,1.5456410256410256,1.552087912087912,-0.767,0.647,-0.114,0.0,0.0,0.0
70,32,1789460348.182768,100.0,1,0,1.5464468864468865,1.552087912087912,-0.769,0.647,-0.109,0.0,0.0,0.0
70,33,1789460348.192768,100.0,1,0,1.5472527472527473,1.5512820512820513,-0.772,0.647,-0.11,0.0,0.0,0.0
70,34,1789460348.202768,100.0,1,0,1.5464468864468865,1.552087912087912,-0.774,0.646,-0.112,0.0,0.0,0.0
70,35,1789460348.212768,100.0,1,0,1.5472527472527473,1.552087912087912,-0.773,0.648,-0.109,0.0,0.0,0.0
70,36,1789460348.222768,100.0,1,0,1.5472527472527473,1.552087912087912,-0.77,0.648,-0.11,0.0,0.0,0.0
70,37,1789460348.232768,100.0,1,0,1.5472527472527473,1.552087912087912,-0.765,0.65,-0.112,0.0,0.0,0.0
70,38,1789460348.242768,100.0,1,0,1.5464468864468865,1.5512820512820513,-0.765,0.652,-0.113,0.0,0.0,0.0
70,39,1789460348.252768,100.0,1,0,1.5464468864468865,1.5512820512820513,-0.762,0.652,-0.109,0.0,0.0,0.0
70,40,1789460348.262768,100.0,1,0,1.5472527472527473,1.552087912087912,-0.763,0.652,-0.108,0.0,1.0,0.0
70,41,1789460348.272768,100.0,1,0,1.5456410256410256,1.5512820512820513,-0.771,0.65,-0.109,-1.0,1.0,0.0
70,42,1789460348.282768,100.0,1,0,1.5456410256410256,1.5512820512820513,-0.78,0.646,-0.11,0.0,1.0,0.0
70,43,1789460348.292768,100.0,1,0,1.548058608058608,1.552087912087912,-0.783,0.645,-0.11,0.0,0.0,0.0
70,44,1789460348.302768,100.0,1,0,1.5464468864468865,1.5488644688644688,-0.78,0.648,-0.11,0.0,0.0,0.0
70,45,1789460348.312768,100.0,1,0,1.5464468864468865,1.5512820512820513,-0.773,0.648,-0.115,0.0,0.0,1.0
70,46,1789460348.322768,100.0,1,0,1.5488644688644688,1.5496703296703296,-0.763,0.648,-0.117,0.0,0.0,1.0
70,47,1789460348.332768,100.0,1,0,1.5464468864468865,1.548058608058608,-0.759,0.65,-0.114,0.0,0.0,1.0
70,48,1789460348.342768,100.0,1,0,1.5512820512820513,1.5496703296703296,-0.759,0.654,-0.114,0.0,0.0,0.0
70,49,1789460348.352768,100.0,1,0,1.548058608058608,1.548058608058608,-0.762,0.656,-0.109,0.0,0.0,0.0
70,50,1789460348.362768,100.0,1,0,1.552087912087912,1.5464468864468865,-0.765,0.655,-0.11,0.0,0.0,0.0
70,51,1789460348.372768,100.0,1,0,1.5512820512820513,1.5472527472527473,-0.769,0.657,-0.111,0.0,0.0,0.0
70,52,1789460348.382768,100.0,1,0,1.552087912087912,1.5472527472527473,-0.77,0.653,-0.111,0.0,0.0,0.0
70,53,1789460348.392768,100.0,1,0,1.552087912087912,1.5496703296703296,-0.766,0.655,-0.111,0.0,0.0,0.0
70,54,1789460348.402768,100.0,1,0,1.552087912087912,1.5472527472527473,-0.764,0.653,-0.115,-1.0,0.0,0.0
70,55,1789460348.412768,100.0,1,0,1.552087912087912,1.5464468864468865,-0.765,0.645,-0.115,-1.0,0.0,0.0
70,56,1789460348.422768,100.0,1,0,1.552087912087912,1.5456410256410256,-0.77,0.643,-0.114,0.0,0.0,0.0
70,57,1789460348.432768,100.0,1,0,1.5528937728937728,1.5456410256410256,-0.778,0.643,-0.11,0.0,0.0,0.0
70,58,1789460348.442768,100.0,1,0,1.5528937728937728,1.5456410256410256,-0.781,0.644,-0.108,0.0,0.0,0.0
70,59,1789460348.452768,100.0,1,0,1.552087912087912,1.5456410256410256,-0.777,0.649,-0.107,0.0,-1.0,0.0
70,60,1789460348.462768,100.0,1,0,1.552087912087912,1.5456410256410256,-0.769,0.654,-0.114,1.0,-1.0,0.0
70,61,1789460348.472768,100.0,1,0,1.5512820512820513,1.5456410256410256,-0.761,0.657,-0.117,0.0,0.0,0.0
70,62,1789460348.482768,100.0,1,0,1.552087912087912,1.5464468864468865,-0.756,0.654,-0.116,0.0,0.0,0.0
70,63,1789460348.492768,100.0,1,0,1.5528937728937728,1.5456410256410256,-0.758,0.65,-0.11,-1.0,1.0,0.0
70,64,1789460348.502768,100.0,1,0,1.552087912087912,1.5456410256410256,-0.77,0.646,-0.11,-1.0,1.0,0.0
70,65,1789460348.512768,100.0,1,0,1.552087912087912,1.5464468864468865,-0.782,0.641,-0.104,-1.0,1.0,0.0
70,66,1789460348.522768,100.0,1,0,1.552087912087912,1.5448351648351648,-0.79,0.641,-0.1,0.0,0.0,0.0
70,67,1789460348.532768,100.0,1,0,1.552087912087912,1.5456410256410256,-0.79,0.643,-0.11,0.0,0.0,0.0
70,68,1789460348.542768,100.0,1,0,1.552087912087912,1.5464468864468865,-0.78,0.643,-0.111,0.0,-1.0,1.0
70,69,1789460348.552768,100.0,1,0,1.552087912087912,1.5456410256410256,-0.766,0.648,-0.117,0.0,-1.0,1.0
70,70,1789460348.562768,100.0,1,0,1.552087912087912,1.5456410256410256,-0.755,0.651,-0.119,0.0,0.0,0.0
70,71,1789460348.572768,100.0,1,0,1.552087912087912,1.5464468864468865,-0.751,0.655,-0.117,0.0,0.0,0.0
70,72,1789460348.582768,100.0,1,0,1.552087912087912,1.5464468864468865,-0.759,0.661,-0.112,0.0,0.0,0.0
70,73,1789460348.592768,100.0,1,0,1.552087912087912,1.5456410256410256,-0.759,0.661,-0.112,0.0,0.0,0.0
70,74,1789460348.602768,100.0,1,0,1.552087912087912,1.548058608058608,-0.769,0.658,-0.111,0.0,0.0,0.0
70,75,1789460348.612768,100.0,1,0,1.552087912087912,1.5488644688644688,-0.774,0.654,-0.107,0.0,0.0,0.0
70,76,1789460348.622768,100.0,1,0,1.552087912087912,1.5488644688644688,-0.777,0.649,-0.108,0.0,0.0,0.0
70,77,1789460348.632768,100.0,1,0,1.5496703296703296,1.5488644688644688,-0.78,0.648,-0.112,0.0,0.0,0.0
70,78,1789460348.642768,100.0,1,0,1.5512820512820513,1.5496703296703296,-0.775,0.647,-0.11,0.0,0.0,0.0
70,79,1789460348.652768,100.0,1,0,1.5512820512820513,1.5512820512820513,-0.77,0.647,-0.112,0.0,0.0,0.0
70,80,1789460348.662768,100.0,1,0,1.5488644688644688,1.5504761904761906,-0.762,0.645,-0.112,0.0,0.0,0.0
70,81,1789460348.672768,100.0,1,0,1.5496703296703296,1.5512820512820513,-0.759,0.645,-0.111,0.0,0.0,0.0
70,82,1789460348.682768,100.0,1,0,1.5488644688644688,1.5512820512820513,-0.761,0.646,-0.113,0.0,0.0,0.0
70,83,1789460348.692768,100.0,1,0,1.5488644688644688,1.5512820512820513,-0.768,0.647,-0.112,0.0,0.0,0.0
70,84,1789460348.702768,100.0,1,0,1.5496703296703296,1.552087912087912,-0.773,0.647,-0.108,0.0,0.0,0.0
70,85,1789460348.712768,100.0,1,0,1.548058608058608,1.5512820512820513,-0.777,0.651,-0.108,0.0,0.0,1.0
70,86,1789460348.722768,100.0,1,0,1.5472527472527473,1.5512820512820513,-0.775,0.653,-0.107,0.0,0.0,1.0
70,87,1789460348.732768,100.0,1,0,1.5472527472527473,1.552087912087912,-0.771,0.655,-0.111,0.0,0.0,1.0
70,88,1789460348.742768,100.0,1,0,1.5456410256410256,1.552087912087912,-0.766,0.656,-0.112,0.0,0.0,0.0
70,89,1789460348.752768,100.0,1,0,1.5464468864468865,1.552087912087912,-0.761,0.657,-0.111,0.0,0.0,0.0
70,90,1789460348.762768,100.0,1,0,1.5464468864468865,1.5528937728937728,-0.755,0.656,-0.113,0.0,0.0,0.0
70,91,1789460348.772768,100.0,1,0,1.5456410256410256,1.552087912087912,-0.755,0.653,-0.112,0.0,0.0,0.0
70,92,1789460348.782768,100.0,1,0,1.5456410256410256,1.5528937728937728,-0.762,0.652,-0.112,0.0,1.0,0.0
70,93,1789460348.792768,100.0,1,0,1.5456410256410256,1.5528937728937728,-0.771,0.648,-0.108,0.0,0.0,0.0
70,94,1789460348.802768,100.0,1,0,1.5464468864468865,1.5528937728937728,-0.782,0.647,-0.106,0.0,0.0,0.0
70,95,1789460348.812768,100.0,1,0,1.5456410256410256,1.5528937728937728,-0.78,0.647,-0.107,0.0,0.0,0.0
70,96,1789460348.822768,100.0,1,0,1.5456410256410256,1.552087912087912,-0.775,0.648,-0.109,0.0,-1.0,1.0
70,97,1789460348.832768,100.0,1,0,1.5456410256410256,1.552087912087912,-0.771,0.651,-0.11,0.0,0.0,1.0
70,98,1789460348.842768,100.0,1,0,1.5456410256410256,1.552087912087912,-0.764,0.654,-0.113,0.0,0.0,0.0
70,99,1789460348.852768,100.0,1,0,1.5456410256410256,1.552087912087912,-0.76,0.655,-0.115,0.0,0.0,0.0
71,0,1789460348.831543,100.0,1,0,1.5456410256410256,1.5528937728937728,-0.761,0.656,-0.114,0.0,0.0,0.0
71,1,1789460348.841543,100.0,1,0,1.5448351648351648,1.552087912087912,-0.761,0.656,-0.113,0.0,0.0,0.0
71,2,1789460348.851543,100.0,1,0,1.5448351648351648,1.5528937728937728,-0.762,0.651,-0.111,0.0,0.0,0.0
71,3,1789460348.861543,100.0,1,0,1.5456410256410256,1.552087912087912,-0.768,0.647,-0.108,0.0,0.0,0.0
71,4,1789460348.871543,100.0,1,0,1.5456410256410256,1.552087912087912,-0.772,0.644,-0.112,0.0,0.0,0.0
71,5,1789460348.881543,100.0,1,0,1.5456410256410256,1.552087912087912,-0.771,0.644,-0.11,0.0,0.0,0.0
71,6,1789460348.891543,100.0,1,0,1.5456410256410256,1.5528937728937728,-0.771,0.644,-0.105,0.0,0.0,0.0
71,7,1789460348.901543,100.0,1,0,1.5456410256410256,1.5528937728937728,-0.773,0.648,-0.104,0.0,0.0,0.0
71,8,1789460348.911543,100.0,1,0,1.5448351648351648,1.5528937728937728,-0.775,0.651,-0.108,0.0,0.0,0.0
71,9,1789460348.921543,100.0,1,0,1.5448351648351648,1.5528937728937728,-0.776,0.654,-0.113,0.0,0.0,0.0
71,10,1789460348.931543,100.0,1,0,1.5456410256410256,1.5528937728937728,-0.774,0.658,-0.111,0.0,0.0,0.0
71,11,1789460348.941543,100.0,1,0,1.5456410256410256,1.5528937728937728,-0.769,0.657,-0.113,0.0,0.0,1.0
71,12,1789460348.951544,100.0,1,0,1.5456410256410256,1.5528937728937728,-0.76,0.653,-0.117,0.0,0.0,1.0
71,13,1789460348.961544,100.0,1,0,1.5456410256410256,1.5512820512820513,-0.757,0.653,-0.119,0.0,0.0,0.0
71,14,1789460348.971544,100.0,1,0,1.548058608058608,1.552087912087912,-0.756,0.653,-0.118,0.0,0.0,0.0
71,15,1789460348.981544,100.0,1,0,1.5464468864468865,1.552087912087912,-0.763,0.653,-0.115,0.0,1.0,0.0
71,16,1789460348.991544,100.0,1,0,1.5464468864468865,1.5512820512820513,-0.769,0.656,-0.111,0.0,0.0,0.0
71,17,1789460349.001544,100.0,1,0,1.5472527472527473,1.552087912087912,-0.773,0.658,-0.106,0.0,0.0,0.0
71,18,1789460349.011544,100.0,1,0,1.5472527472527473,1.5512820512820513,-0.775,0.657,-0.109,0.0,0.0,0.0
71,19,1789460349.021544,100.0,1,0,1.5472527472527473,1.5512820512820513,-0.774,0.655,-0.113,0.0,0.0,0.0
71,20,1789460349.031543,100.0,1,0,1.5504761904761906,1.552087912087912,-0.766,0.654,-0.113,0.0,0.0,0.0
71,21,1789460349.041543,100.0,1,0,1.5496703296703296,1.5504761904761906,-0.758,0.652,-0.11,0.0,0.0,0.0
71,22,1789460349.051543,100.0,1,0,1.5512820512820513,1.552087912087912,-0.757,0.648,-0.116,0.0,0.0,0.0
71,23,1789460349.061543,100.0,1,0,1.5512820512820513,1.552087912087912,-0.758,0.647,-0.117,0.0,0.0,0.0
71,24,1789460349.071543,100.0,1,0,1.5504761904761906,1.5512820512820513,-0.768,0.647,-0.116,0.0,0.0,0.0
71,25,1789460349.081543,100.0,1,0,1.548058608058608,1.5512820512820513,-0.776,0.649,-0.113,0.0,0.0,0.0
71,26,1789460349.091543,100.0,1,0,1.5488644688644688,1.5512820512820513,-0.781,0.65,-0.109,0.0,0.0,0.0
71,27,1789460349.101543,100.0,1,0,1.548058608058608,1.5504761904761906,-0.776,0.651,-0.108,0.0,0.0,0.0
71,28,1789460349.111543,100.0,1,0,1.5488644688644688,1.5512820512820513,-0.769,0.651,-0.111,0.0,0.0,0.0
71,29,1789460349.121543,100.0,1,0,1.5488644688644688,1.5512820512820513,-0.762,0.651,-0.113,0.0,0.0,0.0
71,30,1789460349.131543,100.0,1,0,1.5504761904761906,1.5496703296703296,-0.759,0.649,-0.114,0.0,0.0,0.0
71,31,1789460349.141543,100.0,1,0,1.5512820512820513,1.5504761904761906,-0.764,0.649,-0.113,0.0,0.0,0.0
71,32,1789460349.151543,100.0,1,0,1.5512820512820513,1.5504761904761906,-0.774,0.649,-0.113,0.0,0.0,0.0
71,33,1789460349.161543,100.0,1,0,1.5504761904761906,1.552087912087912,-0.776,0.65,-0.106,0.0,0.0,0.0
71,34,1789460349.171543,100.0,1,0,1.5488644688644688,1.5512820512820513,-0.776,0.65,-0.107,0.0,0.0,0.0
71,35,1789460349.181543,100.0,1,0,1.5512820512820513,1.5512820512820513,-0.774,0.65,-0.113,0.0,0.0,0.0
71,36,1789460349.191543,100.0,1,0,1.5504761904761906,1.5504761904761906,-0.769,0.65,-0.114,0.0,0.0,0.0
71,37,1789460349.201544,100.0,1,0,1.552087912087912,1.5512820512820513,-0.765,0.648,-0.117,0.0,0.0,0.0
71,38,1789460349.211544,100.0,1,0,1.5512820512820513,1.5504761904761906,-0.763,0.649,-0.115,0.0,0.0,0.0
71,39,1789460349.221544,100.0,1,0,1.5512820512820513,1.5496703296703296,-0.768,0.651,-0.112,0.0,0.0,0.0
71,40,1789460349.231544,100.0,1,0,1.5512820512820513,1.5512820512820513,-0.775,0.649,-0.11,0.0,0.0,0.0
71,41,1789460349.241544,100.0,1,0,1.5504761904761906,1.5512820512820513,-0.776,0.649,-0.106,0.0,0.0,0.0
71,42,1789460349.251544,100.0,1,0,1.5512820512820513,1.5512820512820513,-0.775,0.65,-0.11,0.0,0.0,0.0
71,43,1789460349.261544,100.0,1,0,1.5472527472527473,1.5504761904761906,-0.773,0.652,-0.113,0.0,0.0,0.0
71,44,1789460349.271544,100.0,1,0,1.5504761904761906,1.552087912087912,-0.765,0.651,-0.11,0.0,0.0,0.0
71,45,1789460349.281543,100.0,1,0,1.5512820512820513,1.5512820512820513,-0.76,0.651,-0.112,0.0,0.0,0.0
71,46,1789460349.291543,100.0,1,0,1.5496703296703296,1.5528937728937728,-0.76,0.651,-0.112,0.0,0.0,0.0
71,47,1789460349.301543,100.0,1,0,1.5512820512820513,1.552087912087912,-0.764,0.648,-0.114,0.0,0.0,0.0
71,48,1789460349.311543,100.0,1,0,1.5512820512820513,1.552087912087912,-0.771,0.645,-0.114,0.0,0.0,0.0
71,49,1789460349.321543,100.0,1,0,1.5488644688644688,1.552087912087912,-0.776,0.645,-0.11,0.0,0.0,0.0
71,50,1789460349.331543,100.0,1,0,1.5456410256410256,1.5512820512820513,-0.776,0.645,-0.106,0.0,0.0,0.0
71,51,1789460349.341543,100.0,1,0,1.5496703296703296,1.552087912087912,-0.771,0.648,-0.109,0.0,0.0,0.0
71,52,1789460349.351543,100.0,1,0,1.5472527472527473,1.5528937728937728,-0.768,0.652,-0.111,0.0,0.0,0.0
71,53,1789460349.361543,100.0,1,0,1.5456410256410256,1.5528937728937728,-0.767,0.654,-0.113,0.0,0.0,0.0
71,54,1789460349.371543,100.0,1,0,1.5456410256410256,1.5536996336996336,-0.766,0.656,-0.109,0.0,0.0,0.0
71,55,1789460349.381543,100.0,1,0,1.5472527472527473,1.5528937728937728,-0.763,0.655,-0.116,0.0,0.0,0.0
71,56,1789460349.391543,100.0,1,0,1.5456410256410256,1.5528937728937728,-0.762,0.652,-0.115,0.0,0.0,0.0
71,57,1789460349.401543,100.0,1,0,1.5472527472527473,1.5528937728937728,-0.761,0.65,-0.114,0.0,0.0,0.0
71,58,1789460349.411543,100.0,1,0,1.5456410256410256,1.5528937728937728,-0.764,0.652,-0.114,0.0,0.0,0.0
71,59,1789460349.421543,100.0,1,0,1.5456410256410256,1.5528937728937728,-0.77,0.649,-0.112,0.0,0.0,0.0
71,60,1789460349.431543,100.0,1,0,1.5456410256410256,1.5536996336996336,-0.777,0.651,-0.108,0.0,0.0,0.0
71,61,1789460349.441543,100.0,1,0,1.5464468864468865,1.5528937728937728,-0.776,0.654,-0.108,0.0,0.0,0.0
71,62,1789460349.451544,100.0,1,0,1.5456410256410256,1.5528937728937728,-0.773,0.653,-0.109,0.0,0.0,0.0
71,63,1789460349.461544,100.0,1,0,1.5448351648351648,1.5536996336996336,-0.771,0.653,-0.109,0.0,0.0,0.0
71,64,1789460349.471544,100.0,1,0,1.5456410256410256,1.5536996336996336,-0.766,0.653,-0.115,0.0,0.0,0.0
71,65,1789460349.481544,100.0,1,0,1.5456410256410256,1.5536996336996336,-0.761,0.656,-0.118,0.0,0.0,0.0
71,66,1789460349.491544,100.0,1,0,1.5456410256410256,1.5528937728937728,-0.76,0.656,-0.115,0.0,0.0,0.0
71,67,1789460349.501544,100.0,1,0,1.5456410256410256,1.5545054945054946,-0.765,0.656,-0.111,0.0,0.0,0.0
71,68,1789460349.511544,100.0,1,0,1.5456410256410256,1.5545054945054946,-0.771,0.653,-0.109,0.0,0.0,0.0
71,69,1789460349.521544,100.0,1,0,1.5448351648351648,1.5545054945054946,-0.773,0.649,-0.104,0.0,0.0,0.0
71,70,1789460349.531543,100.0,1,0,1.544029304029304,1.5536996336996336,-0.771,0.645,-0.103,0.0,0.0,0.0
71,71,1789460349.541543,100.0,1,0,1.5448351648351648,1.5536996336996336,-0.771,0.644,-0.108,0.0,0.0,0.0
71,72,1789460349.551543,100.0,1,0,1.544029304029304,1.5545054945054946,-0.77,0.642,-0.116,0.0,0.0,0.0
71,73,1789460349.561543,100.0,1,0,1.544029304029304,1.5536996336996336,-0.769,0.645,-0.114,0.0,0.0,0.0
71,74,1789460349.571543,100.0,1,0,1.5448351648351648,1.5536996336996336,-0.765,0.649,-0.108,0.0,0.0,0.0
71,75,1789460349.581543,100.0,1,0,1.5432234432234433,1.5536996336996336,-0.767,0.648,-0.108,0.0,0.0,0.0
71,76,1789460349.591543,100.0,1,0,1.5448351648351648,1.5536996336996336,-0.777,0.648,-0.11,0.0,0.0,0.0
71,77,1789460349.601543,100.0,1,0,1.544029304029304,1.5536996336996336,-0.778,0.649,-0.109,0.0,0.0,0.0
71,78,1789460349.611543,100.0,1,0,1.5448351648351648,1.5536996336996336,-0.775,0.649,-0.106,0.0,0.0,1.0
71,79,1789460349.621543,100.0,1,0,1.544029304029304,1.5545054945054946,-0.77,0.648,-0.11,0.0,0.0,1.0
71,80,1789460349.631543,100.0,1,0,1.5456410256410256,1.5536996336996336,-0.769,0.651,-0.117,0.0,0.0,0.0
71,81,1789460349.641543,100.0,1,0,1.5448351648351648,1.5528937728937728,-0.766,0.656,-0.119,0.0,0.0,0.0
71,82,1789460349.651543,100.0,1,0,1.5464468864468865,1.5545054945054946,-0.762,0.66,-0.114,0.0,0.0,0.0
71,83,1789460349.661543,100.0,1,0,1.5456410256410256,1.5528937728937728,-0.764,0.66,-0.113,0.0,0.0,0.0
71,84,1789460349.671543,100.0,1,0,1.5472527472527473,1.5536996336996336,-0.764,0.663,-0.111,0.0,0.0,0.0
71,85,1789460349.681543,100.0,1,0,1.5464468864468865,1.5528937728937728,-0.763,0.661,-0.11,0.0,0.0,0.0
71,86,1789460349.691543,100.0,1,0,1.5456410256410256,1.5528937728937728,-0.763,0.654,-0.11,0.0,0.0,0.0
71,87,1789460349.701544,100.0,1,0,1.5472527472527473,1.5528937728937728,-0.767,0.652,-0.111,0.0,0.0,-1.0
71,88,1789460349.711544,100.0,1,0,1.5456410256410256,1.5528937728937728,-0.774,0.65,-0.113,0.0,0.0,-1.0
71,89,1789460349.721544,100.0,1,0,1.5456410256410256,1.5536996336996336,-0.774,0.648,-0.11,0.0,0.0,-1.0
71,90,1789460349.731544,100.0,1,0,1.5456410256410256,1.5536996336996336,-0.773,0.649,-0.109,0.0,0.0,0.0
71,91,1789460349.741544,100.0,1,0,1.5456410256410256,1.5528937728937728,-0.769,0.648,-0.112,0.0,0.0,0.0
71,92,1789460349.751544,100.0,1,0,1.5456410256410256,1.5528937728937728,-0.769,0.648,-0.116,0.0,0.0,0.0
71,93,1789460349.761544,100.0,1,0,1.5464468864468865,1.5528937728937728,-0.771,0.648,-0.113,0.0,0.0,0.0
71,94,1789460349.771544,100.0,1,0,1.5456410256410256,1.552087912087912,-0.769,0.649,-0.111,0.0,0.0,0.0
71,95,1789460349.781543,100.0,1,0,1.5456410256410256,1.552087912087912,-0.766,0.646,-0.115,0.0,0.0,0.0
71,96,1789460349.791543,100.0,1,0,1.5456410256410256,1.552087912087912,-0.766,0.645,-0.117,0.0,0.0,0.0
71,97,1789460349.801543,100.0,1,0,1.5456410256410256,1.552087912087912,-0.77,0.647,-0.111,0.0,0.0,0.0
71,98,1789460349.811543,100.0,1,0,1.5448351648351648,1.552087912087912,-0.772,0.648,-0.106,0.0,0.0,0.0
71,99,1789460349.821543,100.0,1,0,1.5456410256410256,1.552087912087912,-0.772,0.646,-0.109,0.0,0.0,0.0
72,0,1789460349.903662,100.0,1,0,1.5448351648351648,1.5528937728937728,-0.774,0.646,-0.108,0.0,0.0,0.0
72,1,1789460349.913662,100.0,1,0,1.5448351648351648,1.5536996336996336,-0.772,0.645,-0.107,0.0,0.0,0.0
72,2,1789460349.923662,100.0,1,0,1.5448351648351648,1.5528937728937728,-0.77,0.645,-0.114,0.0,0.0,0.0
72,3,1789460349.933662,100.0,1,0,1.5448351648351648,1.5528937728937728,-0.77,0.648,-0.119,0.0,0.0,0.0
72,4,1789460349.943662,100.0,1,0,1.5456410256410256,1.5528937728937728,-0.774,0.648,-0.116,0.0,0.0,0.0
72,5,1789460349.953662,100.0,1,0,1.5448351648351648,1.5528937728937728,-0.778,0.653,-0.11,0.0,0.0,0.0
72,6,1789460349.963662,100.0,1,0,1.5448351648351648,1.5528937728937728,-0.775,0.653,-0.106,0.0,-1.0,0.0
72,7,1789460349.973662,100.0,1,0,1.5448351648351648,1.5528937728937728,-0.766,0.653,-0.108,0.0,-1.0,0.0
72,8,1789460349.983662,100.0,1,0,1.5456410256410256,1.5528937728937728,-0.76,0.652,-0.112,0.0,0.0,0.0
72,9,1789460349.993662,100.0,1,0,1.5448351648351648,1.5536996336996336,-0.761,0.652,-0.114,0.0,0.0,0.0
72,10,1789460350.003662,100.0,1,0,1.5456410256410256,1.5545054945054946,-0.768,0.65,-0.111,0.0,0.0,0.0
72,11,1789460350.013662,100.0,1,0,1.5448351648351648,1.5545054945054946,-0.772,0.647,-0.111,0.0,0.0,0.0
72,12,1789460350.023662,100.0,1,0,1.5448351648351648,1.5536996336996336,-0.774,0.642,-0.109,0.0,0.0,0.0
72,13,1789460350.033662,100.0,1,0,1.5448351648351648,1.5536996336996336,-0.772,0.64,-0.112,0.0,0.0,0.0
72,14,1789460350.043662,100.0,1,0,1.5448351648351648,1.5536996336996336,-0.767,0.642,-0.113,0.0,0.0,0.0
72,15,1789460350.053662,100.0,1,0,1.544029304029304,1.5536996336996336,-0.768,0.65,-0.109,0.0,0.0,0.0
72,16,1789460350.063662,100.0,1,0,1.5448351648351648,1.5545054945054946,-0.77,0.655,-0.106,1.0,0.0,0.0
72,17,1789460350.073662,100.0,1,0,1.544029304029304,1.5553113553113553,-0.77,0.657,-0.108,0.0,0.0,0.0
72,18,1789460350.083662,100.0,1,0,1.544029304029304,1.5553113553113553,-0.769,0.658,-0.109,0.0,0.0,0.0
72,19,1789460350.093662,100.0,1,0,1.544029304029304,1.5545054945054946,-0.769,0.658,-0.109,0.0,0.0,0.0
72,20,1789460350.103662,100.0,1,0,1.5432234432234433,1.556117216117216,-0.768,0.653,-0.111,0.0,0.0,0.0
72,21,1789460350.113662,100.0,1,0,1.544029304029304,1.556117216117216,-0.77,0.651,-0.114,0.0,0.0,0.0
72,22,1789460350.123662,100.0,1,0,1.5432234432234433,1.556117216117216,-0.772,0.651,-0.116,0.0,0.0,0.0
72,23,1789460350.133662,100.0,1,0,1.544029304029304,1.5553113553113553,-0.768,0.65,-0.113,0.0,0.0,0.0
72,24,1789460350.143662,100.0,1,0,1.544029304029304,1.556117216117216,-0.768,0.648,-0.113,0.0,0.0,0.0
72,25,1789460350.153662,100.0,1,0,1.5432234432234433,1.5553113553113553,-0.771,0.653,-0.114,0.0,0.0,0.0
72,26,1789460350.163662,100.0,1,0,1.5432234432234433,1.556117216117216,-0.769,0.658,-0.112,0.0,0.0,0.0
72,27,1789460350.173662,100.0,1,0,1.5432234432234433,1.556117216117216,-0.765,0.655,-0.108,0.0,0.0,0.0
72,28,1789460350.183662,100.0,1,0,1.5432234432234433,1.556117216117216,-0.764,0.656,-0.11,0.0,0.0,0.0
72,29,1789460350.193662,100.0,1,0,1.5432234432234433,1.556117216117216,-0.765,0.655,-0.115,0.0,0.0,-1.0
72,30,1789460350.203662,100.0,1,0,1.5432234432234433,1.556117216117216,-0.765,0.651,-0.115,0.0,0.0,0.0
72,31,1789460350.213662,100.0,1,0,1.5424175824175823,1.556117216117216,-0.769,0.649,-0.112,0.0,0.0,0.0
72,32,1789460350.223662,100.0,1,0,1.5432234432234433,1.5569230769230769,-0.775,0.648,-0.109,0.0,0.0,0.0
72,33,1789460350.233662,100.0,1,0,1.5424175824175823,1.5569230769230769,-0.777,0.649,-0.11,0.0,0.0,0.0
72,34,1789460350.243662,100.0,1,0,1.5424175824175823,1.556117216117216,-0.774,0.646,-0.109,0.0,0.0,0.0
72,35,1789460350.253662,100.0,1,0,1.5424175824175823,1.5545054945054946,-0.768,0.644,-0.111,0.0,0.0,0.0
72,36,1789460350.263662,100.0,1,0,1.5416117216117216,1.556117216117216,-0.765,0.642,-0.114,0.0,0.0,0.0
72,37,1789460350.273662,100.0,1,0,1.5424175824175823,1.556117216117216,-0.764,0.64,-0.113,0.0,0.0,0.0
72,38,1789460350.283662,100.0,1,0,1.5424175824175823,1.5545054945054946,-0.764,0.639,-0.109,0.0,0.0,0.0
72,39,1789460350.293662,100.0,1,0,1.5424175824175823,1.5553113553113553,-0.767,0.642,-0.107,0.0,0.0,0.0
72,40,1789460350.303662,100.0,1,0,1.5424175824175823,1.5553113553113553,-0.772,0.647,-0.106,0.0,0.0,0.0
72,41,1789460350.313662,100.0,1,0,1.5424175824175823,1.5553113553113553,-0.778,0.653,-0.106,0.0,0.0,0.0
72,42,1789460350.323662,100.0,1,0,1.5432234432234433,1.5553113553113553,-0.781,0.655,-0.107,0.0,0.0,1.0
72,43,1789460350.333662,100.0,1,0,1.5432234432234433,1.5553113553113553,-0.78,0.654,-0.11,0.0,0.0,1.0
72,44,1789460350.343662,100.0,1,0,1.5424175824175823,1.5553113553113553,-0.773,0.653,-0.113,0.0,0.0,1.0
72,45,1789460350.353662,100.0,1,0,1.544029304029304,1.5545054945054946,-0.763,0.654,-0.116,0.0,0.0,1.0
72,46,1789460350.363662,100.0,1,0,1.5448351648351648,1.5545054945054946,-0.754,0.652,-0.119,0.0,0.0,0.0
72,47,1789460350.373662,100.0,1,0,1.5448351648351648,1.5536996336996336,-0.756,0.654,-0.121,0.0,0.0,0.0
72,48,1789460350.383662,100.0,1,0,1.5456410256410256,1.5536996336996336,-0.762,0.657,-0.115,0.0,0.0,0.0
72,49,1789460350.393662,100.0,1,0,1.5456410256410256,1.5528937728937728,-0.766,0.661,-0.107,0.0,0.0,0.0
72,50,1789460350.403662,100.0,1,0,1.5456410256410256,1.5528937728937728,-0.77,0.657,-0.106,0.0,0.0,0.0
72,51,1789460350.413662,100.0,1,0,1.5472527472527473,1.5536996336996336,-0.774,0.652,-0.105,-1.0,0.0,0.0
72,52,1789460350.423662,100.0,1,0,1.5472527472527473,1.5536996336996336,-0.777,0.65,-0.107,0.0,0.0,0.0
72,53,1789460350.433662,100.0,1,0,1.5456410256410256,1.5528937728937728,-0.78,0.646,-0.109,0.0,0.0,0.0
72,54,1789460350.443662,100.0,1,0,1.5464468864468865,1.5528937728937728,-0.776,0.645,-0.111,0.0,0.0,0.0
72,55,1789460350.453662,100.0,1,0,1.5488644688644688,1.5528937728937728,-0.768,0.643,-0.114,0.0,0.0,0.0
72,56,1789460350.463662,100.0,1,0,1.5472527472527473,1.552087912087912,-0.764,0.645,-0.117,1.0,0.0,0.0
72,57,1789460350.473662,100.0,1,0,1.5464468864468865,1.5512820512820513,-0.766,0.646,-0.116,0.0,0.0,0.0
72,58,1789460350.483662,100.0,1,0,1.5472527472527473,1.5504761904761906,-0.766,0.651,-0.11,0.0,0.0,0.0
72,59,1789460350.493662,100.0,1,0,1.5488644688644688,1.552087912087912,-0.768,0.655,-0.108,0.0,0.0,0.0
72,60,1789460350.503662,100.0,1,0,1.5496703296703296,1.5504761904761906,-0.766,0.652,-0.108,0.0,0.0,0.0
72,61,1789460350.513662,100.0,1,0,1.548058608058608,1.5496703296703296,-0.766,0.648,-0.113,0.0,0.0,0.0
72,62,1789460350.523662,100.0,1,0,1.5496703296703296,1.5512820512820513,-0.765,0.645,-0.11,-1.0,0.0,0.0
72,63,1789460350.533662,100.0,1,0,1.5472527472527473,1.5496703296703296,-0.77,0.646,-0.107,0.0,0.0,0.0
72,64,1789460350.543662,100.0,1,0,1.5488644688644688,1.5512820512820513,-0.778,0.645,-0.109,0.0,0.0,0.0
72,65,1789460350.553662,100.0,1,0,1.5472527472527473,1.5504761904761906,-0.781,0.647,-0.103,0.0,0.0,0.0
72,66,1789460350.563662,100.0,1,0,1.5464468864468865,1.5512820512820513,-0.776,0.654,-0.104,0.0,0.0,1.0
72,67,1789460350.573662,100.0,1,0,1.548058608058608,1.552087912087912,-0.77,0.654,-0.111,0.0,-1.0,1.0
72,68,1789460350.583662,100.0,1,0,1.5464468864468865,1.552087912087912,-0.763,0.653,-0.115,0.0,0.0,0.0
72,69,1789460350.593662,100.0,1,0,1.5464468864468865,1.552087912087912,-0.762,0.653,-0.114,0.0,0.0,0.0
72,70,1789460350.603662,100.0,1,0,1.5472527472527473,1.552087912087912,-0.766,0.651,-0.114,0.0,0.0,0.0
72,71,1789460350.613662,100.0,1,0,1.5472527472527473,1.5528937728937728,-0.77,0.653,-0.11,0.0,0.0,0.0
72,72,1789460350.623662,100.0,1,0,1.5472527472527473,1.5528937728937728,-0.774,0.654,-0.108,0.0,0.0,0.0
72,73,1789460350.633662,100.0,1,0,1.5488644688644688,1.552087912087912,-0.771,0.653,-0.105,0.0,0.0,0.0
72,74,1789460350.643662,100.0,1,0,1.548058608058608,1.552087912087912,-0.769,0.652,-0.109,0.0,0.0,0.0
72,75,1789460350.653662,100.0,1,0,1.5512820512820513,1.552087912087912,-0.765,0.652,-0.113,0.0,0.0,0.0
72,76,1789460350.663662,100.0,1,0,1.5504761904761906,1.5528937728937728,-0.765,0.651,-0.111,0.0,0.0,0.0
72,77,1789460350.673662,100.0,1,0,1.548058608058608,1.552087912087912,-0.764,0.649,-0.112,0.0,0.0,0.0
72,78,1789460350.683662,100.0,1,0,1.5496703296703296,1.5528937728937728,-0.766,0.649,-0.113,0.0,0.0,0.0
72,79,1789460350.693662,100.0,1,0,1.5488644688644688,1.552087912087912,-0.769,0.648,-0.11,0.0,0.0,0.0
72,80,1789460350.703662,100.0,1,0,1.5496703296703296,1.552087912087912,-0.77,0.648,-0.108,0.0,0.0,0.0
72,81,1789460350.713662,100.0,1,0,1.5488644688644688,1.5512820512820513,-0.771,0.647,-0.109,0.0,0.0,0.0
72,82,1789460350.723662,100.0,1,0,1.5512820512820513,1.5528937728937728,-0.772,0.647,-0.108,0.0,0.0,0.0
72,83,1789460350.733662,100.0,1,0,1.5504761904761906,1.552087912087912,-0.772,0.65,-0.11,0.0,0.0,0.0
72,84,1789460350.743662,100.0,1,0,1.548058608058608,1.552087912087912,-0.771,0.651,-0.112,0.0,0.0,0.0
72,85,1789460350.753662,100.0,1,0,1.5496703296703296,1.5512820512820513,-0.768,0.652,-0.11,0.0,0.0,0.0
72,86,1789460350.763662,100.0,1,0,1.5488644688644688,1.5512820512820513,-0.766,0.654,-0.109,0.0,0.0,0.0
72,87,1789460350.773662,100.0,1,0,1.5488644688644688,1.552087912087912,-0.765,0.656,-0.111,0.0,0.0,0.0
72,88,1789460350.783662,100.0,1,0,1.5504761904761906,1.5512820512820513,-0.763,0.657,-0.113,0.0,0.0,0.0
72,89,1789460350.793662,100.0,1,0,1.552087912087912,1.552087912087912,-0.765,0.658,-0.107,0.0,0.0,0.0
72,90,1789460350.803662,100.0,1,0,1.5512820512820513,1.5512820512820513,-0.769,0.655,-0.106,0.0,0.0,0.0
72,91,1789460350.813662,100.0,1,0,1.5512820512820513,1.552087912087912,-0.771,0.652,-0.105,0.0,0.0,0.0
72,92,1789460350.823662,100.0,1,0,1.5512820512820513,1.552087912087912,-0.771,0.652,-0.105,0.0,0.0,0.0
72,93,1789460350.833662,100.0,1,0,1.5504761904761906,1.5512820512820513,-0.772,0.648,-0.109,0.0,0.0,0.0
72,94,1789460350.843662,100.0,1,0,1.5512820512820513,1.5512820512820513,-0.768,0.643,-0.112,0.0,0.0,0.0
72,95,1789460350.853662,100.0,1,0,1.552087912087912,1.552087912087912,-0.768,0.643,-0.114,0.0,0.0,0.0
72,96,1789460350.863662,100.0,1,0,1.5496703296703296,1.5512820512820513,-0.771,0.641,-0.112,0.0,0.0,0.0
72,97,1789460350.873662,100.0,1,0,1.5496703296703296,1.5512820512820513,-0.777,0.642,-0.111,0.0,0.0,0.0
72,98,1789460350.883662,100.0,1,0,1.552087912087912,1.5488644688644688,-0.777,0.647,-0.11,0.0,0.0,0.0
72,99,1789460350.893662,100.0,1,0,1.5504761904761906,1.5512820512820513,-0.773,0.653,-0.105,0.0,0.0,0.0
73,0,1789460350.875767,100.0,1,0,1.552087912087912,1.5512820512820513,-0.767,0.654,-0.106,0.0,0.0,0.0
73,1,1789460350.885767,100.0,1,0,1.5528937728937728,1.552087912087912,-0.766,0.656,-0.113,0.0,0.0,0.0
73,2,1789460350.895767,100.0,1,0,1.5512820512820513,1.552087912087912,-0.764,0.654,-0.111,0.0,0.0,0.0
73,3,1789460350.905767,100.0,1,0,1.552087912087912,1.5512820512820513,-0.761,0.651,-0.111,0.0,0.0,0.0
73,4,1789460350.915767,100.0,1,0,1.5488644688644688,1.552087912087912,-0.768,0.647,-0.104,0.0,1.0,0.0
73,5,1789460350.925767,100.0,1,0,1.5512820512820513,1.552087912087912,-0.768,0.647,-0.104,0.0,1.0,0.0
73,6,1789460350.935767,100.0,1,0,1.552087912087912,1.5512820512820513,-0.777,0.645,-0.106,0.0,0.0,0.0
73,7,1789460350.945767,100.0,1,0,1.5512820512820513,1.552087912087912,-0.783,0.645,-0.108,0.0,0.0,0.0
73,8,1789460350.955767,100.0,1,0,1.552087912087912,1.5512820512820513,-0.781,0.648,-0.108,0.0,0.0,1.0
73,9,1789460350.965767,100.0,1,0,1.552087912087912,1.5504761904761906,-0.776,0.652,-0.112,0.0,0.0,1.0
73,10,1789460350.975767,100.0,1,0,1.5536996336996336,1.5472527472527473,-0.765,0.655,-0.116,0.0,0.0,0.0
73,11,1789460350.985767,100.0,1,0,1.5536996336996336,1.5464468864468865,-0.759,0.659,-0.115,0.0,0.0,0.0
73,12,1789460350.995767,100.0,1,0,1.5528937728937728,1.5472527472527473,-0.76,0.661,-0.118,0.0,0.0,0.0
73,13,1789460351.005767,100.0,1,0,1.5528937728937728,1.5456410256410256,-0.76,0.66,-0.113,0.0,0.0,0.0
73,14,1789460351.015767,100.0,1,0,1.5528937728937728,1.5464468864468865,-0.763,0.661,-0.111,0.0,0.0,0.0
73,15,1789460351.025767,100.0,1,0,1.5536996336996336,1.5464468864468865,-0.763,0.659,-0.11,-1.0,0.0,0.0
73,16,1789460351.035767,100.0,1,0,1.5536996336996336,1.5464468864468865,-0.761,0.66,-0.105,-1.0,1.0,0.0
73,17,1789460351.045767,100.0,1,0,1.5536996336996336,1.5464468864468865,-0.764,0.656,-0.106,-1.0,1.0,-1.0
73,18,1789460351.055767,100.0,1,0,1.5528937728937728,1.5456410256410256,-0.769,0.65,-0.11,-1.0,0.0,-1.0
73,19,1789460351.065767,100.0,1,0,1.5528937728937728,1.5456410256410256,-0.773,0.645,-0.112,0.0,0.0,0.0
73,20,1789460351.075767,100.0,1,0,1.5528937728937728,1.5456410256410256,-0.774,0.641,-0.112,0.0,0.0,0.0
73,21,1789460351.085767,100.0,1,0,1.5528937728937728,1.5456410256410256,-0.773,0.639,-0.114,0.0,0.0,0.0
73,22,1789460351.095767,100.0,1,0,1.5528937728937728,1.5448351648351648,-0.77,0.643,-0.113,0.0,0.0,0.0
73,23,1789460351.105767,100.0,1,0,1.5528937728937728,1.544029304029304,-0.765,0.65,-0.114,0.0,0.0,0.0
73,24,1789460351.115767,100.0,1,0,1.5536996336996336,1.544029304029304,-0.763,0.655,-0.109,0.0,0.0,0.0
73,25,1789460351.125767,100.0,1,0,1.5528937728937728,1.5448351648351648,-0.762,0.657,-0.11,0.0,0.0,0.0
73,26,1789460351.135767,100.0,1,0,1.5536996336996336,1.544029304029304,-0.762,0.656,-0.11,0.0,0.0,0.0
73,27,1789460351.145767,100.0,1,0,1.5536996336996336,1.5448351648351648,-0.765,0.65,-0.108,-1.0,0.0,0.0
73,28,1789460351.155767,100.0,1,0,1.5528937728937728,1.544029304029304,-0.768,0.648,-0.107,0.0,0.0,0.0
73,29,1789460351.165767,100.0,1,0,1.5528937728937728,1.544029304029304,-0.779,0.647,-0.106,0.0,0.0,0.0
73,30,1789460351.175767,100.0,1,0,1.5545054945054946,1.544029304029304,-0.782,0.645,-0.104,0.0,0.0,0.0
73,31,1789460351.185767,100.0,1,0,1.5536996336996336,1.5448351648351648,-0.782,0.648,-0.104,0.0,0.0,0.0
73,32,1789460351.195767,100.0,1,0,1.5536996336996336,1.5448351648351648,-0.772,0.648,-0.109,1.0,0.0,0.0
73,33,1789460351.205767,100.0,1,0,1.5545054945054946,1.5448351648351648,-0.764,0.651,-0.116,1.0,0.0,0.0
73,34,1789460351.215767,100.0,1,0,1.5553113553113553,1.5448351648351648,-0.766,0.656,-0.121,0.0,0.0,0.0
73,35,1789460351.225767,100.0,1,0,1.5545054945054946,1.544029304029304,-0.765,0.659,-0.116,0.0,0.0,0.0
73,36,1789460351.235767,100.0,1,0,1.5545054945054946,1.544029304029304,-0.763,0.66,-0.107,0.0,0.0,0.0
73,37,1789460351.245767,100.0,1,0,1.5536996336996336,1.544029304029304,-0.769,0.653,-0.106,0.0,0.0,0.0
73,38,1789460351.255767,100.0,1,0,1.5536996336996336,1.5448351648351648,-0.773,0.652,-0.105,0.0,0.0,0.0
73,39,1789460351.265767,100.0,1,0,1.5545054945054946,1.5448351648351648,-0.773,0.649,-0.104,0.0,0.0,0.0
73,40,1789460351.275767,100.0,1,0,1.5536996336996336,1.5448351648351648,-0.771,0.643,-0.107,0.0,0.0,0.0
73,41,1789460351.285767,100.0,1,0,1.5536996336996336,1.5448351648351648,-0.771,0.642,-0.109,0.0,0.0,0.0
73,42,1789460351.295767,100.0,1,0,1.5536996336996336,1.5448351648351648,-0.768,0.643,-0.113,0.0,0.0,0.0
73,43,1789460351.305767,100.0,1,0,1.5528937728937728,1.5448351648351648,-0.767,0.647,-0.114,0.0,0.0,0.0
73,44,1789460351.315767,100.0,1,0,1.5545054945054946,1.544029304029304,-0.768,0.653,-0.111,0.0,0.0,0.0
73,45,1789460351.325767,100.0,1,0,1.5536996336996336,1.5448351648351648,-0.769,0.652,-0.11,0.0,0.0,0.0
73,46,1789460351.335767,100.0,1,0,1.5536996336996336,1.5448351648351648,-0.77,0.653,-0.107,0.0,0.0,0.0
73,47,1789460351.345767,100.0,1,0,1.5536996336996336,1.5448351648351648,-0.769,0.652,-0.108,0.0,0.0,0.0
73,48,1789460351.355767,100.0,1,0,1.5536996336996336,1.544029304029304,-0.768,0.648,-0.11,0.0,0.0,0.0
73,49,1789460351.365767,100.0,1,0,1.5528937728937728,1.5448351648351648,-0.764,0.647,-0.112,0.0,0.0,0.0
73,50,1789460351.375767,100.0,1,0,1.5528937728937728,1.544029304029304,-0.761,0.651,-0.113,0.0,0.0,0.0
73,51,1789460351.385767,100.0,1,0,1.5528937728937728,1.544029304029304,-0.766,0.657,-0.114,0.0,0.0,0.0
73,52,1789460351.395767,100.0,1,0,1.5536996336996336,1.5448351648351648,-0.771,0.657,-0.111,0.0,0.0,0.0
73,53,1789460351.405767,100.0,1,0,1.5528937728937728,1.544029304029304,-0.769,0.656,-0.108,0.0,0.0,0.0
73,54,1789460351.415767,100.0,1,0,1.5528937728937728,1.544029304029304,-0.767,0.65,-0.108,0.0,0.0,0.0
73,55,1789460351.425767,100.0,1,0,1.5528937728937728,1.544029304029304,-0.77,0.645,-0.109,0.0,0.0,0.0
73,56,1789460351.435767,100.0,1,0,1.5528937728937728,1.544029304029304,-0.775,0.644,-0.108,0.0,0.0,0.0
73,57,1789460351.445767,100.0,1,0,1.5528937728937728,1.544029304029304,-0.775,0.648,-0.106,0.0,0.0,0.0
73,58,1789460351.455767,100.0,1,0,1.5536996336996336,1.5432234432234433,-0.77,0.65,-0.11,1.0,0.0,0.0
73,59,1789460351.465767,100.0,1,0,1.5528937728937728,1.544029304029304,-0.765,0.658,-0.111,1.0,0.0,0.0
73,60,1789460351.475767,100.0,1,0,1.5528937728937728,1.544029304029304,-0.76,0.662,-0.113,0.0,0.0,0.0
73,61,1789460351.485767,100.0,1,0,1.5536996336996336,1.5432234432234433,-0.757,0.662,-0.114,0.0,0.0,0.0
73,62,1789460351.495767,100.0,1,0,1.5536996336996336,1.5432234432234433,-0.76,0.658,-0.115,0.0,0.0,0.0
73,63,1789460351.505767,100.0,1,0,1.5536996336996336,1.5432234432234433,-0.766,0.655,-0.114,0.0,0.0,-1.0
73,64,1789460351.515767,100.0,1,0,1.5528937728937728,1.5432234432234433,-0.771,0.652,-0.107,0.0,0.0,0.0
73,65,1789460351.525767,100.0,1,0,1.5528937728937728,1.544029304029304,-0.771,0.652,-0.107,0.0,0.0,-1.0
73,66,1789460351.535767,100.0,1,0,1.5528937728937728,1.544029304029304,-0.773,0.647,-0.103,0.0,0.0,0.0
73,67,1789460351.545767,100.0,1,0,1.552087912087912,1.5448351648351648,-0.778,0.645,-0.106,0.0,0.0,0.0
73,68,1789460351.555767,100.0,1,0,1.552087912087912,1.544029304029304,-0.776,0.643,-0.111,0.0,0.0,0.0
73,69,1789460351.565767,100.0,1,0,1.552087912087912,1.544029304029304,-0.766,0.644,-0.112,0.0,0.0,0.0
73,70,1789460351.575767,100.0,1,0,1.5528937728937728,1.544029304029304,-0.761,0.645,-0.106,0.0,0.0,0.0
73,71,1789460351.585767,100.0,1,0,1.5528937728937728,1.544029304029304,-0.762,0.649,-0.11,0.0,0.0,0.0
73,72,1789460351.595767,100.0,1,0,1.552087912087912,1.544029304029304,-0.767,0.648,-0.115,0.0,0.0,0.0
73,73,1789460351.605767,100.0,1,0,1.5528937728937728,1.544029304029304,-0.777,0.65,-0.113,0.0,0.0,0.0
73,74,1789460351.615767,100.0,1,0,1.5528937728937728,1.544029304029304,-0.781,0.655,-0.107,0.0,0.0,0.0
73,75,1789460351.625767,100.0,1,0,1.5528937728937728,1.544029304029304,-0.777,0.655,-0.109,0.0,0.0,1.0
73,76,1789460351.635767,100.0,1,0,1.5528937728937728,1.544029304029304,-0.769,0.657,-0.115,0.0,0.0,1.0
73,77,1789460351.645767,100.0,1,0,1.5528937728937728,1.544029304029304,-0.757,0.658,-0.117,0.0,0.0,0.0
73,78,1789460351.655767,100.0,1,0,1.5528937728937728,1.544029304029304,-0.75,0.657,-0.116,0.0,0.0,0.0
73,79,1789460351.665767,100.0,1,0,1.5528937728937728,1.5432234432234433,-0.752,0.657,-0.113,-1.0,1.0,-1.0
73,80,1789460351.675767,100.0,1,0,1.5528937728937728,1.544029304029304,-0.761,0.659,-0.112,0.0,0.0,-1.0
73,81,1789460351.685767,100.0,1,0,1.5528937728937728,1.544029304029304,-0.771,0.655,-0.109,0.0,0.0,-1.0
73,82,1789460351.695767,100.0,1,0,1.5528937728937728,1.544029304029304,-0.776,0.652,-0.111,0.0,0.0,0.0
73,83,1789460351.705767,100.0,1,0,1.5528937728937728,1.5448351648351648,-0.777,0.648,-0.114,0.0,0.0,0.0
73,84,1789460351.715767,100.0,1,0,1.5528937728937728,1.5448351648351648,-0.772,0.647,-0.109,0.0,0.0,0.0
73,85,1789460351.725767,100.0,1,0,1.5528937728937728,1.5448351648351648,-0.77,0.644,-0.109,0.0,0.0,0.0
73,86,1789460351.735767,100.0,1,0,1.5528937728937728,1.5448351648351648,-0.771,0.645,-0.115,0.0,0.0,0.0
73,87,1789460351.745767,100.0,1,0,1.552087912087912,1.5448351648351648,-0.771,0.651,-0.114,0.0,0.0,0.0
73,88,1789460351.755767,100.0,1,0,1.552087912087912,1.5456410256410256,-0.768,0.653,-0.111,0.0,0.0,0.0
73,89,1789460351.765767,100.0,1,0,1.552087912087912,1.5448351648351648,-0.766,0.656,-0.109,0.0,0.0,0.0
73,90,1789460351.775767,100.0,1,0,1.552087912087912,1.5456410256410256,-0.769,0.656,-0.108,0.0,0.0,0.0
73,91,1789460351.785767,100.0,1,0,1.5512820512820513,1.5456410256410256,-0.767,0.653,-0.109,0.0,0.0,0.0
73,92,1789460351.795767,100.0,1,0,1.552087912087912,1.5456410256410256,-0.767,0.647,-0.115,0.0,0.0,0.0
73,93,1789460351.805767,100.0,1,0,1.5488644688644688,1.5456410256410256,-0.77,0.644,-0.11,0.0,0.0,0.0
73,94,1789460351.815767,100.0,1,0,1.5504761904761906,1.5456410256410256,-0.776,0.643,-0.107,0.0,0.0,0.0
73,95,1789460351.825767,100.0,1,0,1.5488644688644688,1.5464468864468865,-0.781,0.64,-0.106,0.0,0.0,0.0
73,96,1789460351.835767,100.0,1,0,1.548058608058608,1.5472527472527473,-0.782,0.643,-0.104,0.0,0.0,0.0
73,97,1789460351.845767,100.0,1,0,1.5488644688644688,1.5472527472527473,-0.776,0.645,-0.105,0.0,-1.0,1.0
73,98,1789460351.855767,100.0,1,0,1.5488644688644688,1.5472527472527473,-0.765,0.646,-0.113,0.0,0.0,0.0
73,99,1789460351.865767,100.0,1,0,1.548058608058608,1.5488644688644688,-0.757,0.647,-0.115,0.0,0.0,0.0
74,0,1789460351.831686,100.0,1,0,1.5464468864468865,1.5496703296703296,-0.761,0.651,-0.117,0.0,0.0,0.0
74,1,1789460351.841686,100.0,1,0,1.5456410256410256,1.5488644688644688,-0.773,0.653,-0.11,0.0,0.0,0.0
74,2,1789460351.851686,100.0,1,0,1.5472527472527473,1.5512820512820513,-0.783,0.654,-0.105,0.0,0.0,0.0
74,3,1789460351.861686,100.0,1,0,1.5456410256410256,1.5512820512820513,-0.783,0.655,-0.103,0.0,0.0,0.0
74,4,1789460351.871686,100.0,1,0,1.5456410256410256,1.552087912087912,-0.777,0.653,-0.104,0.0,-1.0,0.0
74,5,1789460351.881686,100.0,1,0,1.5456410256410256,1.552087912087912,-0.765,0.651,-0.108,0.0,-1.0,0.0
74,6,1789460351.891686,100.0,1,0,1.5464468864468865,1.5512820512820513,-0.754,0.648,-0.115,0.0,0.0,0.0
74,7,1789460351.901686,100.0,1,0,1.5456410256410256,1.5512820512820513,-0.752,0.648,-0.119,0.0,0.0,0.0
74,8,1789460351.911686,100.0,1,0,1.5456410256410256,1.552087912087912,-0.761,0.647,-0.113,0.0,0.0,-1.0
74,9,1789460351.921686,100.0,1,0,1.5456410256410256,1.552087912087912,-0.774,0.646,-0.11,0.0,0.0,0.0
74,10,1789460351.931686,100.0,1,0,1.5464468864468865,1.552087912087912,-0.782,0.643,-0.105,0.0,0.0,0.0
74,11,1789460351.941686,100.0,1,0,1.5464468864468865,1.552087912087912,-0.783,0.642,-0.102,0.0,-1.0,0.0
74,12,1789460351.951686,100.0,1,0,1.5448351648351648,1.5488644688644688,-0.784,0.641,-0.104,1.0,-1.0,1.0
74,13,1789460351.961686,100.0,1,0,1.5456410256410256,1.5512820512820513,-0.772,0.647,-0.107,1.0,-1.0,2.0
74,14,1789460351.971686,100.0,1,0,1.5456410256410256,1.5496703296703296,-0.76,0.652,-0.113,1.0,-1.0,2.0
74,15,1789460351.981686,100.0,1,0,1.5456410256410256,1.5496703296703296,-0.756,0.657,-0.115,1.0,0.0,0.0
74,16,1789460351.991686,100.0,1,0,1.5464468864468865,1.5464468864468865,-0.757,0.661,-0.112,0.0,0.0,0.0
74,17,1789460352.001686,100.0,1,0,1.5496703296703296,1.5464468864468865,-0.763,0.661,-0.109,0.0,1.0,0.0
74,18,1789460352.011686,100.0,1,0,1.5488644688644688,1.5464468864468865,-0.774,0.657,-0.109,0.0,0.0,0.0
74,19,1789460352.021686,100.0,1,0,1.5488644688644688,1.5464468864468865,-0.779,0.652,-0.107,0.0,0.0,0.0
74,20,1789460352.031686,100.0,1,0,1.5512820512820513,1.5456410256410256,-0.776,0.647,-0.105,0.0,0.0,0.0
74,21,1789460352.041686,100.0,1,0,1.5496703296703296,1.5456410256410256,-0.771,0.644,-0.108,0.0,0.0,0.0
74,22,1789460352.051686,100.0,1,0,1.552087912087912,1.5456410256410256,-0.766,0.648,-0.113,0.0,0.0,0.0
74,23,1789460352.061686,100.0,1,0,1.5512820512820513,1.5456410256410256,-0.768,0.65,-0.113,0.0,0.0,0.0
74,24,1789460352.071686,100.0,1,0,1.5496703296703296,1.5456410256410256,-0.768,0.649,-0.116,0.0,0.0,0.0
74,25,1789460352.081686,100.0,1,0,1.552087912087912,1.5456410256410256,-0.767,0.653,-0.115,0.0,0.0,0.0
74,26,1789460352.091686,100.0,1,0,1.548058608058608,1.5448351648351648,-0.773,0.653,-0.109,0.0,0.0,0.0
74,27,1789460352.101686,100.0,1,0,1.5496703296703296,1.5456410256410256,-0.773,0.655,-0.109,0.0,0.0,0.0
74,28,1789460352.111686,100.0,1,0,1.5504761904761906,1.5456410256410256,-0.768,0.652,-0.108,0.0,0.0,0.0
74,29,1789460352.121686,100.0,1,0,1.548058608058608,1.5464468864468865,-0.763,0.65,-0.108,0.0,0.0,0.0
74,30,1789460352.131686,100.0,1,0,1.5472527472527473,1.5456410256410256,-0.764,0.65,-0.112,0.0,0.0,0.0
74,31,1789460352.141686,100.0,1,0,1.5472527472527473,1.5456410256410256,-0.763,0.649,-0.11,0.0,0.0,0.0
74,32,1789460352.151686,100.0,1,0,1.548058608058608,1.5456410256410256,-0.765,0.649,-0.107,0.0,0.0,0.0
74,33,1789460352.161686,100.0,1,0,1.5472527472527473,1.5464468864468865,-0.769,0.648,-0.104,0.0,0.0,0.0
74,34,1789460352.171686,100.0,1,0,1.5472527472527473,1.548058608058608,-0.778,0.645,-0.103,0.0,0.0,0.0
74,35,1789460352.181686,100.0,1,0,1.5456410256410256,1.5464468864468865,-0.782,0.645,-0.107,0.0,0.0,0.0
74,36,1789460352.191686,100.0,1,0,1.5472527472527473,1.548058608058608,-0.781,0.645,-0.109,0.0,0.0,0.0
74,37,1789460352.201686,100.0,1,0,1.5472527472527473,1.5464468864468865,-0.781,0.645,-0.109,0.0,0.0,1.0
74,38,1789460352.211686,100.0,1,0,1.5464468864468865,1.5456410256410256,-0.781,0.645,-0.109,1.0,0.0,1.0
74,39,1789460352.221686,100.0,1,0,1.5496703296703296,1.5456410256410256,-0.762,0.65,-0.11,1.0,0.0,1.0
74,40,1789460352.231686,100.0,1,0,1.5488644688644688,1.5456410256410256,-0.757,0.654,-0.116,0.0,0.0,0.0
74,41,1789460352.241686,100.0,1,0,1.5512820512820513,1.5456410256410256,-0.758,0.656,-0.118,0.0,0.0,0.0
74,42,1789460352.251686,100.0,1,0,1.5488644688644688,1.5448351648351648,-0.761,0.659,-0.112,0.0,1.0,0.0
74,43,1789460352.261686,100.0,1,0,1.5504761904761906,1.5448351648351648,-0.765,0.66,-0.109,0.0,0.0,0.0
74,44,1789460352.271686,100.0,1,0,1.5512820512820513,1.5456410256410256,-0.767,0.66,-0.107,0.0,0.0,0.0
74,45,1789460352.281686,100.0,1,0,1.5512820512820513,1.5456410256410256,-0.766,0.657,-0.107,0.0,0.0,0.0
74,46,1789460352.291686,100.0,1,0,1.5512820512820513,1.5448351648351648,-0.764,0.654,-0.11,0.0,0.0,0.0
74,47,1789460352.301686,100.0,1,0,1.5512820512820513,1.5456410256410256,-0.765,0.654,-0.113,0.0,0.0,0.0
74,48,1789460352.311686,100.0,1,0,1.5512820512820513,1.5448351648351648,-0.77,0.652,-0.112,0.0,0.0,0.0
74,49,1789460352.321686,100.0,1,0,1.5512820512820513,1.5448351648351648,-0.772,0.649,-0.113,0.0,0.0,0.0
74,50,1789460352.331686,100.0,1,0,1.552087912087912,1.5448351648351648,-0.773,0.647,-0.11,0.0,0.0,0.0
74,51,1789460352.341686,100.0,1,0,1.552087912087912,1.5448351648351648,-0.771,0.648,-0.11,0.0,0.0,0.0
74,52,1789460352.351686,100.0,1,0,1.5496703296703296,1.544029304029304,-0.77,0.649,-0.111,0.0,0.0,0.0
74,53,1789460352.361686,100.0,1,0,1.5512820512820513,1.544029304029304,-0.768,0.651,-0.108,0.0,0.0,0.0
74,54,1789460352.371686,100.0,1,0,1.552087912087912,1.5456410256410256,-0.77,0.651,-0.108,0.0,0.0,0.0
74,55,1789460352.381686,100.0,1,0,1.552087912087912,1.5448351648351648,-0.77,0.652,-0.113,0.0,0.0,0.0
74,56,1789460352.391686,100.0,1,0,1.5512820512820513,1.5456410256410256,-0.768,0.65,-0.115,-1.0,0.0,0.0
74,57,1789460352.401686,100.0,1,0,1.552087912087912,1.5456410256410256,-0.765,0.647,-0.108,-1.0,0.0,0.0
74,58,1789460352.411686,100.0,1,0,1.552087912087912,1.5456410256410256,-0.768,0.644,-0.103,0.0,0.0,0.0
74,59,1789460352.421686,100.0,1,0,1.5512820512820513,1.5464468864468865,-0.779,0.64,-0.104,0.0,0.0,0.0
74,60,1789460352.431686,100.0,1,0,1.5496703296703296,1.5456410256410256,-0.778,0.635,-0.1,0.0,0.0,0.0
74,61,1789460352.441686,100.0,1,0,1.552087912087912,1.5464468864468865,-0.78,0.636,-0.102,1.0,0.0,0.0
74,62,1789460352.451686,100.0,1,0,1.552087912087912,1.5464468864468865,-0.78,0.64,-0.112,1.0,-1.0,1.0
74,63,1789460352.461686,100.0,1,0,1.552087912087912,1.5464468864468865,-0.775,0.645,-0.115,1.0,-1.0,1.0
74,64,1789460352.471686,100.0,1,0,1.5528937728937728,1.5472527472527473,-0.767,0.652,-0.114,1.0,-1.0,1.0
74,65,1789460352.481686,100.0,1,0,1.5528937728937728,1.5456410256410256,-0.76,0.66,-0.114,0.0,0.0,1.0
74,66,1789460352.491686,100.0,1,0,1.5528937728937728,1.5464468864468865,-0.76,0.66,-0.113,0.0,0.0,0.0
74,67,1789460352.501686,100.0,1,0,1.5528937728937728,1.5464468864468865,-0.763,0.662,-0.11,0.0,0.0,0.0
74,68,1789460352.511686,100.0,1,0,1.5528937728937728,1.5464468864468865,-0.765,0.659,-0.107,0.0,0.0,0.0
74,69,1789460352.521686,100.0,1,0,1.5528937728937728,1.5472527472527473,-0.77,0.655,-0.108,0.0,0.0,0.0
74,70,1789460352.531686,100.0,1,0,1.5528937728937728,1.5464468864468865,-0.77,0.647,-0.11,0.0,0.0,0.0
74,71,1789460352.541686,100.0,1,0,1.5536996336996336,1.5464468864468865,-0.77,0.644,-0.113,0.0,0.0,0.0
74,72,1789460352.551686,100.0,1,0,1.5528937728937728,1.5464468864468865,-0.775,0.644,-0.113,0.0,0.0,0.0
74,73,1789460352.561686,100.0,1,0,1.5528937728937728,1.548058608058608,-0.777,0.646,-0.113,0.0,0.0,0.0
74,74,1789460352.571686,100.0,1,0,1.5528937728937728,1.5472527472527473,-0.774,0.647,-0.111,0.0,0.0,0.0
74,75,1789460352.581686,100.0,1,0,1.552087912087912,1.5464468864468865,-0.77,0.652,-0.111,0.0,0.0,0.0
74,76,1789460352.591686,100.0,1,0,1.5528937728937728,1.5472527472527473,-0.765,0.658,-0.109,0.0,0.0,0.0
74,77,1789460352.601686,100.0,1,0,1.552087912087912,1.548058608058608,-0.762,0.659,-0.112,0.0,0.0,0.0
74,78,1789460352.611686,100.0,1,0,1.5528937728937728,1.5472527472527473,-0.76,0.66,-0.113,0.0,0.0,0.0
74,79,1789460352.621686,100.0,1,0,1.552087912087912,1.5488644688644688,-0.761,0.659,-0.112,0.0,0.0,0.0
74,80,1789460352.631686,100.0,1,0,1.5512820512820513,1.5504761904761906,-0.765,0.653,-0.112,-1.0,0.0,0.0
74,81,1789460352.641686,100.0,1,0,1.5512820512820513,1.5496703296703296,-0.767,0.652,-0.108,0.0,0.0,0.0
74,82,1789460352.651686,100.0,1,0,1.5496703296703296,1.5504761904761906,-0.771,0.649,-0.112,0.0,0.0,0.0
74,83,1789460352.661686,100.0,1,0,1.5488644688644688,1.552087912087912,-0.77,0.646,-0.112,0.0,0.0,0.0
74,84,1789460352.671686,100.0,1,0,1.548058608058608,1.5504761904761906,-0.769,0.645,-0.11,0.0,0.0,0.0
74,85,1789460352.681686,100.0,1,0,1.5488644688644688,1.552087912087912,-0.767,0.647,-0.11,0.0,0.0,0.0
74,86,1789460352.691686,100.0,1,0,1.5496703296703296,1.5512820512820513,-0.767,0.646,-0.109,0.0,0.0,0.0
74,87,1789460352.701686,100.0,1,0,1.5464468864468865,1.552087912087912,-0.77,0.649,-0.108,0.0,0.0,0.0
74,88,1789460352.711686,100.0,1,0,1.548058608058608,1.5504761904761906,-0.771,0.652,-0.11,0.0,0.0,1.0
74,89,1789460352.721686,100.0,1,0,1.5472527472527473,1.5512820512820513,-0.766,0.656,-0.11,0.0,0.0,1.0
74,90,1789460352.731686,100.0,1,0,1.5488644688644688,1.5512820512820513,-0.76,0.657,-0.11,0.0,0.0,1.0
74,91,1789460352.741686,100.0,1,0,1.5472527472527473,1.5528937728937728,-0.759,0.657,-0.114,0.0,0.0,0.0
74,92,1789460352.751686,100.0,1,0,1.548058608058608,1.5512820512820513,-0.76,0.659,-0.114,0.0,0.0,0.0
74,93,1789460352.761686,100.0,1,0,1.5488644688644688,1.552087912087912,-0.762,0.656,-0.111,0.0,0.0,0.0
74,94,1789460352.771686,100.0,1,0,1.5464468864468865,1.5512820512820513,-0.767,0.653,-0.109,0.0,0.0,0.0
74,95,1789460352.781686,100.0,1,0,1.5472527472527473,1.552087912087912,-0.773,0.652,-0.107,0.0,0.0,0.0
74,96,1789460352.791686,100.0,1,0,1.5456410256410256,1.5528937728937728,-0.774,0.65,-0.109,0.0,0.0,0.0
74,97,1789460352.801686,100.0,1,0,1.5464468864468865,1.552087912087912,-0.773,0.644,-0.111,0.0,0.0,0.0
74,98,1789460352.811686,100.0,1,0,1.5464468864468865,1.5528937728937728,-0.773,0.643,-0.107,0.0,0.0,0.0
74,99,1789460352.821686,100.0,1,0,1.5472527472527473,1.552087912087912,-0.772,0.643,-0.104,0.0,0.0,0.0
75,0,1789460352.852672,100.0,1,0,1.5456410256410256,1.5528937728937728,-0.774,0.646,-0.103,0.0,0.0,0.0
75,1,1789460352.862672,100.0,1,0,1.5472527472527473,1.552087912087912,-0.781,0.648,-0.108,1.0,0.0,0.0
75,2,1789460352.872672,100.0,1,0,1.5456410256410256,1.552087912087912,-0.778,0.653,-0.112,1.0,0.0,0.0
75,3,1789460352.882672,100.0,1,0,1.5496703296703296,1.552087912087912,-0.77,0.655,-0.108,1.0,0.0,1.0
75,4,1789460352.892672,100.0,1,0,1.5488644688644688,1.5512820512820513,-0.762,0.654,-0.112,1.0,0.0,1.0
75,5,1789460352.902672,100.0,1,0,1.5472527472527473,1.5504761904761906,-0.757,0.655,-0.118,1.0,0.0,1.0
75,6,1789460352.912672,100.0,1,0,1.5512820512820513,1.552087912087912,-0.756,0.654,-0.121,0.0,0.0,0.0
75,7,1789460352.922672,100.0,1,0,1.552087912087912,1.5496703296703296,-0.761,0.654,-0.117,0.0,0.0,0.0
75,8,1789460352.932672,100.0,1,0,1.5512820512820513,1.5464468864468865,-0.768,0.654,-0.113,0.0,0.0,0.0
75,9,1789460352.942672,100.0,1,0,1.5528937728937728,1.5472527472527473,-0.77,0.655,-0.113,0.0,0.0,0.0
75,10,1789460352.952672,100.0,1,0,1.5528937728937728,1.5464468864468865,-0.77,0.655,-0.113,0.0,0.0,0.0
75,11,1789460352.962672,100.0,1,0,1.5528937728937728,1.5448351648351648,-0.764,0.655,-0.116,0.0,0.0,0.0
75,12,1789460352.972672,100.0,1,0,1.5528937728937728,1.5456410256410256,-0.764,0.655,-0.116,0.0,0.0,0.0
75,13,1789460352.982672,100.0,1,0,1.5536996336996336,1.5448351648351648,-0.765,0.652,-0.114,0.0,0.0,0.0
75,14,1789460352.992672,100.0,1,0,1.5528937728937728,1.5448351648351648,-0.765,0.653,-0.115,0.0,0.0,0.0
75,15,1789460353.002672,100.0,1,0,1.5528937728937728,1.544029304029304,-0.765,0.654,-0.117,-1.0,0.0,0.0
75,16,1789460353.012672,100.0,1,0,1.5528937728937728,1.5448351648351648,-0.764,0.652,-0.117,-1.0,0.0,0.0
75,17,1789460353.022672,100.0,1,0,1.5528937728937728,1.544029304029304,-0.766,0.653,-0.115,-1.0,0.0,0.0
75,18,1789460353.032672,100.0,1,0,1.5528937728937728,1.5432234432234433,-0.77,0.652,-0.112,-1.0,0.0,0.0
75,19,1789460353.042672,100.0,1,0,1.5528937728937728,1.544029304029304,-0.768,0.651,-0.11,-1.0,0.0,0.0
75,20,1789460353.052672,100.0,1,0,1.5528937728937728,1.5432234432234433,-0.765,0.653,-0.109,-1.0,0.0,0.0
75,21,1789460353.062672,100.0,1,0,1.5528937728937728,1.544029304029304,-0.767,0.652,-0.11,0.0,0.0,0.0
75,22,1789460353.072672,100.0,1,0,1.5528937728937728,1.5448351648351648,-0.769,0.653,-0.113,-1.0,0.0,0.0
75,23,1789460353.082672,100.0,1,0,1.5528937728937728,1.5448351648351648,-0.768,0.652,-0.113,-2.0,0.0,0.0
75,24,1789460353.092672,100.0,1,0,1.5528937728937728,1.5448351648351648,-0.769,0.65,-0.105,-1.0,0.0,0.0
75,25,1789460353.102672,100.0,1,0,1.5528937728937728,1.5456410256410256,-0.776,0.649,-0.106,-1.0,0.0,0.0
75,26,1789460353.112672,100.0,1,0,1.5528937728937728,1.5456410256410256,-0.778,0.645,-0.105,-1.0,0.0,0.0
75,27,1789460353.122672,100.0,1,0,1.5528937728937728,1.5456410256410256,-0.771,0.647,-0.103,0.0,0.0,0.0
75,28,1789460353.132672,100.0,1,0,1.552087912087912,1.5464468864468865,-0.766,0.649,-0.109,0.0,0.0,0.0
75,29,1789460353.142672,100.0,1,0,1.552087912087912,1.5464468864468865,-0.762,0.649,-0.113,0.0,0.0,0.0
75,30,1789460353.152672,100.0,1,0,1.552087912087912,1.5488644688644688,-0.763,0.65,-0.114,0.0,0.0,0.0
75,31,1789460353.162672,100.0,1,0,1.5528937728937728,1.5456410256410256,-0.766,0.649,-0.111,0.0,0.0,0.0
75,32,1789460353.172672,100.0,1,0,1.552087912087912,1.5472527472527473,-0.77,0.647,-0.106,0.0,0.0,0.0
75,33,1789460353.182672,100.0,1,0,1.5528937728937728,1.548058608058608,-0.772,0.646,-0.105,1.0,0.0,0.0
75,34,1789460353.192672,100.0,1,0,1.5512820512820513,1.5464468864468865,-0.771,0.647,-0.105,1.0,0.0,0.0
75,35,1789460353.202672,100.0,1,0,1.552087912087912,1.5488644688644688,-0.769,0.648,-0.107,1.0,0.0,0.0
75,36,1789460353.212672,100.0,1,0,1.5528937728937728,1.5472527472527473,-0.768,0.649,-0.11,1.0,0.0,0.0
75,37,1789460353.222672,100.0,1,0,1.552087912087912,1.548058608058608,-0.766,0.651,-0.111,0.0,0.0,0.0
75,38,1789460353.232672,100.0,1,0,1.552087912087912,1.5472527472527473,-0.767,0.653,-0.11,0.0,0.0,0.0
75,39,1789460353.242672,100.0,1,0,1.552087912087912,1.548058608058608,-0.768,0.654,-0.111,0.0,0.0,0.0
75,40,1789460353.252672,100.0,1,0,1.5528937728937728,1.5488644688644688,-0.763,0.652,-0.108,0.0,0.0,0.0
75,41,1789460353.262672,100.0,1,0,1.552087912087912,1.5504761904761906,-0.765,0.651,-0.11,0.0,0.0,0.0
75,42,1789460353.272672,100.0,1,0,1.552087912087912,1.5464468864468865,-0.77,0.649,-0.11,0.0,0.0,0.0
75,43,1789460353.282672,100.0,1,0,1.552087912087912,1.5464468864468865,-0.77,0.651,-0.11,0.0,0.0,0.0
75,44,1789460353.292672,100.0,1,0,1.5528937728937728,1.5472527472527473,-0.775,0.654,-0.112,0.0,0.0,0.0
75,45,1789460353.302672,100.0,1,0,1.5528937728937728,1.5456410256410256,-0.771,0.657,-0.112,0.0,0.0,0.0
75,46,1789460353.312672,100.0,1,0,1.5528937728937728,1.5472527472527473,-0.769,0.659,-0.11,0.0,0.0,0.0
75,47,1789460353.322672,100.0,1,0,1.5528937728937728,1.5488644688644688,-0.764,0.656,-0.107,0.0,0.0,0.0
75,48,1789460353.332672,100.0,1,0,1.552087912087912,1.5504761904761906,-0.76,0.656,-0.112,0.0,0.0,0.0
75,49,1789460353.342672,100.0,1,0,1.5528937728937728,1.5512820512820513,-0.761,0.653,-0.112,-1.0,0.0,0.0
75,50,1789460353.352672,100.0,1,0,1.5512820512820513,1.5512820512820513,-0.767,0.655,-0.109,-1.0,0.0,0.0
75,51,1789460353.362672,100.0,1,0,1.5528937728937728,1.5512820512820513,-0.772,0.65,-0.108,-1.0,0.0,0.0
75,52,1789460353.372672,100.0,1,0,1.552087912087912,1.552087912087912,-0.771,0.647,-0.106,0.0,0.0,0.0
75,53,1789460353.382672,100.0,1,0,1.5528937728937728,1.5512820512820513,-0.773,0.645,-0.108,0.0,0.0,0.0
75,54,1789460353.392672,100.0,1,0,1.5496703296703296,1.552087912087912,-0.77,0.647,-0.108,0.0,0.0,0.0
75,55,1789460353.402672,100.0,1,0,1.552087912087912,1.552087912087912,-0.767,0.648,-0.107,0.0,0.0,0.0
75,56,1789460353.412672,100.0,1,0,1.5512820512820513,1.5504761904761906,-0.766,0.65,-0.109,0.0,0.0,0.0
75,57,1789460353.422672,100.0,1,0,1.5528937728937728,1.5488644688644688,-0.763,0.653,-0.111,0.0,0.0,0.0
75,58,1789460353.432672,100.0,1,0,1.552087912087912,1.5512820512820513,-0.763,0.655,-0.111,0.0,0.0,0.0
75,59,1789460353.442672,100.0,1,0,1.552087912087912,1.5496703296703296,-0.763,0.654,-0.111,0.0,0.0,0.0
75,60,1789460353.452672,100.0,1,0,1.5512820512820513,1.5504761904761906,-0.768,0.653,-0.108,0.0,0.0,0.0
75,61,1789460353.462672,100.0,1,0,1.5504761904761906,1.5504761904761906,-0.768,0.652,-0.108,0.0,0.0,0.0
75,62,1789460353.472672,100.0,1,0,1.5496703296703296,1.552087912087912,-0.768,0.651,-0.107,0.0,0.0,0.0
75,63,1789460353.482672,100.0,1,0,1.5512820512820513,1.5512820512820513,-0.77,0.65,-0.107,0.0,0.0,0.0
75,64,1789460353.492672,100.0,1,0,1.5504761904761906,1.552087912087912,-0.774,0.651,-0.107,0.0,0.0,0.0
75,65,1789460353.502672,100.0,1,0,1.5512820512820513,1.552087912087912,-0.771,0.65,-0.109,0.0,0.0,0.0
75,66,1789460353.512672,100.0,1,0,1.5488644688644688,1.552087912087912,-0.767,0.65,-0.109,0.0,0.0,0.0
75,67,1789460353.522672,100.0,1,0,1.5512820512820513,1.552087912087912,-0.76,0.65,-0.105,0.0,0.0,0.0
75,68,1789460353.532672,100.0,1,0,1.5488644688644688,1.5512820512820513,-0.761,0.649,-0.107,0.0,0.0,0.0
75,69,1789460353.542672,100.0,1,0,1.5496703296703296,1.552087912087912,-0.769,0.647,-0.113,0.0,0.0,0.0
75,70,1789460353.552672,100.0,1,0,1.5496703296703296,1.552087912087912,-0.774,0.647,-0.111,0.0,0.0,0.0
75,71,1789460353.562672,100.0,1,0,1.5512820512820513,1.552087912087912,-0.775,0.65,-0.105,0.0,0.0,0.0
75,72,1789460353.572672,100.0,1,0,1.5504761904761906,1.552087912087912,-0.774,0.652,-0.108,0.0,0.0,1.0
75,73,1789460353.582672,100.0,1,0,1.552087912087912,1.5512820512820513,-0.768,0.654,-0.114,0.0,0.0,1.0
75,74,1789460353.592672,100.0,1,0,1.5504761904761906,1.552087912087912,-0.761,0.655,-0.118,0.0,0.0,0.0
75,75,1789460353.602672,100.0,1,0,1.5512820512820513,1.5488644688644688,-0.759,0.656,-0.117,0.0,0.0,0.0
75,76,1789460353.612672,100.0,1,0,1.5512820512820513,1.552087912087912,-0.757,0.661,-0.114,0.0,0.0,0.0
75,77,1789460353.622672,100.0,1,0,1.552087912087912,1.5512820512820513,-0.761,0.663,-0.112,0.0,0.0,0.0
75,78,1789460353.632672,100.0,1,0,1.552087912087912,1.5496703296703296,-0.767,0.662,-0.112,0.0,0.0,0.0
75,79,1789460353.642672,100.0,1,0,1.552087912087912,1.5496703296703296,-0.768,0.658,-0.11,0.0,0.0,0.0
75,80,1789460353.652672,100.0,1,0,1.5504761904761906,1.5512820512820513,-0.766,0.655,-0.11,0.0,0.0,0.0
75,81,1789460353.662672,100.0,1,0,1.552087912087912,1.5512820512820513,-0.766,0.65,-0.11,0.0,0.0,0.0
75,82,1789460353.672672,100.0,1,0,1.5512820512820513,1.5488644688644688,-0.766,0.646,-0.108,0.0,0.0,0.0
75,83,1789460353.682672,100.0,1,0,1.5512820512820513,1.5496703296703296,-0.766,0.646,-0.108,0.0,0.0,0.0
75,84,1789460353.692672,100.0,1,0,1.552087912087912,1.5512820512820513,-0.766,0.646,-0.108,0.0,0.0,0.0
75,85,1789460353.702672,100.0,1,0,1.552087912087912,1.548058608058608,-0.774,0.646,-0.11,0.0,0.0,0.0
75,86,1789460353.712672,100.0,1,0,1.552087912087912,1.5496703296703296,-0.773,0.649,-0.111,0.0,0.0,0.0
75,87,1789460353.722672,100.0,1,0,1.552087912087912,1.5464468864468865,-0.771,0.651,-0.109,0.0,0.0,0.0
75,88,1789460353.732672,100.0,1,0,1.552087912087912,1.5472527472527473,-0.769,0.652,-0.108,0.0,0.0,0.0
75,89,1789460353.742672,100.0,1,0,1.5528937728937728,1.5464468864468865,-0.766,0.65,-0.11,0.0,0.0,0.0
75,90,1789460353.752672,100.0,1,0,1.5528937728937728,1.5464468864468865,-0.765,0.648,-0.114,0.0,0.0,0.0
75,91,1789460353.762672,100.0,1,0,1.5528937728937728,1.5456410256410256,-0.763,0.647,-0.114,0.0,0.0,0.0
75,92,1789460353.772672,100.0,1,0,1.5528937728937728,1.5456410256410256,-0.769,0.648,-0.113,0.0,0.0,0.0
75,93,1789460353.782672,100.0,1,0,1.5528937728937728,1.5456410256410256,-0.777,0.648,-0.111,0.0,0.0,0.0
75,94,1789460353.792672,100.0,1,0,1.552087912087912,1.5456410256410256,-0.777,0.648,-0.105,0.0,0.0,0.0
75,95,1789460353.802672,100.0,1,0,1.5528937728937728,1.5448351648351648,-0.773,0.648,-0.101,0.0,-1.0,0.0
75,96,1789460353.812672,100.0,1,0,1.552087912087912,1.5464468864468865,-0.773,0.649,-0.106,0.0,-1.0,0.0
75,97,1789460353.822672,100.0,1,0,1.5512820512820513,1.5464468864468865,-0.772,0.648,-0.113,0.0,0.0,0.0
75,98,1789460353.832672,100.0,1,0,1.5528937728937728,1.5456410256410256,-0.77,0.648,-0.116,0.0,0.0,0.0
75,99,1789460353.842672,100.0,1,0,1.552087912087912,1.5464468864468865,-0.767,0.653,-0.116,0.0,0.0,0.0
76,0,1789460353.862358,100.0,1,0,1.552087912087912,1.5464468864468865,-0.762,0.656,-0.114,0.0,0.0,0.0
76,1,1789460353.872358,100.0,1,0,1.5512820512820513,1.5464468864468865,-0.761,0.662,-0.11,0.0,0.0,0.0
76,2,1789460353.882358,100.0,1,0,1.552087912087912,1.5488644688644688,-0.762,0.662,-0.109,0.0,0.0,0.0
76,3,1789460353.892358,100.0,1,0,1.5512820512820513,1.5504761904761906,-0.764,0.657,-0.11,-1.0,0.0,0.0
76,4,1789460353.902358,100.0,1,0,1.552087912087912,1.5512820512820513,-0.769,0.652,-0.109,-1.0,0.0,-1.0
76,5,1789460353.912358,100.0,1,0,1.5512820512820513,1.5512820512820513,-0.769,0.652,-0.109,-1.0,0.0,-1.0
76,6,1789460353.922358,100.0,1,0,1.5496703296703296,1.552087912087912,-0.772,0.649,-0.109,-1.0,0.0,0.0
76,7,1789460353.932358,100.0,1,0,1.5504761904761906,1.5528937728937728,-0.776,0.651,-0.108,0.0,0.0,0.0
76,8,1789460353.942358,100.0,1,0,1.5496703296703296,1.552087912087912,-0.771,0.65,-0.109,0.0,-1.0,0.0
76,9,1789460353.952358,100.0,1,0,1.5488644688644688,1.552087912087912,-0.767,0.649,-0.11,0.0,-1.0,0.0
76,10,1789460353.962358,100.0,1,0,1.5504761904761906,1.552087912087912,-0.76,0.649,-0.112,0.0,0.0,0.0
76,11,1789460353.972358,100.0,1,0,1.5504761904761906,1.552087912087912,-0.756,0.652,-0.111,0.0,0.0,0.0
76,12,1789460353.982358,100.0,1,0,1.5512820512820513,1.552087912087912,-0.76,0.651,-0.107,0.0,0.0,0.0
76,13,1789460353.992358,100.0,1,0,1.5512820512820513,1.5512820512820513,-0.767,0.649,-0.11,0.0,0.0,0.0
76,14,1789460354.002358,100.0,1,0,1.552087912087912,1.552087912087912,-0.773,0.648,-0.109,0.0,0.0,0.0
76,15,1789460354.012358,100.0,1,0,1.5496703296703296,1.552087912087912,-0.78,0.647,-0.103,0.0,0.0,0.0
76,16,1789460354.022358,100.0,1,0,1.5512820512820513,1.552087912087912,-0.777,0.645,-0.1,0.0,0.0,0.0
76,17,1789460354.032358,100.0,1,0,1.552087912087912,1.5512820512820513,-0.772,0.647,-0.103,1.0,-1.0,1.0
76,18,1789460354.042358,100.0,1,0,1.5528937728937728,1.5512820512820513,-0.763,0.646,-0.11,1.0,-1.0,1.0
76,19,1789460354.052358,100.0,1,0,1.552087912087912,1.5496703296703296,-0.758,0.653,-0.114,1.0,0.0,1.0
76,20,1789460354.062358,100.0,1,0,1.5528937728937728,1.5488644688644688,-0.754,0.66,-0.113,1.0,0.0,0.0
76,21,1789460354.072358,100.0,1,0,1.5536996336996336,1.5472527472527473,-0.756,0.664,-0.114,1.0,0.0,0.0
76,22,1789460354.082358,100.0,1,0,1.5528937728937728,1.5464468864468865,-0.763,0.666,-0.111,0.0,0.0,0.0
76,23,1789460354.092358,100.0,1,0,1.5528937728937728,1.5464468864468865,-0.771,0.666,-0.108,0.0,0.0,-1.0
76,24,1789460354.102358,100.0,1,0,1.5528937728937728,1.5464468864468865,-0.776,0.66,-0.109,0.0,0.0,0.0
76,25,1789460354.112358,100.0,1,0,1.5536996336996336,1.5472527472527473,-0.779,0.652,-0.109,0.0,0.0,0.0
76,26,1789460354.122358,100.0,1,0,1.5528937728937728,1.5472527472527473,-0.777,0.648,-0.109,0.0,0.0,0.0
76,27,1789460354.132358,100.0,1,0,1.5536996336996336,1.5504761904761906,-0.774,0.648,-0.108,0.0,0.0,0.0
76,28,1789460354.142358,100.0,1,0,1.552087912087912,1.5472527472527473,-0.768,0.648,-0.109,0.0,0.0,0.0
76,29,1789460354.152358,100.0,1,0,1.5528937728937728,1.5504761904761906,-0.765,0.65,-0.107,0.0,0.0,0.0
76,30,1789460354.162358,100.0,1,0,1.5528937728937728,1.552087912087912,-0.765,0.649,-0.109,0.0,0.0,0.0
76,31,1789460354.172358,100.0,1,0,1.552087912087912,1.5512820512820513,-0.768,0.645,-0.111,0.0,0.0,0.0
76,32,1789460354.182358,100.0,1,0,1.5512820512820513,1.5512820512820513,-0.772,0.64,-0.108,0.0,0.0,0.0
76,33,1789460354.192358,100.0,1,0,1.552087912087912,1.552087912087912,-0.775,0.637,-0.103,0.0,0.0,0.0
76,34,1789460354.202358,100.0,1,0,1.548058608058608,1.5528937728937728,-0.772,0.636,-0.101,0.0,0.0,0.0
76,35,1789460354.212358,100.0,1,0,1.5472527472527473,1.5528937728937728,-0.775,0.643,-0.107,1.0,-1.0,0.0
76,36,1789460354.222358,100.0,1,0,1.5464468864468865,1.5528937728937728,-0.777,0.653,-0.112,0.0,-1.0,1.0
76,37,1789460354.232358,100.0,1,0,1.548058608058608,1.5528937728937728,-0.77,0.661,-0.109,0.0,0.0,1.0
76,38,1789460354.242358,100.0,1,0,1.5472527472527473,1.5528937728937728,-0.763,0.668,-0.107,0.0,0.0,1.0
76,39,1789460354.252358,100.0,1,0,1.5472527472527473,1.552087912087912,-0.757,0.666,-0.113,0.0,0.0,0.0
76,40,1789460354.262358,100.0,1,0,1.5464468864468865,1.5528937728937728,-0.755,0.66,-0.114,-1.0,0.0,0.0
76,41,1789460354.272358,100.0,1,0,1.5496703296703296,1.5528937728937728,-0.759,0.656,-0.112,-1.0,0.0,0.0
76,42,1789460354.282358,100.0,1,0,1.5512820512820513,1.5536996336996336,-0.764,0.653,-0.111,0.0,0.0,0.0
76,43,1789460354.292358,100.0,1,0,1.5504761904761906,1.5528937728937728,-0.769,0.656,-0.11,0.0,0.0,0.0
76,44,1789460354.302358,100.0,1,0,1.5488644688644688,1.5528937728937728,-0.77,0.659,-0.109,0.0,0.0,0.0
76,45,1789460354.312358,100.0,1,0,1.5512820512820513,1.5536996336996336,-0.767,0.662,-0.107,0.0,0.0,0.0
76,46,1789460354.322358,100.0,1,0,1.5496703296703296,1.5528937728937728,-0.768,0.663,-0.107,0.0,0.0,0.0
76,47,1789460354.332358,100.0,1,0,1.5472527472527473,1.5536996336996336,-0.767,0.66,-0.107,-1.0,0.0,0.0
76,48,1789460354.342358,100.0,1,0,1.5496703296703296,1.5536996336996336,-0.763,0.653,-0.107,-1.0,0.0,0.0
76,49,1789460354.352358,100.0,1,0,1.5472527472527473,1.5536996336996336,-0.764,0.646,-0.11,0.0,0.0,-1.0
76,50,1789460354.362358,100.0,1,0,1.5464468864468865,1.5528937728937728,-0.768,0.641,-0.113,0.0,0.0,-1.0
76,51,1789460354.372358,100.0,1,0,1.5464468864468865,1.5545054945054946,-0.77,0.639,-0.112,0.0,0.0,0.0
76,52,1789460354.382358,100.0,1,0,1.5456410256410256,1.5528937728937728,-0.778,0.641,-0.108,0.0,0.0,0.0
76,53,1789460354.392358,100.0,1,0,1.5456410256410256,1.5536996336996336,-0.779,0.645,-0.106,1.0,0.0,0.0
76,54,1789460354.402358,100.0,1,0,1.5456410256410256,1.5528937728937728,-0.776,0.648,-0.108,1.0,-1.0,0.0
76,55,1789460354.412358,100.0,1,0,1.5456410256410256,1.5528937728937728,-0.772,0.652,-0.113,0.0,-1.0,0.0
76,56,1789460354.422358,100.0,1,0,1.5464468864468865,1.5536996336996336,-0.772,0.652,-0.113,0.0,0.0,0.0
76,57,1789460354.432358,100.0,1,0,1.5456410256410256,1.5536996336996336,-0.766,0.653,-0.109,0.0,0.0,0.0
76,58,1789460354.442358,100.0,1,0,1.5448351648351648,1.5536996336996336,-0.763,0.652,-0.106,0.0,0.0,0.0
76,59,1789460354.452358,100.0,1,0,1.5456410256410256,1.5545054945054946,-0.761,0.652,-0.11,0.0,0.0,0.0
76,60,1789460354.462358,100.0,1,0,1.5456410256410256,1.5536996336996336,-0.763,0.65,-0.11,0.0,0.0,0.0
76,61,1789460354.472358,100.0,1,0,1.5456410256410256,1.5536996336996336,-0.768,0.651,-0.104,0.0,0.0,0.0
76,62,1789460354.482358,100.0,1,0,1.5456410256410256,1.5536996336996336,-0.776,0.653,-0.105,0.0,0.0,0.0
76,63,1789460354.492358,100.0,1,0,1.5456410256410256,1.5545054945054946,-0.779,0.648,-0.11,0.0,0.0,0.0
76,64,1789460354.502358,100.0,1,0,1.5448351648351648,1.5536996336996336,-0.778,0.645,-0.109,0.0,0.0,0.0
76,65,1789460354.512358,100.0,1,0,1.5456410256410256,1.5545054945054946,-0.78,0.643,-0.11,1.0,-1.0,0.0
76,66,1789460354.522358,100.0,1,0,1.5456410256410256,1.5536996336996336,-0.777,0.646,-0.107,1.0,-1.0,0.0
76,67,1789460354.532358,100.0,1,0,1.5456410256410256,1.5536996336996336,-0.768,0.647,-0.108,1.0,-1.0,1.0
76,68,1789460354.542358,100.0,1,0,1.5464468864468865,1.5536996336996336,-0.763,0.652,-0.111,1.0,-1.0,1.0
76,69,1789460354.552358,100.0,1,0,1.5464468864468865,1.5536996336996336,-0.754,0.658,-0.111,0.0,0.0,0.0
76,70,1789460354.562358,100.0,1,0,1.5464468864468865,1.5545054945054946,-0.751,0.66,-0.112,0.0,0.0,0.0
76,71,1789460354.572358,100.0,1,0,1.5456410256410256,1.5553113553113553,-0.762,0.659,-0.113,-1.0,0.0,0.0
76,72,1789460354.582358,100.0,1,0,1.5456410256410256,1.5545054945054946,-0.767,0.655,-0.109,-1.0,0.0,0.0
76,73,1789460354.592358,100.0,1,0,1.5448351648351648,1.5545054945054946,-0.772,0.651,-0.104,-1.0,0.0,0.0
76,74,1789460354.602358,100.0,1,0,1.5448351648351648,1.556117216117216,-0.778,0.648,-0.105,0.0,0.0,0.0
76,75,1789460354.612358,100.0,1,0,1.5456410256410256,1.5553113553113553,-0.776,0.647,-0.108,0.0,0.0,0.0
76,76,1789460354.622358,100.0,1,0,1.5448351648351648,1.5545054945054946,-0.769,0.646,-0.108,0.0,0.0,0.0
76,77,1789460354.632358,100.0,1,0,1.5456410256410256,1.5553113553113553,-0.764,0.647,-0.108,0.0,0.0,0.0
76,78,1789460354.642358,100.0,1,0,1.5456410256410256,1.5553113553113553,-0.765,0.65,-0.112,0.0,0.0,0.0
76,79,1789460354.652358,100.0,1,0,1.5448351648351648,1.5553113553113553,-0.765,0.656,-0.112,0.0,0.0,0.0
76,80,1789460354.662358,100.0,1,0,1.5456410256410256,1.556117216117216,-0.761,0.658,-0.109,0.0,0.0,0.0
76,81,1789460354.672358,100.0,1,0,1.5448351648351648,1.5553113553113553,-0.765,0.655,-0.107,0.0,0.0,0.0
76,82,1789460354.682358,100.0,1,0,1.5448351648351648,1.5569230769230769,-0.769,0.654,-0.108,-1.0,0.0,0.0
76,83,1789460354.692358,100.0,1,0,1.5448351648351648,1.556117216117216,-0.772,0.652,-0.108,0.0,0.0,0.0
76,84,1789460354.702358,100.0,1,0,1.5448351648351648,1.556117216117216,-0.774,0.65,-0.106,0.0,0.0,0.0
76,85,1789460354.712358,100.0,1,0,1.5448351648351648,1.5553113553113553,-0.77,0.651,-0.103,0.0,0.0,0.0
76,86,1789460354.722358,100.0,1,0,1.5448351648351648,1.556117216117216,-0.77,0.649,-0.104,0.0,0.0,0.0
76,87,1789460354.732358,100.0,1,0,1.5448351648351648,1.556117216117216,-0.767,0.651,-0.108,0.0,0.0,0.0
76,88,1789460354.742358,100.0,1,0,1.5456410256410256,1.556117216117216,-0.765,0.651,-0.107,0.0,0.0,0.0
76,89,1789460354.752358,100.0,1,0,1.5448351648351648,1.556117216117216,-0.764,0.652,-0.107,0.0,0.0,0.0
76,90,1789460354.762358,100.0,1,0,1.544029304029304,1.5553113553113553,-0.766,0.647,-0.106,0.0,0.0,0.0
76,91,1789460354.772358,100.0,1,0,1.544029304029304,1.5553113553113553,-0.771,0.647,-0.11,0.0,0.0,0.0
76,92,1789460354.782358,100.0,1,0,1.5448351648351648,1.556117216117216,-0.776,0.65,-0.108,0.0,0.0,0.0
76,93,1789460354.792358,100.0,1,0,1.544029304029304,1.5536996336996336,-0.775,0.651,-0.101,0.0,0.0,0.0
76,94,1789460354.802358,100.0,1,0,1.544029304029304,1.5545054945054946,-0.775,0.653,-0.104,0.0,0.0,0.0
76,95,1789460354.812358,100.0,1,0,1.544029304029304,1.556117216117216,-0.768,0.655,-0.106,0.0,0.0,0.0
76,96,1789460354.822358,100.0,1,0,1.544029304029304,1.5553113553113553,-0.757,0.654,-0.107,0.0,0.0,0.0
76,97,1789460354.832358,100.0,1,0,1.544029304029304,1.5545054945054946,-0.752,0.65,-0.111,0.0,0.0,0.0
76,98,1789460354.842358,100.0,1,0,1.544029304029304,1.5545054945054946,-0.755,0.648,-0.111,0.0,0.0,0.0
76,99,1789460354.852358,100.0,1,0,1.5432234432234433,1.5545054945054946,-0.761,0.647,-0.105,0.0,1.0,-1.0
77,0,1789460354.830590,100.0,1,0,1.544029304029304,1.5545054945054946,-0.771,0.646,-0.101,0.0,1.0,0.0
77,1,1789460354.840590,100.0,1,0,1.5432234432234433,1.5545054945054946,-0.784,0.646,-0.1,0.0,0.0,0.0
77,2,1789460354.850590,100.0,1,0,1.5432234432234433,1.5545054945054946,-0.788,0.648,-0.104,0.0,0.0,0.0
77,3,1789460354.860590,100.0,1,0,1.544029304029304,1.5536996336996336,-0.786,0.648,-0.106,1.0,0.0,1.0
77,4,1789460354.870590,100.0,1,0,1.5448351648351648,1.5536996336996336,-0.776,0.654,-0.106,1.0,0.0,2.0
77,5,1789460354.880590,100.0,1,0,1.5448351648351648,1.5528937728937728,-0.763,0.658,-0.113,1.0,0.0,1.0
77,6,1789460354.890590,100.0,1,0,1.5456410256410256,1.5528937728937728,-0.752,0.66,-0.12,0.0,0.0,1.0
77,7,1789460354.900590,100.0,1,0,1.5456410256410256,1.5528937728937728,-0.747,0.66,-0.115,0.0,0.0,0.0
77,8,1789460354.910590,100.0,1,0,1.5464468864468865,1.5528937728937728,-0.75,0.659,-0.112,0.0,1.0,0.0
77,9,1789460354.920590,100.0,1,0,1.5464468864468865,1.5528937728937728,-0.76,0.659,-0.111,0.0,1.0,0.0
77,10,1789460354.930590,100.0,1,0,1.5472527472527473,1.552087912087912,-0.772,0.656,-0.106,0.0,1.0,0.0
77,11,1789460354.940590,100.0,1,0,1.5456410256410256,1.552087912087912,-0.778,0.656,-0.104,0.0,0.0,0.0
77,12,1789460354.950590,100.0,1,0,1.5472527472527473,1.552087912087912,-0.771,0.656,-0.106,0.0,0.0,0.0
77,13,1789460354.960590,100.0,1,0,1.5472527472527473,1.5512820512820513,-0.764,0.653,-0.112,0.0,0.0,0.0
77,14,1789460354.970590,100.0,1,0,1.5488644688644688,1.5496703296703296,-0.761,0.651,-0.113,0.0,0.0,0.0
77,15,1789460354.980590,100.0,1,0,1.5512820512820513,1.5504761904761906,-0.765,0.651,-0.116,0.0,0.0,0.0
77,16,1789460354.990590,100.0,1,0,1.5496703296703296,1.5464468864468865,-0.768,0.651,-0.115,0.0,0.0,0.0
77,17,1789460355.000590,100.0,1,0,1.552087912087912,1.5488644688644688,-0.772,0.655,-0.113,0.0,0.0,0.0
77,18,1789460355.010590,100.0,1,0,1.552087912087912,1.5472527472527473,-0.774,0.654,-0.111,0.0,0.0,0.0
77,19,1789460355.020590,100.0,1,0,1.5512820512820513,1.5456410256410256,-0.772,0.654,-0.11,0.0,0.0,0.0
77,20,1789460355.030590,100.0,1,0,1.5504761904761906,1.5456410256410256,-0.768,0.656,-0.11,0.0,0.0,0.0
77,21,1789460355.040590,100.0,1,0,1.5512820512820513,1.5448351648351648,-0.764,0.65,-0.115,0.0,0.0,0.0
77,22,1789460355.050590,100.0,1,0,1.552087912087912,1.5456410256410256,-0.763,0.652,-0.114,0.0,0.0,0.0
77,23,1789460355.060590,100.0,1,0,1.552087912087912,1.5456410256410256,-0.763,0.652,-0.105,0.0,0.0,0.0
77,24,1789460355.070590,100.0,1,0,1.5496703296703296,1.5464468864468865,-0.767,0.649,-0.11,0.0,0.0,0.0
77,25,1789460355.080590,100.0,1,0,1.5504761904761906,1.5472527472527473,-0.774,0.649,-0.107,0.0,0.0,0.0
77,26,1789460355.090590,100.0,1,0,1.5488644688644688,1.5464468864468865,-0.774,0.648,-0.103,0.0,0.0,0.0
77,27,1789460355.100590,100.0,1,0,1.5496703296703296,1.5464468864468865,-0.77,0.646,-0.106,0.0,0.0,0.0
77,28,1789460355.110590,100.0,1,0,1.5488644688644688,1.5456410256410256,-0.771,0.641,-0.114,0.0,0.0,0.0
77,29,1789460355.120590,100.0,1,0,1.5496703296703296,1.5456410256410256,-0.771,0.641,-0.114,0.0,0.0,0.0
77,30,1789460355.130590,100.0,1,0,1.5504761904761906,1.5448351648351648,-0.774,0.64,-0.117,0.0,0.0,0.0
77,31,1789460355.140590,100.0,1,0,1.5512820512820513,1.5448351648351648,-0.776,0.641,-0.113,0.0,0.0,0.0
77,32,1789460355.150590,100.0,1,0,1.5488644688644688,1.544029304029304,-0.776,0.645,-0.112,0.0,0.0,0.0
77,33,1789460355.160590,100.0,1,0,1.552087912087912,1.5448351648351648,-0.771,0.651,-0.11,0.0,0.0,0.0
77,34,1789460355.170590,100.0,1,0,1.5496703296703296,1.5448351648351648,-0.766,0.658,-0.11,0.0,0.0,0.0
77,35,1789460355.180590,100.0,1,0,1.5504761904761906,1.5448351648351648,-0.759,0.659,-0.11,0.0,0.0,0.0
77,36,1789460355.190590,100.0,1,0,1.5512820512820513,1.5456410256410256,-0.758,0.663,-0.112,0.0,0.0,0.0
77,37,1789460355.200590,100.0,1,0,1.5512820512820513,1.5456410256410256,-0.761,0.657,-0.11,0.0,0.0,0.0
77,38,1789460355.210590,100.0,1,0,1.552087912087912,1.5464468864468865,-0.766,0.652,-0.112,0.0,0.0,0.0
77,39,1789460355.220590,100.0,1,0,1.5496703296703296,1.5464468864468865,-0.772,0.649,-0.111,0.0,0.0,0.0
77,40,1789460355.230590,100.0,1,0,1.5504761904761906,1.5464468864468865,-0.778,0.645,-0.112,0.0,0.0,0.0
77,41,1789460355.240590,100.0,1,0,1.5512820512820513,1.5464468864468865,-0.775,0.644,-0.109,0.0,0.0,0.0
77,42,1789460355.250590,100.0,1,0,1.5512820512820513,1.5456410256410256,-0.773,0.644,-0.107,0.0,0.0,1.0
77,43,1789460355.260590,100.0,1,0,1.5504761904761906,1.5472527472527473,-0.769,0.646,-0.11,0.0,0.0,1.0
77,44,1789460355.270590,100.0,1,0,1.5488644688644688,1.5456410256410256,-0.762,0.647,-0.11,0.0,0.0,1.0
77,45,1789460355.280590,100.0,1,0,1.5512820512820513,1.5472527472527473,-0.757,0.649,-0.111,0.0,0.0,1.0
77,46,1789460355.290590,100.0,1,0,1.5512820512820513,1.5448351648351648,-0.761,0.654,-0.113,0.0,0.0,0.0
77,47,1789460355.300590,100.0,1,0,1.5504761904761906,1.5456410256410256,-0.766,0.656,-0.109,0.0,0.0,0.0
77,48,1789460355.310590,100.0,1,0,1.552087912087912,1.5464468864468865,-0.768,0.654,-0.107,0.0,0.0,0.0
77,49,1789460355.320590,100.0,1,0,1.5504761904761906,1.5448351648351648,-0.769,0.651,-0.105,0.0,0.0,0.0
77,50,1789460355.330590,100.0,1,0,1.5512820512820513,1.5456410256410256,-0.772,0.648,-0.109,0.0,0.0,1.0
77,51,1789460355.340590,100.0,1,0,1.552087912087912,1.5456410256410256,-0.774,0.646,-0.11,0.0,0.0,1.0
77,52,1789460355.350590,100.0,1,0,1.552087912087912,1.5448351648351648,-0.772,0.65,-0.11,1.0,0.0,1.0
77,53,1789460355.360590,100.0,1,0,1.552087912087912,1.5456410256410256,-0.765,0.654,-0.114,1.0,0.0,1.0
77,54,1789460355.370590,100.0,1,0,1.552087912087912,1.5456410256410256,-0.76,0.659,-0.114,1.0,0.0,1.0
77,55,1789460355.380590,100.0,1,0,1.5528937728937728,1.5448351648351648,-0.755,0.663,-0.115,0.0,0.0,0.0
77,56,1789460355.390590,100.0,1,0,1.552087912087912,1.5456410256410256,-0.758,0.665,-0.116,0.0,0.0,0.0
77,57,1789460355.400590,100.0,1,0,1.5528937728937728,1.5448351648351648,-0.764,0.663,-0.113,0.0,0.0,0.0
77,58,1789460355.410590,100.0,1,0,1.552087912087912,1.5456410256410256,-0.771,0.659,-0.113,-1.0,0.0,0.0
77,59,1789460355.420590,100.0,1,0,1.5528937728937728,1.5456410256410256,-0.777,0.659,-0.112,-1.0,0.0,0.0
77,60,1789460355.430590,100.0,1,0,1.5512820512820513,1.5456410256410256,-0.776,0.659,-0.109,-1.0,0.0,0.0
77,61,1789460355.440590,100.0,1,0,1.552087912087912,1.5472527472527473,-0.77,0.657,-0.106,0.0,0.0,0.0
77,62,1789460355.450590,100.0,1,0,1.552087912087912,1.5464468864468865,-0.76,0.656,-0.104,0.0,0.0,0.0
77,63,1789460355.460590,100.0,1,0,1.5512820512820513,1.5472527472527473,-0.755,0.654,-0.111,0.0,0.0,0.0
77,64,1789460355.470590,100.0,1,0,1.5488644688644688,1.5496703296703296,-0.758,0.649,-0.114,0.0,0.0,0.0
77,65,1789460355.480590,100.0,1,0,1.5472527472527473,1.5464468864468865,-0.758,0.645,-0.112,0.0,0.0,0.0
77,66,1789460355.490590,100.0,1,0,1.548058608058608,1.5464468864468865,-0.761,0.643,-0.105,0.0,0.0,0.0
77,67,1789460355.500590,100.0,1,0,1.5456410256410256,1.5488644688644688,-0.772,0.644,-0.104,0.0,0.0,0.0
77,68,1789460355.510590,100.0,1,0,1.5464468864468865,1.5488644688644688,-0.783,0.648,-0.109,0.0,0.0,0.0
77,69,1789460355.520590,100.0,1,0,1.5472527472527473,1.5488644688644688,-0.783,0.649,-0.103,0.0,0.0,0.0
77,70,1789460355.530590,100.0,1,0,1.5464468864468865,1.5488644688644688,-0.773,0.654,-0.105,0.0,0.0,1.0
77,71,1789460355.540590,100.0,1,0,1.5456410256410256,1.5472527472527473,-0.76,0.658,-0.114,0.0,0.0,1.0
77,72,1789460355.550590,100.0,1,0,1.5496703296703296,1.5464468864468865,-0.75,0.658,-0.122,0.0,0.0,0.0
77,73,1789460355.560590,100.0,1,0,1.5488644688644688,1.5456410256410256,-0.75,0.657,-0.121,0.0,0.0,0.0
77,74,1789460355.570590,100.0,1,0,1.5472527472527473,1.5456410256410256,-0.756,0.66,-0.113,-1.0,1.0,0.0
77,75,1789460355.580590,100.0,1,0,1.5496703296703296,1.5456410256410256,-0.768,0.66,-0.111,0.0,1.0,0.0
77,76,1789460355.590590,100.0,1,0,1.552087912087912,1.5456410256410256,-0.767,0.659,-0.107,0.0,0.0,0.0
77,77,1789460355.600590,100.0,1,0,1.5512820512820513,1.5448351648351648,-0.765,0.656,-0.105,0.0,0.0,0.0
77,78,1789460355.610590,100.0,1,0,1.5504761904761906,1.5456410256410256,-0.766,0.655,-0.11,0.0,0.0,0.0
77,79,1789460355.620590,100.0,1,0,1.5504761904761906,1.5456410256410256,-0.771,0.656,-0.111,0.0,0.0,0.0
77,80,1789460355.630590,100.0,1,0,1.5504761904761906,1.5456410256410256,-0.772,0.655,-0.109,0.0,0.0,0.0
77,81,1789460355.640590,100.0,1,0,1.5512820512820513,1.5456410256410256,-0.771,0.654,-0.109,0.0,0.0,0.0
77,82,1789460355.650590,100.0,1,0,1.5512820512820513,1.5456410256410256,-0.763,0.651,-0.111,0.0,0.0,0.0
77,83,1789460355.660590,100.0,1,0,1.552087912087912,1.5456410256410256,-0.758,0.649,-0.11,0.0,0.0,0.0
77,84,1789460355.670590,100.0,1,0,1.552087912087912,1.5448351648351648,-0.762,0.645,-0.114,0.0,0.0,-1.0
77,85,1789460355.680590,100.0,1,0,1.552087912087912,1.5448351648351648,-0.769,0.644,-0.11,0.0,0.0,0.0
77,86,1789460355.690590,100.0,1,0,1.552087912087912,1.544029304029304,-0.776,0.645,-0.105,0.0,0.0,0.0
77,87,1789460355.700590,100.0,1,0,1.5512820512820513,1.5448351648351648,-0.776,0.646,-0.109,0.0,0.0,0.0
77,88,1789460355.710590,100.0,1,0,1.552087912087912,1.544029304029304,-0.775,0.647,-0.113,0.0,0.0,0.0
77,89,1789460355.720590,100.0,1,0,1.5512820512820513,1.544029304029304,-0.769,0.649,-0.112,0.0,0.0,0.0
77,90,1789460355.730590,100.0,1,0,1.5512820512820513,1.544029304029304,-0.764,0.65,-0.113,0.0,0.0,0.0
77,91,1789460355.740590,100.0,1,0,1.5496703296703296,1.5448351648351648,-0.765,0.65,-0.109,0.0,0.0,0.0
77,92,1789460355.750590,100.0,1,0,1.5512820512820513,1.5448351648351648,-0.766,0.651,-0.101,0.0,0.0,0.0
77,93,1789460355.760590,100.0,1,0,1.552087912087912,1.5448351648351648,-0.766,0.653,-0.101,0.0,0.0,0.0
77,94,1789460355.770590,100.0,1,0,1.552087912087912,1.5448351648351648,-0.769,0.652,-0.107,0.0,0.0,0.0
77,95,1789460355.780590,100.0,1,0,1.5504761904761906,1.5456410256410256,-0.77,0.654,-0.113,0.0,0.0,0.0
77,96,1789460355.790590,100.0,1,0,1.552087912087912,1.5448351648351648,-0.769,0.655,-0.113,0.0,0.0,0.0
77,97,1789460355.800590,100.0,1,0,1.5512820512820513,1.5456410256410256,-0.768,0.652,-0.111,0.0,0.0,0.0
77,98,1789460355.810590,100.0,1,0,1.552087912087912,1.5456410256410256,-0.765,0.65,-0.113,0.0,0.0,0.0
77,99,1789460355.820590,100.0,1,0,1.552087912087912,1.5456410256410256,-0.767,0.649,-0.11,0.0,0.0,0.0
78,0,1789460355.848823,100.0,1,0,1.552087912087912,1.5448351648351648,-0.767,0.649,-0.109,0.0,0.0,0.0
78,1,1789460355.858823,100.0,1,0,1.552087912087912,1.5456410256410256,-0.769,0.652,-0.108,1.0,0.0,0.0
78,2,1789460355.868823,100.0,1,0,1.5512820512820513,1.5464468864468865,-0.767,0.656,-0.112,0.0,0.0,0.0
78,3,1789460355.878823,100.0,1,0,1.5512820512820513,1.5464468864468865,-0.767,0.656,-0.112,0.0,0.0,0.0
78,4,1789460355.888823,100.0,1,0,1.5512820512820513,1.5464468864468865,-0.762,0.661,-0.11,0.0,0.0,0.0
78,5,1789460355.898823,100.0,1,0,1.5496703296703296,1.5456410256410256,-0.762,0.661,-0.11,0.0,0.0,0.0
78,6,1789460355.908823,100.0,1,0,1.5512820512820513,1.5472527472527473,-0.761,0.659,-0.11,0.0,0.0,0.0
78,7,1789460355.918823,100.0,1,0,1.552087912087912,1.5456410256410256,-0.764,0.653,-0.113,0.0,0.0,0.0
78,8,1789460355.928823,100.0,1,0,1.5512820512820513,1.5472527472527473,-0.768,0.651,-0.112,0.0,0.0,0.0
78,9,1789460355.938823,100.0,1,0,1.5504761904761906,1.5456410256410256,-0.773,0.65,-0.109,0.0,0.0,0.0
78,10,1789460355.948822,100.0,1,0,1.5512820512820513,1.5464468864468865,-0.777,0.647,-0.108,0.0,0.0,0.0
78,11,1789460355.958822,100.0,1,0,1.5504761904761906,1.5448351648351648,-0.774,0.649,-0.111,0.0,0.0,0.0
78,12,1789460355.968823,100.0,1,0,1.5504761904761906,1.5456410256410256,-0.765,0.649,-0.113,0.0,0.0,0.0
78,13,1789460355.978823,100.0,1,0,1.552087912087912,1.5456410256410256,-0.763,0.647,-0.116,0.0,0.0,0.0
78,14,1789460355.988823,100.0,1,0,1.5512820512820513,1.5448351648351648,-0.765,0.647,-0.118,0.0,0.0,0.0
78,15,1789460355.998823,100.0,1,0,1.552087912087912,1.5448351648351648,-0.766,0.649,-0.112,0.0,0.0,0.0
78,16,1789460356.008823,100.0,1,0,1.5504761904761906,1.5448351648351648,-0.763,0.655,-0.112,0.0,0.0,0.0
78,17,1789460356.018823,100.0,1,0,1.5512820512820513,1.544029304029304,-0.763,0.658,-0.112,0.0,0.0,0.0
78,18,1789460356.028823,100.0,1,0,1.552087912087912,1.5448351648351648,-0.764,0.66,-0.11,0.0,0.0,0.0
78,19,1789460356.038823,100.0,1,0,1.5512820512820513,1.5456410256410256,-0.765,0.664,-0.112,0.0,0.0,0.0
78,20,1789460356.048823,100.0,1,0,1.5512820512820513,1.5448351648351648,-0.764,0.663,-0.108,0.0,0.0,0.0
78,21,1789460356.058823,100.0,1,0,1.552087912087912,1.5448351648351648,-0.762,0.66,-0.112,0.0,0.0,0.0
78,22,1789460356.068823,100.0,1,0,1.5512820512820513,1.5448351648351648,-0.764,0.656,-0.114,0.0,0.0,0.0
78,23,1789460356.078823,100.0,1,0,1.5488644688644688,1.5448351648351648,-0.767,0.654,-0.113,0.0,0.0,0.0
78,24,1789460356.088823,100.0,1,0,1.5512820512820513,1.5456410256410256,-0.767,0.652,-0.113,0.0,0.0,0.0
78,25,1789460356.098823,100.0,1,0,1.5512820512820513,1.5448351648351648,-0.77,0.651,-0.113,0.0,0.0,0.0
78,26,1789460356.108823,100.0,1,0,1.5504761904761906,1.5456410256410256,-0.772,0.65,-0.112,0.0,0.0,0.0
78,27,1789460356.118823,100.0,1,0,1.5488644688644688,1.5456410256410256,-0.77,0.652,-0.11,0.0,0.0,0.0
78,28,1789460356.128823,100.0,1,0,1.5504761904761906,1.5464468864468865,-0.768,0.652,-0.11,0.0,0.0,0.0
78,29,1789460356.138823,100.0,1,0,1.5512820512820513,1.5456410256410256,-0.765,0.65,-0.112,0.0,0.0,0.0
78,30,1789460356.148823,100.0,1,0,1.548058608058608,1.5448351648351648,-0.765,0.651,-0.112,0.0,0.0,0.0
78,31,1789460356.158823,100.0,1,0,1.5472527472527473,1.5448351648351648,-0.766,0.651,-0.114,0.0,0.0,0.0
78,32,1789460356.168823,100.0,1,0,1.5472527472527473,1.5464468864468865,-0.769,0.647,-0.115,0.0,0.0,0.0
78,33,1789460356.178823,100.0,1,0,1.5472527472527473,1.5456410256410256,-0.77,0.646,-0.111,0.0,0.0,0.0
78,34,1789460356.188823,100.0,1,0,1.5456410256410256,1.5472527472527473,-0.77,0.648,-0.105,0.0,0.0,0.0
78,35,1789460356.198822,100.0,1,0,1.5496703296703296,1.5456410256410256,-0.77,0.653,-0.105,0.0,0.0,0.0
78,36,1789460356.208822,100.0,1,0,1.5472527472527473,1.5464468864468865,-0.774,0.657,-0.113,0.0,0.0,0.0
78,37,1789460356.218823,100.0,1,0,1.5464468864468865,1.5488644688644688,-0.771,0.661,-0.114,0.0,0.0,0.0
78,38,1789460356.228823,100.0,1,0,1.5464468864468865,1.5464468864468865,-0.766,0.662,-0.114,0.0,0.0,0.0
78,39,1789460356.238823,100.0,1,0,1.5464468864468865,1.5472527472527473,-0.76,0.659,-0.116,0.0,0.0,0.0
78,40,1789460356.248823,100.0,1,0,1.5456410256410256,1.5488644688644688,-0.76,0.655,-0.116,-1.0,0.0,0.0
78,41,1789460356.258823,100.0,1,0,1.5456410256410256,1.5472527472527473,-0.764,0.652,-0.115,-1.0,0.0,0.0
78,42,1789460356.268823,100.0,1,0,1.5464468864468865,1.5472527472527473,-0.768,0.65,-0.113,0.0,0.0,0.0
78,43,1789460356.278823,100.0,1,0,1.5464468864468865,1.5472527472527473,-0.772,0.651,-0.11,0.0,0.0,0.0
78,44,1789460356.288823,100.0,1,0,1.5456410256410256,1.5496703296703296,-0.772,0.654,-0.108,0.0,0.0,0.0
78,45,1789460356.298823,100.0,1,0,1.5472527472527473,1.5496703296703296,-0.769,0.655,-0.108,0.0,0.0,0.0
78,46,1789460356.308823,100.0,1,0,1.5456410256410256,1.5496703296703296,-0.764,0.658,-0.112,0.0,0.0,0.0
78,47,1789460356.318823,100.0,1,0,1.5464468864468865,1.5512820512820513,-0.756,0.657,-0.112,0.0,0.0,0.0
78,48,1789460356.328823,100.0,1,0,1.5456410256410256,1.5496703296703296,-0.75,0.655,-0.117,0.0,0.0,0.0
78,49,1789460356.338823,100.0,1,0,1.5456410256410256,1.548058608058608,-0.752,0.653,-0.117,0.0,0.0,0.0
78,50,1789460356.348823,100.0,1,0,1.5472527472527473,1.5488644688644688,-0.762,0.65,-0.114,-1.0,1.0,-1.0
78,51,1789460356.358823,100.0,1,0,1.5464468864468865,1.5456410256410256,-0.773,0.646,-0.11,-1.0,1.0,-1.0
78,52,1789460356.368823,100.0,1,0,1.5464468864468865,1.5472527472527473,-0.782,0.644,-0.109,0.0,0.0,0.0
78,53,1789460356.378823,100.0,1,0,1.5472527472527473,1.5496703296703296,-0.784,0.642,-0.105,0.0,0.0,0.0
78,54,1789460356.388823,100.0,1,0,1.5456410256410256,1.548058608058608,-0.781,0.643,-0.106,1.0,0.0,1.0
78,55,1789460356.398823,100.0,1,0,1.5456410256410256,1.5488644688644688,-0.771,0.641,-0.108,1.0,-1.0,1.0
78,56,1789460356.408823,100.0,1,0,1.5456410256410256,1.5464468864468865,-0.763,0.642,-0.115,2.0,0.0,1.0
78,57,1789460356.418823,100.0,1,0,1.5456410256410256,1.5472527472527473,-0.762,0.647,-0.114,2.0,0.0,1.0
78,58,1789460356.428823,100.0,1,0,1.5488644688644688,1.5488644688644688,-0.768,0.654,-0.116,2.0,0.0,1.0
78,59,1789460356.438823,100.0,1,0,1.548058608058608,1.5464468864468865,-0.767,0.659,-0.114,1.0,0.0,1.0
78,60,1789460356.448822,100.0,1,0,1.5472527472527473,1.5488644688644688,-0.764,0.664,-0.108,1.0,0.0,1.0
78,61,1789460356.458822,100.0,1,0,1.5464468864468865,1.5464468864468865,-0.763,0.665,-0.111,0.0,0.0,0.0
78,62,1789460356.468823,100.0,1,0,1.5464468864468865,1.5464468864468865,-0.764,0.664,-0.115,0.0,0.0,0.0
78,63,1789460356.478823,100.0,1,0,1.5464468864468865,1.5456410256410256,-0.767,0.66,-0.121,-1.0,0.0,-1.0
78,64,1789460356.488823,100.0,1,0,1.5464468864468865,1.548058608058608,-0.767,0.657,-0.122,-1.0,0.0,-1.0
78,65,1789460356.498823,100.0,1,0,1.5472527472527473,1.548058608058608,-0.775,0.652,-0.115,-1.0,0.0,-1.0
78,66,1789460356.508823,100.0,1,0,1.5464468864468865,1.5488644688644688,-0.779,0.651,-0.111,0.0,0.0,0.0
78,67,1789460356.518823,100.0,1,0,1.5456410256410256,1.5496703296703296,-0.776,0.655,-0.11,0.0,0.0,0.0
78,68,1789460356.528823,100.0,1,0,1.5464468864468865,1.5504761904761906,-0.773,0.653,-0.11,0.0,-1.0,0.0
78,69,1789460356.538823,100.0,1,0,1.5456410256410256,1.552087912087912,-0.768,0.654,-0.111,0.0,-1.0,0.0
78,70,1789460356.548823,100.0,1,0,1.5448351648351648,1.5528937728937728,-0.762,0.658,-0.115,0.0,-1.0,0.0
78,71,1789460356.558823,100.0,1,0,1.5448351648351648,1.552087912087912,-0.757,0.657,-0.115,0.0,0.0,0.0
78,72,1789460356.568823,100.0,1,0,1.5448351648351648,1.5528937728937728,-0.755,0.657,-0.114,-1.0,0.0,0.0
78,73,1789460356.578823,100.0,1,0,1.544029304029304,1.5528937728937728,-0.757,0.655,-0.114,-1.0,0.0,0.0
78,74,1789460356.588823,100.0,1,0,1.5432234432234433,1.5528937728937728,-0.761,0.65,-0.115,-1.0,0.0,0.0
78,75,1789460356.598823,100.0,1,0,1.5432234432234433,1.5528937728937728,-0.761,0.65,-0.115,-1.0,0.0,0.0
78,76,1789460356.608823,100.0,1,0,1.5432234432234433,1.5536996336996336,-0.764,0.646,-0.11,-1.0,0.0,0.0
78,77,1789460356.618823,100.0,1,0,1.5432234432234433,1.552087912087912,-0.767,0.644,-0.11,0.0,0.0,0.0
78,78,1789460356.628823,100.0,1,0,1.5432234432234433,1.5528937728937728,-0.769,0.641,-0.112,0.0,0.0,0.0
78,79,1789460356.638823,100.0,1,0,1.5424175824175823,1.5528937728937728,-0.771,0.641,-0.114,0.0,0.0,0.0
78,80,1789460356.648823,100.0,1,0,1.5416117216117216,1.5528937728937728,-0.772,0.642,-0.11,0.0,0.0,0.0
78,81,1789460356.658823,100.0,1,0,1.5432234432234433,1.5528937728937728,-0.774,0.647,-0.109,0.0,0.0,0.0
78,82,1789460356.668823,100.0,1,0,1.5432234432234433,1.5528937728937728,-0.773,0.653,-0.111,0.0,-1.0,1.0
78,83,1789460356.678823,100.0,1,0,1.5424175824175823,1.5528937728937728,-0.767,0.653,-0.111,0.0,-1.0,1.0
78,84,1789460356.688823,100.0,1,0,1.5416117216117216,1.5536996336996336,-0.763,0.655,-0.109,0.0,0.0,0.0
78,85,1789460356.698822,100.0,1,0,1.5424175824175823,1.5536996336996336,-0.762,0.656,-0.111,0.0,0.0,0.0
78,86,1789460356.708822,100.0,1,0,1.5432234432234433,1.5528937728937728,-0.763,0.653,-0.109,0.0,0.0,0.0
78,87,1789460356.718823,100.0,1,0,1.5432234432234433,1.5528937728937728,-0.767,0.65,-0.108,1.0,0.0,0.0
78,88,1789460356.728823,100.0,1,0,1.5424175824175823,1.5528937728937728,-0.772,0.648,-0.109,2.0,0.0,0.0
78,89,1789460356.738823,100.0,1,0,1.5432234432234433,1.5536996336996336,-0.773,0.649,-0.112,2.0,0.0,0.0
78,90,1789460356.748823,100.0,1,0,1.544029304029304,1.5528937728937728,-0.77,0.652,-0.114,2.0,0.0,0.0
78,91,1789460356.758823,100.0,1,0,1.544029304029304,1.5528937728937728,-0.769,0.658,-0.117,1.0,0.0,0.0
78,92,1789460356.768823,100.0,1,0,1.5432234432234433,1.5528937728937728,-0.765,0.659,-0.118,0.0,0.0,0.0
78,93,1789460356.778823,100.0,1,0,1.544029304029304,1.5528937728937728,-0.765,0.66,-0.116,0.0,0.0,0.0
78,94,1789460356.788823,100.0,1,0,1.5432234432234433,1.5528937728937728,-0.769,0.659,-0.116,0.0,0.0,0.0
78,95,1789460356.798823,100.0,1,0,1.544029304029304,1.5528937728937728,-0.774,0.659,-0.114,0.0,0.0,0.0
78,96,1789460356.808823,100.0,1,0,1.544029304029304,1.5528937728937728,-0.776,0.656,-0.11,0.0,0.0,0.0
78,97,1789460356.818823,100.0,1,0,1.544029304029304,1.5528937728937728,-0.774,0.653,-0.109,0.0,0.0,0.0
78,98,1789460356.828823,100.0,1,0,1.544029304029304,1.5528937728937728,-0.769,0.65,-0.112,0.0,0.0,0.0
78,99,1789460356.838823,100.0,1,0,1.5424175824175823,1.5536996336996336,-0.765,0.65,-0.116,0.0,0.0,0.0
79,0,1789460356.919346,100.0,1,0,1.5432234432234433,1.5536996336996336,-0.763,0.65,-0.114,0.0,0.0,0.0
79,1,1789460356.929346,100.0,1,0,1.5432234432234433,1.5545054945054946,-0.761,0.649,-0.108,0.0,0.0,0.0
79,2,1789460356.939346,100.0,1,0,1.5424175824175823,1.5545054945054946,-0.765,0.65,-0.108,0.0,0.0,0.0
79,3,1789460356.949346,100.0,1,0,1.5424175824175823,1.5545054945054946,-0.768,0.649,-0.11,0.0,0.0,0.0
79,4,1789460356.959346,100.0,1,0,1.5424175824175823,1.5545054945054946,-0.771,0.647,-0.112,0.0,0.0,0.0
79,5,1789460356.969346,100.0,1,0,1.5408058608058608,1.5536996336996336,-0.774,0.648,-0.111,0.0,0.0,0.0
79,6,1789460356.979346,100.0,1,0,1.5416117216117216,1.5536996336996336,-0.772,0.648,-0.112,0.0,0.0,0.0
79,7,1789460356.989346,100.0,1,0,1.5424175824175823,1.5536996336996336,-0.766,0.648,-0.118,0.0,0.0,0.0
79,8,1789460356.999346,100.0,1,0,1.5416117216117216,1.5528937728937728,-0.767,0.652,-0.117,0.0,0.0,0.0
79,9,1789460357.009346,100.0,1,0,1.5432234432234433,1.5528937728937728,-0.762,0.658,-0.116,0.0,0.0,0.0
79,10,1789460357.019346,100.0,1,0,1.5432234432234433,1.5528937728937728,-0.758,0.661,-0.113,-1.0,0.0,0.0
79,11,1789460357.029346,100.0,1,0,1.544029304029304,1.552087912087912,-0.758,0.66,-0.113,-1.0,0.0,0.0
79,12,1789460357.039346,100.0,1,0,1.5432234432234433,1.5528937728937728,-0.762,0.66,-0.111,-1.0,0.0,0.0
79,13,1789460357.049346,100.0,1,0,1.544029304029304,1.552087912087912,-0.764,0.655,-0.108,-1.0,0.0,0.0
79,14,1789460357.059346,100.0,1,0,1.544029304029304,1.552087912087912,-0.765,0.646,-0.107,-1.0,0.0,0.0
79,15,1789460357.069346,100.0,1,0,1.544029304029304,1.5512820512820513,-0.768,0.642,-0.106,0.0,0.0,0.0
79,16,1789460357.079346,100.0,1,0,1.5448351648351648,1.5512820512820513,-0.774,0.64,-0.107,0.0,0.0,0.0
79,17,1789460357.089346,100.0,1,0,1.544029304029304,1.552087912087912,-0.776,0.641,-0.107,1.0,-1.0,0.0
79,18,1789460357.099346,100.0,1,0,1.5448351648351648,1.5512820512820513,-0.776,0.646,-0.11,2.0,-1.0,1.0
79,19,1789460357.109346,100.0,1,0,1.5448351648351648,1.548058608058608,-0.771,0.653,-0.114,1.0,-1.0,0.0
79,20,1789460357.119346,100.0,1,0,1.5448351648351648,1.5496703296703296,-0.767,0.659,-0.113,0.0,0.0,0.0
79,21,1789460357.129346,100.0,1,0,1.5456410256410256,1.5472527472527473,-0.764,0.662,-0.111,0.0,0.0,0.0
79,22,1789460357.139346,100.0,1,0,1.5464468864468865,1.5464468864468865,-0.764,0.662,-0.111,0.0,0.0,0.0
79,23,1789460357.149346,100.0,1,0,1.5464468864468865,1.5464468864468865,-0.763,0.659,-0.112,0.0,0.0,0.0
79,24,1789460357.159346,100.0,1,0,1.5464468864468865,1.5472527472527473,-0.765,0.654,-0.109,0.0,0.0,0.0
79,25,1789460357.169346,100.0,1,0,1.5496703296703296,1.5464468864468865,-0.77,0.654,-0.109,0.0,0.0,0.0
79,26,1789460357.179346,100.0,1,0,1.5488644688644688,1.5456410256410256,-0.776,0.654,-0.112,0.0,0.0,-1.0
79,27,1789460357.189346,100.0,1,0,1.5472527472527473,1.5472527472527473,-0.781,0.656,-0.107,0.0,0.0,-1.0
79,28,1789460357.199346,100.0,1,0,1.5472527472527473,1.5496703296703296,-0.78,0.659,-0.103,0.0,-1.0,0.0
79,29,1789460357.209346,100.0,1,0,1.5472527472527473,1.5504761904761906,-0.774,0.655,-0.11,0.0,-1.0,0.0
79,30,1789460357.219346,100.0,1,0,1.5464468864468865,1.548058608058608,-0.765,0.651,-0.114,0.0,0.0,0.0
79,31,1789460357.229346,100.0,1,0,1.5456410256410256,1.5496703296703296,-0.756,0.646,-0.114,0.0,0.0,-1.0
79,32,1789460357.239346,100.0,1,0,1.5488644688644688,1.5496703296703296,-0.759,0.644,-0.112,0.0,0.0,-1.0
79,33,1789460357.249346,100.0,1,0,1.5456410256410256,1.5472527472527473,-0.764,0.641,-0.111,0.0,0.0,-1.0
79,34,1789460357.259346,100.0,1,0,1.5456410256410256,1.5464468864468865,-0.771,0.642,-0.109,0.0,0.0,0.0
79,35,1789460357.269346,100.0,1,0,1.5464468864468865,1.548058608058608,-0.775,0.643,-0.105,0.0,0.0,0.0
79,36,1789460357.279346,100.0,1,0,1.5464468864468865,1.5472527472527473,-0.777,0.644,-0.106,0.0,0.0,0.0
79,37,1789460357.289346,100.0,1,0,1.5456410256410256,1.5472527472527473,-0.78,0.643,-0.108,0.0,0.0,0.0
79,38,1789460357.299346,100.0,1,0,1.5448351648351648,1.5464468864468865,-0.775,0.645,-0.107,0.0,0.0,0.0
79,39,1789460357.309346,100.0,1,0,1.5456410256410256,1.5456410256410256,-0.764,0.647,-0.11,0.0,0.0,0.0
79,40,1789460357.319346,100.0,1,0,1.5456410256410256,1.5456410256410256,-0.76,0.643,-0.111,0.0,0.0,0.0
79,41,1789460357.329346,100.0,1,0,1.5448351648351648,1.5464468864468865,-0.758,0.646,-0.112,0.0,0.0,0.0
79,42,1789460357.339346,100.0,1,0,1.5456410256410256,1.5456410256410256,-0.764,0.646,-0.114,0.0,0.0,0.0
79,43,1789460357.349346,100.0,1,0,1.5448351648351648,1.5456410256410256,-0.771,0.647,-0.11,0.0,0.0,0.0
79,44,1789460357.359346,100.0,1,0,1.5448351648351648,1.5448351648351648,-0.777,0.648,-0.104,0.0,0.0,0.0
79,45,1789460357.369346,100.0,1,0,1.5464468864468865,1.5456410256410256,-0.777,0.649,-0.108,0.0,0.0,1.0
79,46,1789460357.379346,100.0,1,0,1.5448351648351648,1.5456410256410256,-0.775,0.648,-0.108,0.0,0.0,1.0
79,47,1789460357.389346,100.0,1,0,1.5456410256410256,1.5456410256410256,-0.773,0.65,-0.105,0.0,0.0,1.0
79,48,1789460357.399346,100.0,1,0,1.5456410256410256,1.5456410256410256,-0.773,0.65,-0.105,0.0,0.0,1.0
79,49,1789460357.409346,100.0,1,0,1.5464468864468865,1.5456410256410256,-0.771,0.652,-0.111,0.0,0.0,1.0
79,50,1789460357.419346,100.0,1,0,1.5464468864468865,1.5448351648351648,-0.763,0.655,-0.111,0.0,0.0,0.0
79,51,1789460357.429346,100.0,1,0,1.5464468864468865,1.5448351648351648,-0.761,0.658,-0.112,0.0,0.0,0.0
79,52,1789460357.439346,100.0,1,0,1.5456410256410256,1.5448351648351648,-0.763,0.659,-0.112,0.0,0.0,0.0
79,53,1789460357.449346,100.0,1,0,1.5464468864468865,1.5448351648351648,-0.767,0.657,-0.11,0.0,0.0,0.0
79,54,1789460357.459346,100.0,1,0,1.5488644688644688,1.5448351648351648,-0.774,0.656,-0.107,0.0,0.0,0.0
79,55,1789460357.469346,100.0,1,0,1.5504761904761906,1.5448351648351648,-0.776,0.65,-0.105,0.0,0.0,0.0
79,56,1789460357.479346,100.0,1,0,1.5472527472527473,1.5456410256410256,-0.775,0.646,-0.106,0.0,0.0,0.0
79,57,1789460357.489346,100.0,1,0,1.5488644688644688,1.544029304029304,-0.77,0.645,-0.109,0.0,0.0,0.0
79,58,1789460357.499346,100.0,1,0,1.5512820512820513,1.544029304029304,-0.769,0.647,-0.11,1.0,0.0,0.0
79,59,1789460357.509346,100.0,1,0,1.5512820512820513,1.5448351648351648,-0.766,0.65,-0.114,1.0,0.0,0.0
79,60,1789460357.519346,100.0,1,0,1.5512820512820513,1.544029304029304,-0.765,0.654,-0.111,1.0,0.0,0.0
79,61,1789460357.529346,100.0,1,0,1.552087912087912,1.544029304029304,-0.762,0.657,-0.11,1.0,0.0,0.0
79,62,1789460357.539346,100.0,1,0,1.552087912087912,1.5432234432234433,-0.762,0.654,-0.112,0.0,0.0,0.0
79,63,1789460357.549346,100.0,1,0,1.552087912087912,1.5432234432234433,-0.764,0.652,-0.115,0.0,0.0,0.0
79,64,1789460357.559346,100.0,1,0,1.552087912087912,1.544029304029304,-0.764,0.651,-0.114,0.0,0.0,0.0
79,65,1789460357.569346,100.0,1,0,1.552087912087912,1.544029304029304,-0.769,0.648,-0.112,0.0,0.0,0.0
79,66,1789460357.579346,100.0,1,0,1.5528937728937728,1.5424175824175823,-0.771,0.646,-0.109,0.0,0.0,0.0
79,67,1789460357.589346,100.0,1,0,1.5528937728937728,1.5424175824175823,-0.77,0.65,-0.108,0.0,0.0,0.0
79,68,1789460357.599346,100.0,1,0,1.5528937728937728,1.5432234432234433,-0.769,0.65,-0.107,0.0,0.0,0.0
79,69,1789460357.609346,100.0,1,0,1.5512820512820513,1.5432234432234433,-0.772,0.649,-0.112,0.0,0.0,0.0
79,70,1789460357.619346,100.0,1,0,1.5512820512820513,1.544029304029304,-0.775,0.653,-0.113,0.0,0.0,0.0
79,71,1789460357.629346,100.0,1,0,1.5512820512820513,1.544029304029304,-0.774,0.657,-0.112,0.0,0.0,0.0
79,72,1789460357.639346,100.0,1,0,1.552087912087912,1.5432234432234433,-0.767,0.66,-0.115,0.0,0.0,1.0
79,73,1789460357.649346,100.0,1,0,1.552087912087912,1.5432234432234433,-0.762,0.66,-0.118,0.0,0.0,0.0
79,74,1789460357.659346,100.0,1,0,1.5528937728937728,1.544029304029304,-0.757,0.659,-0.119,0.0,0.0,0.0
79,75,1789460357.669346,100.0,1,0,1.5528937728937728,1.5432234432234433,-0.757,0.659,-0.119,-1.0,1.0,0.0
79,76,1789460357.679346,100.0,1,0,1.552087912087912,1.5432234432234433,-0.76,0.658,-0.116,-1.0,1.0,0.0
79,77,1789460357.689346,100.0,1,0,1.552087912087912,1.5432234432234433,-0.765,0.655,-0.113,-1.0,1.0,0.0
79,78,1789460357.699346,100.0,1,0,1.552087912087912,1.5432234432234433,-0.77,0.657,-0.112,-1.0,0.0,0.0
79,79,1789460357.709346,100.0,1,0,1.552087912087912,1.5432234432234433,-0.77,0.66,-0.109,-1.0,0.0,0.0
79,80,1789460357.719346,100.0,1,0,1.5528937728937728,1.5432234432234433,-0.766,0.658,-0.111,-1.0,0.0,0.0
79,81,1789460357.729346,100.0,1,0,1.552087912087912,1.544029304029304,-0.764,0.655,-0.113,-1.0,0.0,0.0
79,82,1789460357.739346,100.0,1,0,1.5512820512820513,1.544029304029304,-0.766,0.653,-0.113,-1.0,0.0,-1.0
79,83,1789460357.749346,100.0,1,0,1.5512820512820513,1.544029304029304,-0.767,0.651,-0.114,-1.0,0.0,0.0
79,84,1789460357.759346,100.0,1,0,1.552087912087912,1.544029304029304,-0.767,0.646,-0.114,0.0,0.0,0.0
79,85,1789460357.769346,100.0,1,0,1.5512820512820513,1.5432234432234433,-0.769,0.644,-0.113,0.0,0.0,0.0
79,86,1789460357.779346,100.0,1,0,1.552087912087912,1.544029304029304,-0.773,0.645,-0.11,0.0,0.0,0.0
79,87,1789460357.789346,100.0,1,0,1.5512820512820513,1.5432234432234433,-0.778,0.645,-0.107,0.0,0.0,0.0
79,88,1789460357.799346,100.0,1,0,1.5512820512820513,1.544029304029304,-0.779,0.646,-0.109,0.0,0.0,0.0
79,89,1789460357.809346,100.0,1,0,1.552087912087912,1.5432234432234433,-0.774,0.644,-0.113,0.0,0.0,0.0
79,90,1789460357.819346,100.0,1,0,1.552087912087912,1.5432234432234433,-0.767,0.644,-0.112,0.0,0.0,0.0
79,91,1789460357.829346,100.0,1,0,1.5504761904761906,1.5432234432234433,-0.763,0.646,-0.109,0.0,0.0,0.0
79,92,1789460357.839346,100.0,1,0,1.552087912087912,1.5424175824175823,-0.769,0.645,-0.109,0.0,0.0,0.0
79,93,1789460357.849346,100.0,1,0,1.552087912087912,1.5432234432234433,-0.772,0.648,-0.104,0.0,0.0,0.0
79,94,1789460357.859346,100.0,1,0,1.552087912087912,1.544029304029304,-0.775,0.648,-0.109,0.0,0.0,0.0
79,95,1789460357.869346,100.0,1,0,1.552087912087912,1.5432234432234433,-0.77,0.651,-0.113,0.0,0.0,0.0
79,96,1789460357.879346,100.0,1,0,1.5512820512820513,1.544029304029304,-0.765,0.653,-0.115,0.0,0.0,0.0
79,97,1789460357.889346,100.0,1,0,1.552087912087912,1.5432234432234433,-0.767,0.652,-0.117,0.0,0.0,0.0
79,98,1789460357.899346,100.0,1,0,1.552087912087912,1.544029304029304,-0.766,0.653,-0.115,0.0,0.0,0.0
79,99,1789460357.909346,100.0,1,0,1.552087912087912,1.5432234432234433,-0.769,0.652,-0.109,0.0,0.0,0.0
80,0,1789460357.887270,100.0,1,0,1.552087912087912,1.544029304029304,-0.776,0.648,-0.106,0.0,0.0,0.0
80,1,1789460357.897270,100.0,1,0,1.5528937728937728,1.5448351648351648,-0.777,0.647,-0.108,0.0,0.0,0.0
80,2,1789460357.907270,100.0,1,0,1.5528937728937728,1.544029304029304,-0.774,0.65,-0.109,0.0,0.0,0.0
80,3,1789460357.917270,100.0,1,0,1.552087912087912,1.544029304029304,-0.768,0.651,-0.113,0.0,0.0,0.0
80,4,1789460357.927270,100.0,1,0,1.5528937728937728,1.544029304029304,-0.765,0.656,-0.112,0.0,0.0,0.0
80,5,1789460357.937270,100.0,1,0,1.5528937728937728,1.5448351648351648,-0.763,0.657,-0.113,0.0,0.0,0.0
80,6,1789460357.947270,100.0,1,0,1.552087912087912,1.5456410256410256,-0.765,0.656,-0.114,0.0,0.0,0.0
80,7,1789460357.957270,100.0,1,0,1.552087912087912,1.5448351648351648,-0.764,0.656,-0.111,0.0,0.0,0.0
80,8,1789460357.967270,100.0,1,0,1.552087912087912,1.5448351648351648,-0.765,0.654,-0.111,0.0,0.0,0.0
80,9,1789460357.977270,100.0,1,0,1.5512820512820513,1.5448351648351648,-0.768,0.649,-0.112,0.0,0.0,0.0
80,10,1789460357.987270,100.0,1,0,1.5512820512820513,1.5448351648351648,-0.768,0.647,-0.112,0.0,0.0,0.0
80,11,1789460357.997270,100.0,1,0,1.552087912087912,1.5456410256410256,-0.77,0.645,-0.11,0.0,0.0,0.0
80,12,1789460358.007270,100.0,1,0,1.552087912087912,1.5448351648351648,-0.769,0.644,-0.112,0.0,0.0,0.0
80,13,1789460358.017270,100.0,1,0,1.5512820512820513,1.5448351648351648,-0.774,0.644,-0.111,0.0,0.0,0.0
80,14,1789460358.027270,100.0,1,0,1.5512820512820513,1.544029304029304,-0.778,0.646,-0.112,0.0,0.0,0.0
80,15,1789460358.037270,100.0,1,0,1.552087912087912,1.5448351648351648,-0.772,0.648,-0.109,0.0,0.0,1.0
80,16,1789460358.047270,100.0,1,0,1.5512820512820513,1.5448351648351648,-0.767,0.652,-0.109,0.0,-1.0,1.0
80,17,1789460358.057270,100.0,1,0,1.552087912087912,1.5448351648351648,-0.766,0.655,-0.11,0.0,0.0,1.0
80,18,1789460358.067270,100.0,1,0,1.5512820512820513,1.5456410256410256,-0.76,0.659,-0.115,0.0,0.0,0.0
80,19,1789460358.077270,100.0,1,0,1.5512820512820513,1.5448351648351648,-0.754,0.66,-0.112,0.0,0.0,0.0
80,20,1789460358.087270,100.0,1,0,1.5504761904761906,1.544029304029304,-0.754,0.66,-0.112,0.0,0.0,0.0
80,21,1789460358.097270,100.0,1,0,1.552087912087912,1.544029304029304,-0.754,0.66,-0.112,0.0,0.0,0.0
80,22,1789460358.107270,100.0,1,0,1.5528937728937728,1.544029304029304,-0.768,0.659,-0.111,0.0,0.0,0.0
80,23,1789460358.117270,100.0,1,0,1.5528937728937728,1.5456410256410256,-0.772,0.66,-0.108,0.0,0.0,0.0
80,24,1789460358.127270,100.0,1,0,1.5528937728937728,1.5448351648351648,-0.772,0.66,-0.106,0.0,0.0,0.0
80,25,1789460358.137270,100.0,1,0,1.5528937728937728,1.5448351648351648,-0.77,0.653,-0.111,0.0,0.0,0.0
80,26,1789460358.147270,100.0,1,0,1.552087912087912,1.544029304029304,-0.766,0.65,-0.113,0.0,0.0,0.0
80,27,1789460358.157270,100.0,1,0,1.552087912087912,1.5456410256410256,-0.761,0.65,-0.111,0.0,0.0,0.0
80,28,1789460358.167270,100.0,1,0,1.5528937728937728,1.5448351648351648,-0.763,0.648,-0.111,0.0,0.0,0.0
80,29,1789460358.177270,100.0,1,0,1.5528937728937728,1.544029304029304,-0.767,0.649,-0.108,0.0,0.0,0.0
80,30,1789460358.187270,100.0,1,0,1.552087912087912,1.5448351648351648,-0.772,0.649,-0.105,0.0,0.0,0.0
80,31,1789460358.197270,100.0,1,0,1.552087912087912,1.5448351648351648,-0.775,0.649,-0.108,0.0,0.0,0.0
80,32,1789460358.207270,100.0,1,0,1.5528937728937728,1.544029304029304,-0.77,0.654,-0.111,0.0,0.0,0.0
80,33,1789460358.217270,100.0,1,0,1.5512820512820513,1.5456410256410256,-0.76,0.654,-0.109,0.0,0.0,0.0
80,34,1789460358.227270,100.0,1,0,1.5512820512820513,1.5448351648351648,-0.758,0.65,-0.106,0.0,0.0,0.0
80,35,1789460358.237270,100.0,1,0,1.5488644688644688,1.544029304029304,-0.76,0.651,-0.109,0.0,0.0,0.0
80,36,1789460358.247270,100.0,1,0,1.552087912087912,1.5456410256410256,-0.767,0.651,-0.107,0.0,0.0,0.0
80,37,1789460358.257270,100.0,1,0,1.5512820512820513,1.544029304029304,-0.775,0.651,-0.106,0.0,0.0,0.0
80,38,1789460358.267270,100.0,1,0,1.552087912087912,1.544029304029304,-0.781,0.652,-0.106,0.0,0.0,0.0
80,39,1789460358.277270,100.0,1,0,1.552087912087912,1.5432234432234433,-0.777,0.649,-0.109,0.0,0.0,1.0
80,40,1789460358.287270,100.0,1,0,1.5528937728937728,1.5424175824175823,-0.773,0.649,-0.115,0.0,0.0,1.0
80,41,1789460358.297270,100.0,1,0,1.5528937728937728,1.5432234432234433,-0.765,0.647,-0.115,0.0,0.0,1.0
80,42,1789460358.307270,100.0,1,0,1.5536996336996336,1.5424175824175823,-0.762,0.647,-0.111,0.0,0.0,1.0
80,43,1789460358.317270,100.0,1,0,1.5545054945054946,1.5416117216117216,-0.764,0.652,-0.11,1.0,0.0,1.0
80,44,1789460358.327270,100.0,1,0,1.5553113553113553,1.5408058608058608,-0.76,0.661,-0.108,1.0,0.0,1.0
80,45,1789460358.337270,100.0,1,0,1.5553113553113553,1.54,-0.761,0.668,-0.107,1.0,0.0,1.0
80,46,1789460358.347270,100.0,1,0,1.556117216117216,1.54,-0.76,0.671,-0.112,0.0,0.0,0.0
80,47,1789460358.357270,100.0,1,0,1.5553113553113553,1.54,-0.753,0.673,-0.114,0.0,0.0,0.0
80,48,1789460358.367270,100.0,1,0,1.556117216117216,1.5391941391941393,-0.748,0.671,-0.114,-1.0,0.0,-1.0
80,49,1789460358.377270,100.0,1,0,1.556117216117216,1.54,-0.751,0.665,-0.116,-2.0,1.0,-2.0
80,50,1789460358.387270,100.0,1,0,1.556117216117216,1.5383882783882783,-0.76,0.653,-0.112,-1.0,1.0,-2.0
80,51,1789460358.397270,100.0,1,0,1.5553113553113553,1.5391941391941393,-0.774,0.644,-0.114,-1.0,1.0,-2.0
80,52,1789460358.407270,100.0,1,0,1.556117216117216,1.5391941391941393,-0.783,0.639,-0.112,0.0,0.0,-1.0
80,53,1789460358.417270,100.0,1,0,1.556117216117216,1.5383882783882783,-0.79,0.638,-0.109,0.0,0.0,0.0
80,54,1789460358.427270,100.0,1,0,1.556117216117216,1.54,-0.787,0.644,-0.106,0.0,-1.0,1.0
80,55,1789460358.437270,100.0,1,0,1.556117216117216,1.5391941391941393,-0.774,0.65,-0.106,0.0,-1.0,1.0
80,56,1789460358.447270,100.0,1,0,1.556117216117216,1.54,-0.759,0.652,-0.114,0.0,0.0,0.0
80,57,1789460358.457270,100.0,1,0,1.556117216117216,1.5391941391941393,-0.753,0.654,-0.114,0.0,0.0,0.0
80,58,1789460358.467270,100.0,1,0,1.5553113553113553,1.5391941391941393,-0.752,0.657,-0.111,0.0,0.0,0.0
80,59,1789460358.477270,100.0,1,0,1.5553113553113553,1.54,-0.761,0.658,-0.111,-1.0,1.0,0.0
80,60,1789460358.487270,100.0,1,0,1.5553113553113553,1.5383882783882783,-0.77,0.655,-0.106,-1.0,1.0,0.0
80,61,1789460358.497270,100.0,1,0,1.5545054945054946,1.54,-0.779,0.652,-0.099,0.0,0.0,0.0
80,62,1789460358.507270,100.0,1,0,1.5553113553113553,1.5391941391941393,-0.781,0.644,-0.102,0.0,0.0,0.0
80,63,1789460358.517270,100.0,1,0,1.5553113553113553,1.5391941391941393,-0.778,0.639,-0.108,0.0,0.0,0.0
80,64,1789460358.527270,100.0,1,0,1.5553113553113553,1.54,-0.773,0.637,-0.114,0.0,0.0,0.0
80,65,1789460358.537270,100.0,1,0,1.5553113553113553,1.5391941391941393,-0.768,0.638,-0.115,0.0,0.0,0.0
80,66,1789460358.547270,100.0,1,0,1.556117216117216,1.5391941391941393,-0.768,0.643,-0.113,1.0,0.0,0.0
80,67,1789460358.557270,100.0,1,0,1.556117216117216,1.54,-0.77,0.649,-0.109,1.0,0.0,1.0
80,68,1789460358.567270,100.0,1,0,1.556117216117216,1.5383882783882783,-0.766,0.656,-0.11,2.0,0.0,1.0
80,69,1789460358.577270,100.0,1,0,1.556117216117216,1.5391941391941393,-0.762,0.66,-0.113,1.0,0.0,1.0
80,70,1789460358.587270,100.0,1,0,1.556117216117216,1.5391941391941393,-0.761,0.661,-0.113,1.0,0.0,0.0
80,71,1789460358.597270,100.0,1,0,1.556117216117216,1.5383882783882783,-0.762,0.657,-0.113,0.0,0.0,0.0
80,72,1789460358.607270,100.0,1,0,1.556117216117216,1.5391941391941393,-0.765,0.655,-0.113,0.0,0.0,0.0
80,73,1789460358.617270,100.0,1,0,1.5553113553113553,1.5391941391941393,-0.767,0.653,-0.114,0.0,1.0,0.0
80,74,1789460358.627270,100.0,1,0,1.556117216117216,1.5391941391941393,-0.772,0.65,-0.114,0.0,0.0,0.0
80,75,1789460358.637270,100.0,1,0,1.556117216117216,1.5391941391941393,-0.774,0.652,-0.109,0.0,0.0,0.0
80,76,1789460358.647270,100.0,1,0,1.556117216117216,1.5391941391941393,-0.775,0.651,-0.111,0.0,0.0,0.0
80,77,1789460358.657270,100.0,1,0,1.556117216117216,1.5391941391941393,-0.774,0.654,-0.114,0.0,0.0,0.0
80,78,1789460358.667270,100.0,1,0,1.556117216117216,1.54,-0.765,0.656,-0.111,0.0,0.0,0.0
80,79,1789460358.677270,100.0,1,0,1.556117216117216,1.5391941391941393,-0.762,0.659,-0.118,0.0,0.0,0.0
80,80,1789460358.687270,100.0,1,0,1.5553113553113553,1.5391941391941393,-0.76,0.664,-0.119,0.0,0.0,0.0
80,81,1789460358.697270,100.0,1,0,1.556117216117216,1.5383882783882783,-0.755,0.666,-0.118,0.0,0.0,0.0
80,82,1789460358.707270,100.0,1,0,1.5553113553113553,1.5391941391941393,-0.756,0.666,-0.116,-1.0,0.0,0.0
80,83,1789460358.717270,100.0,1,0,1.5553113553113553,1.5391941391941393,-0.76,0.664,-0.114,-1.0,0.0,0.0
80,84,1789460358.727270,100.0,1,0,1.5553113553113553,1.54,-0.764,0.659,-0.113,-2.0,1.0,-1.0
80,85,1789460358.737270,100.0,1,0,1.5545054945054946,1.5408058608058608,-0.767,0.656,-0.11,-2.0,1.0,-1.0
80,86,1789460358.747270,100.0,1,0,1.5545054945054946,1.54,-0.771,0.65,-0.109,-2.0,1.0,-1.0
80,87,1789460358.757270,100.0,1,0,1.5536996336996336,1.54,-0.771,0.649,-0.109,-1.0,0.0,0.0
80,88,1789460358.767270,100.0,1,0,1.5536996336996336,1.54,-0.77,0.645,-0.11,0.0,0.0,0.0
80,89,1789460358.777270,100.0,1,0,1.5536996336996336,1.5408058608058608,-0.769,0.647,-0.111,0.0,0.0,0.0
80,90,1789460358.787270,100.0,1,0,1.5528937728937728,1.54,-0.767,0.651,-0.113,0.0,0.0,0.0
80,91,1789460358.797270,100.0,1,0,1.5528937728937728,1.5416117216117216,-0.765,0.652,-0.113,0.0,0.0,0.0
80,92,1789460358.807270,100.0,1,0,1.5528937728937728,1.5416117216117216,-0.763,0.654,-0.112,0.0,0.0,0.0
80,93,1789460358.817270,100.0,1,0,1.5528937728937728,1.5416117216117216,-0.763,0.654,-0.112,0.0,0.0,0.0
80,94,1789460358.827270,100.0,1,0,1.552087912087912,1.5408058608058608,-0.763,0.654,-0.112,0.0,0.0,0.0
80,95,1789460358.837270,100.0,1,0,1.552087912087912,1.5408058608058608,-0.76,0.647,-0.113,0.0,0.0,0.0
80,96,1789460358.847270,100.0,1,0,1.552087912087912,1.5416117216117216,-0.764,0.645,-0.113,0.0,0.0,0.0
80,97,1789460358.857270,100.0,1,0,1.552087912087912,1.5416117216117216,-0.77,0.645,-0.109,0.0,0.0,0.0
80,98,1789460358.867270,100.0,1,0,1.552087912087912,1.5416117216117216,-0.775,0.645,-0.108,0.0,0.0,0.0
80,99,1789460358.877270,100.0,1,0,1.5496703296703296,1.5416117216117216,-0.776,0.646,-0.104,1.0,0.0,0.0
81,0,1789460358.845802,100.0,1,0,1.548058608058608,1.5424175824175823,-0.772,0.649,-0.106,1.0,0.0,1.0
81,1,1789460358.855802,100.0,1,0,1.5504761904761906,1.5424175824175823,-0.768,0.651,-0.113,0.0,0.0,0.0
81,2,1789460358.865802,100.0,1,0,1.5488644688644688,1.5424175824175823,-0.762,0.653,-0.111,0.0,0.0,0.0
81,3,1789460358.875802,100.0,1,0,1.5488644688644688,1.5424175824175823,-0.756,0.654,-0.105,0.0,0.0,0.0
81,4,1789460358.885802,100.0,1,0,1.5464468864468865,1.544029304029304,-0.773,0.65,-0.11,0.0,0.0,-1.0
81,5,1789460358.895802,100.0,1,0,1.5472527472527473,1.5424175824175823,-0.773,0.65,-0.11,0.0,0.0,-1.0
81,6,1789460358.905802,100.0,1,0,1.5504761904761906,1.544029304029304,-0.783,0.648,-0.114,0.0,0.0,0.0
81,7,1789460358.915802,100.0,1,0,1.5512820512820513,1.5432234432234433,-0.785,0.649,-0.109,0.0,0.0,0.0
81,8,1789460358.925802,100.0,1,0,1.5504761904761906,1.544029304029304,-0.777,0.648,-0.111,0.0,0.0,1.0
81,9,1789460358.935802,100.0,1,0,1.552087912087912,1.5432234432234433,-0.767,0.647,-0.117,0.0,0.0,1.0
81,10,1789460358.945801,100.0,1,0,1.552087912087912,1.5424175824175823,-0.76,0.647,-0.119,0.0,0.0,0.0
81,11,1789460358.955801,100.0,1,0,1.552087912087912,1.5424175824175823,-0.756,0.651,-0.117,0.0,0.0,0.0
81,12,1789460358.965802,100.0,1,0,1.552087912087912,1.5424175824175823,-0.758,0.659,-0.114,0.0,0.0,0.0
81,13,1789460358.975802,100.0,1,0,1.5528937728937728,1.5432234432234433,-0.763,0.666,-0.111,0.0,0.0,0.0
81,14,1789460358.985802,100.0,1,0,1.5528937728937728,1.5432234432234433,-0.765,0.668,-0.109,0.0,0.0,0.0
81,15,1789460358.995802,100.0,1,0,1.5528937728937728,1.5424175824175823,-0.767,0.666,-0.112,0.0,0.0,0.0
81,16,1789460359.005802,100.0,1,0,1.552087912087912,1.544029304029304,-0.765,0.662,-0.115,-1.0,0.0,0.0
81,17,1789460359.015802,100.0,1,0,1.552087912087912,1.544029304029304,-0.764,0.657,-0.115,-1.0,0.0,0.0
81,18,1789460359.025802,100.0,1,0,1.552087912087912,1.5432234432234433,-0.762,0.649,-0.114,-1.0,0.0,0.0
81,19,1789460359.035802,100.0,1,0,1.552087912087912,1.544029304029304,-0.763,0.641,-0.114,0.0,0.0,0.0
81,20,1789460359.045802,100.0,1,0,1.552087912087912,1.5424175824175823,-0.764,0.64,-0.112,0.0,0.0,0.0
81,21,1789460359.055802,100.0,1,0,1.5512820512820513,1.5432234432234433,-0.77,0.64,-0.11,0.0,0.0,0.0
81,22,1789460359.065802,100.0,1,0,1.5512820512820513,1.5424175824175823,-0.776,0.642,-0.112,1.0,0.0,0.0
81,23,1789460359.075802,100.0,1,0,1.5496703296703296,1.5432234432234433,-0.776,0.649,-0.109,1.0,-1.0,1.0
81,24,1789460359.085802,100.0,1,0,1.5512820512820513,1.544029304029304,-0.772,0.658,-0.112,1.0,-1.0,1.0
81,25,1789460359.095802,100.0,1,0,1.5472527472527473,1.5448351648351648,-0.766,0.662,-0.117,0.0,0.0,0.0
81,26,1789460359.105802,100.0,1,0,1.5464468864468865,1.544029304029304,-0.758,0.662,-0.112,0.0,0.0,0.0
81,27,1789460359.115802,100.0,1,0,1.548058608058608,1.544029304029304,-0.756,0.658,-0.113,0.0,0.0,0.0
81,28,1789460359.125802,100.0,1,0,1.5464468864468865,1.5456410256410256,-0.763,0.657,-0.115,-1.0,0.0,0.0
81,29,1789460359.135802,100.0,1,0,1.5456410256410256,1.5456410256410256,-0.769,0.654,-0.109,-1.0,0.0,0.0
81,30,1789460359.145802,100.0,1,0,1.5456410256410256,1.5464468864468865,-0.771,0.652,-0.106,0.0,0.0,0.0
81,31,1789460359.155802,100.0,1,0,1.5456410256410256,1.5456410256410256,-0.773,0.649,-0.109,0.0,0.0,0.0
81,32,1789460359.165802,100.0,1,0,1.5464468864468865,1.5464468864468865,-0.774,0.647,-0.115,0.0,0.0,0.0
81,33,1789460359.175802,100.0,1,0,1.5448351648351648,1.5472527472527473,-0.777,0.648,-0.115,0.0,0.0,0.0
81,34,1789460359.185802,100.0,1,0,1.5448351648351648,1.5472527472527473,-0.773,0.652,-0.113,0.0,-1.0,0.0
81,35,1789460359.195801,100.0,1,0,1.5448351648351648,1.5472527472527473,-0.769,0.655,-0.108,0.0,-1.0,0.0
81,36,1789460359.205801,100.0,1,0,1.5456410256410256,1.5512820512820513,-0.76,0.657,-0.11,0.0,-1.0,0.0
81,37,1789460359.215802,100.0,1,0,1.5448351648351648,1.548058608058608,-0.752,0.662,-0.115,0.0,0.0,0.0
81,38,1789460359.225802,100.0,1,0,1.5456410256410256,1.5512820512820513,-0.754,0.662,-0.113,0.0,0.0,0.0
81,39,1789460359.235802,100.0,1,0,1.544029304029304,1.5504761904761906,-0.758,0.659,-0.109,0.0,0.0,-1.0
81,40,1789460359.245802,100.0,1,0,1.544029304029304,1.552087912087912,-0.762,0.654,-0.108,-1.0,0.0,-1.0
81,41,1789460359.255802,100.0,1,0,1.5448351648351648,1.5496703296703296,-0.774,0.648,-0.108,-1.0,0.0,-1.0
81,42,1789460359.265802,100.0,1,0,1.544029304029304,1.552087912087912,-0.782,0.645,-0.109,0.0,0.0,0.0
81,43,1789460359.275802,100.0,1,0,1.544029304029304,1.552087912087912,-0.78,0.64,-0.108,0.0,0.0,0.0
81,44,1789460359.285802,100.0,1,0,1.544029304029304,1.552087912087912,-0.77,0.642,-0.106,0.0,-1.0,0.0
81,45,1789460359.295802,100.0,1,0,1.5432234432234433,1.5512820512820513,-0.763,0.644,-0.112,1.0,-1.0,1.0
81,46,1789460359.305802,100.0,1,0,1.5424175824175823,1.552087912087912,-0.758,0.649,-0.115,1.0,-1.0,1.0
81,47,1789460359.315802,100.0,1,0,1.5432234432234433,1.552087912087912,-0.758,0.655,-0.114,1.0,0.0,0.0
81,48,1789460359.325802,100.0,1,0,1.5432234432234433,1.5528937728937728,-0.765,0.657,-0.109,0.0,0.0,0.0
81,49,1789460359.335802,100.0,1,0,1.5432234432234433,1.5528937728937728,-0.769,0.66,-0.107,0.0,0.0,0.0
81,50,1789460359.345802,100.0,1,0,1.5424175824175823,1.5528937728937728,-0.77,0.657,-0.108,0.0,0.0,0.0
81,51,1789460359.355802,100.0,1,0,1.5432234432234433,1.552087912087912,-0.768,0.656,-0.112,0.0,0.0,0.0
81,52,1789460359.365802,100.0,1,0,1.5424175824175823,1.5528937728937728,-0.766,0.654,-0.111,0.0,0.0,0.0
81,53,1789460359.375802,100.0,1,0,1.5424175824175823,1.5528937728937728,-0.765,0.651,-0.112,0.0,0.0,0.0
81,54,1789460359.385802,100.0,1,0,1.5432234432234433,1.5536996336996336,-0.764,0.648,-0.11,0.0,0.0,0.0
81,55,1789460359.395802,100.0,1,0,1.5416117216117216,1.5536996336996336,-0.77,0.645,-0.112,0.0,0.0,0.0
81,56,1789460359.405802,100.0,1,0,1.5416117216117216,1.5545054945054946,-0.779,0.65,-0.11,0.0,0.0,0.0
81,57,1789460359.415802,100.0,1,0,1.5416117216117216,1.5536996336996336,-0.78,0.654,-0.108,0.0,0.0,0.0
81,58,1789460359.425802,100.0,1,0,1.5416117216117216,1.5545054945054946,-0.774,0.657,-0.11,1.0,-1.0,0.0
81,59,1789460359.435802,100.0,1,0,1.5424175824175823,1.5545054945054946,-0.764,0.661,-0.115,1.0,-1.0,0.0
81,60,1789460359.445801,100.0,1,0,1.5424175824175823,1.5545054945054946,-0.755,0.66,-0.118,0.0,0.0,0.0
81,61,1789460359.455801,100.0,1,0,1.5424175824175823,1.5545054945054946,-0.752,0.66,-0.117,0.0,0.0,0.0
81,62,1789460359.465802,100.0,1,0,1.5424175824175823,1.5553113553113553,-0.76,0.658,-0.115,-1.0,1.0,-1.0
81,63,1789460359.475802,100.0,1,0,1.5416117216117216,1.5545054945054946,-0.769,0.656,-0.11,-1.0,1.0,-1.0
81,64,1789460359.485802,100.0,1,0,1.5416117216117216,1.5553113553113553,-0.775,0.651,-0.107,0.0,1.0,-1.0
81,65,1789460359.495802,100.0,1,0,1.5408058608058608,1.5553113553113553,-0.78,0.645,-0.106,0.0,0.0,0.0
81,66,1789460359.505802,100.0,1,0,1.5408058608058608,1.556117216117216,-0.78,0.645,-0.106,0.0,0.0,0.0
81,67,1789460359.515802,100.0,1,0,1.5416117216117216,1.5553113553113553,-0.777,0.642,-0.11,0.0,0.0,0.0
81,68,1789460359.525802,100.0,1,0,1.5408058608058608,1.556117216117216,-0.77,0.641,-0.114,0.0,-1.0,0.0
81,69,1789460359.535802,100.0,1,0,1.54,1.5553113553113553,-0.763,0.643,-0.114,0.0,0.0,0.0
81,70,1789460359.545802,100.0,1,0,1.5408058608058608,1.556117216117216,-0.761,0.648,-0.109,0.0,0.0,0.0
81,71,1789460359.555802,100.0,1,0,1.5408058608058608,1.5553113553113553,-0.764,0.651,-0.106,0.0,0.0,0.0
81,72,1789460359.565802,100.0,1,0,1.5408058608058608,1.556117216117216,-0.77,0.656,-0.109,0.0,0.0,0.0
81,73,1789460359.575802,100.0,1,0,1.54,1.556117216117216,-0.775,0.656,-0.11,0.0,0.0,0.0
81,74,1789460359.585802,100.0,1,0,1.54,1.5553113553113553,-0.774,0.65,-0.11,0.0,0.0,0.0
81,75,1789460359.595802,100.0,1,0,1.54,1.556117216117216,-0.771,0.651,-0.113,0.0,0.0,0.0
81,76,1789460359.605802,100.0,1,0,1.5408058608058608,1.5553113553113553,-0.767,0.647,-0.117,0.0,0.0,0.0
81,77,1789460359.615802,100.0,1,0,1.5416117216117216,1.5545054945054946,-0.761,0.646,-0.119,0.0,0.0,0.0
81,78,1789460359.625802,100.0,1,0,1.5408058608058608,1.5553113553113553,-0.761,0.646,-0.118,0.0,0.0,0.0
81,79,1789460359.635802,100.0,1,0,1.5416117216117216,1.556117216117216,-0.766,0.65,-0.114,0.0,0.0,0.0
81,80,1789460359.645802,100.0,1,0,1.5416117216117216,1.5553113553113553,-0.768,0.656,-0.111,0.0,0.0,0.0
81,81,1789460359.655802,100.0,1,0,1.5424175824175823,1.5545054945054946,-0.766,0.667,-0.109,0.0,0.0,0.0
81,82,1789460359.665802,100.0,1,0,1.5416117216117216,1.5553113553113553,-0.76,0.668,-0.111,0.0,0.0,0.0
81,83,1789460359.675802,100.0,1,0,1.5416117216117216,1.5553113553113553,-0.753,0.669,-0.114,-1.0,0.0,0.0
81,84,1789460359.685802,100.0,1,0,1.5424175824175823,1.5553113553113553,-0.755,0.668,-0.116,-2.0,0.0,-1.0
81,85,1789460359.695801,100.0,1,0,1.5424175824175823,1.556117216117216,-0.76,0.658,-0.113,-2.0,1.0,-1.0
81,86,1789460359.705801,100.0,1,0,1.5424175824175823,1.556117216117216,-0.767,0.65,-0.109,-2.0,1.0,-1.0
81,87,1789460359.715802,100.0,1,0,1.5416117216117216,1.5553113553113553,-0.774,0.644,-0.11,-1.0,0.0,-1.0
81,88,1789460359.725802,100.0,1,0,1.5416117216117216,1.556117216117216,-0.778,0.64,-0.111,0.0,0.0,0.0
81,89,1789460359.735802,100.0,1,0,1.5424175824175823,1.5553113553113553,-0.779,0.639,-0.108,0.0,0.0,0.0
81,90,1789460359.745802,100.0,1,0,1.5416117216117216,1.5553113553113553,-0.775,0.64,-0.103,1.0,-1.0,0.0
81,91,1789460359.755802,100.0,1,0,1.5416117216117216,1.5545054945054946,-0.768,0.643,-0.109,2.0,-1.0,0.0
81,92,1789460359.765802,100.0,1,0,1.5424175824175823,1.5545054945054946,-0.765,0.648,-0.119,1.0,-1.0,0.0
81,93,1789460359.775802,100.0,1,0,1.544029304029304,1.5545054945054946,-0.76,0.652,-0.112,0.0,0.0,0.0
81,94,1789460359.785802,100.0,1,0,1.5424175824175823,1.5545054945054946,-0.762,0.655,-0.105,0.0,0.0,0.0
81,95,1789460359.795802,100.0,1,0,1.5432234432234433,1.5545054945054946,-0.771,0.656,-0.108,0.0,0.0,0.0
81,96,1789460359.805802,100.0,1,0,1.5424175824175823,1.5536996336996336,-0.774,0.655,-0.105,0.0,0.0,0.0
81,97,1789460359.815802,100.0,1,0,1.5432234432234433,1.5545054945054946,-0.773,0.653,-0.103,0.0,0.0,0.0
81,98,1789460359.825802,100.0,1,0,1.5424175824175823,1.5545054945054946,-0.773,0.649,-0.11,0.0,0.0,0.0
81,99,1789460359.835802,100.0,1,0,1.5424175824175823,1.5545054945054946,-0.773,0.644,-0.117,0.0,0.0,0.0
82,0,1789460359.869632,100.0,1,0,1.5424175824175823,1.5553113553113553,-0.776,0.642,-0.117,0.0,0.0,0.0
82,1,1789460359.879632,100.0,1,0,1.5424175824175823,1.5545054945054946,-0.777,0.644,-0.113,0.0,0.0,0.0
82,2,1789460359.889632,100.0,1,0,1.5424175824175823,1.5553113553113553,-0.778,0.646,-0.108,0.0,-1.0,0.0
82,3,1789460359.899632,100.0,1,0,1.5424175824175823,1.5553113553113553,-0.776,0.647,-0.106,1.0,-1.0,1.0
82,4,1789460359.909632,100.0,1,0,1.5416117216117216,1.556117216117216,-0.77,0.651,-0.106,1.0,-1.0,1.0
82,5,1789460359.919632,100.0,1,0,1.5424175824175823,1.556117216117216,-0.764,0.653,-0.112,1.0,-1.0,1.0
82,6,1789460359.929632,100.0,1,0,1.5416117216117216,1.556117216117216,-0.755,0.656,-0.114,1.0,-1.0,0.0
82,7,1789460359.939632,100.0,1,0,1.5424175824175823,1.556117216117216,-0.753,0.659,-0.116,0.0,0.0,0.0
82,8,1789460359.949632,100.0,1,0,1.5416117216117216,1.556117216117216,-0.754,0.658,-0.114,0.0,0.0,0.0
82,9,1789460359.959632,100.0,1,0,1.5424175824175823,1.556117216117216,-0.76,0.656,-0.111,0.0,0.0,0.0
82,10,1789460359.969632,100.0,1,0,1.5424175824175823,1.556117216117216,-0.77,0.652,-0.11,-1.0,1.0,-1.0
82,11,1789460359.979632,100.0,1,0,1.5416117216117216,1.556117216117216,-0.775,0.651,-0.11,-1.0,0.0,0.0
82,12,1789460359.989632,100.0,1,0,1.5424175824175823,1.556117216117216,-0.775,0.649,-0.108,0.0,0.0,0.0
82,13,1789460359.999632,100.0,1,0,1.5424175824175823,1.556117216117216,-0.774,0.646,-0.109,0.0,0.0,0.0
82,14,1789460360.009632,100.0,1,0,1.5424175824175823,1.5553113553113553,-0.77,0.646,-0.112,0.0,0.0,0.0
82,15,1789460360.019632,100.0,1,0,1.5416117216117216,1.556117216117216,-0.766,0.646,-0.114,0.0,0.0,0.0
82,16,1789460360.029632,100.0,1,0,1.5408058608058608,1.5569230769230769,-0.764,0.649,-0.111,0.0,0.0,0.0
82,17,1789460360.039632,100.0,1,0,1.5424175824175823,1.556117216117216,-0.765,0.651,-0.111,0.0,0.0,0.0
82,18,1789460360.049632,100.0,1,0,1.5416117216117216,1.5553113553113553,-0.768,0.653,-0.11,0.0,0.0,0.0
82,19,1789460360.059632,100.0,1,0,1.5424175824175823,1.556117216117216,-0.772,0.656,-0.11,0.0,0.0,0.0
82,20,1789460360.069632,100.0,1,0,1.5424175824175823,1.556117216117216,-0.768,0.66,-0.109,0.0,0.0,0.0
82,21,1789460360.079632,100.0,1,0,1.5416117216117216,1.556117216117216,-0.765,0.66,-0.11,0.0,0.0,0.0
82,22,1789460360.089632,100.0,1,0,1.5424175824175823,1.556117216117216,-0.765,0.657,-0.111,0.0,0.0,0.0
82,23,1789460360.099632,100.0,1,0,1.5424175824175823,1.556117216117216,-0.764,0.655,-0.11,0.0,0.0,0.0
82,24,1789460360.109632,100.0,1,0,1.5424175824175823,1.556117216117216,-0.765,0.654,-0.111,0.0,0.0,0.0
82,25,1789460360.119632,100.0,1,0,1.5424175824175823,1.556117216117216,-0.769,0.65,-0.111,0.0,0.0,0.0
82,26,1789460360.129632,100.0,1,0,1.5416117216117216,1.556117216117216,-0.771,0.649,-0.111,0.0,0.0,0.0
82,27,1789460360.139632,100.0,1,0,1.5424175824175823,1.5553113553113553,-0.771,0.65,-0.108,0.0,0.0,0.0
82,28,1789460360.149632,100.0,1,0,1.5432234432234433,1.5545054945054946,-0.77,0.649,-0.111,0.0,0.0,0.0
82,29,1789460360.159632,100.0,1,0,1.5424175824175823,1.556117216117216,-0.767,0.646,-0.113,0.0,0.0,0.0
82,30,1789460360.169632,100.0,1,0,1.5432234432234433,1.5545054945054946,-0.768,0.649,-0.11,0.0,0.0,0.0
82,31,1789460360.179632,100.0,1,0,1.5424175824175823,1.5553113553113553,-0.767,0.651,-0.11,0.0,0.0,0.0
82,32,1789460360.189632,100.0,1,0,1.5424175824175823,1.5553113553113553,-0.768,0.648,-0.11,0.0,0.0,0.0
82,33,1789460360.199632,100.0,1,0,1.5416117216117216,1.5553113553113553,-0.769,0.645,-0.109,0.0,0.0,0.0
82,34,1789460360.209632,100.0,1,0,1.5416117216117216,1.5553113553113553,-0.77,0.648,-0.107,0.0,0.0,0.0
82,35,1789460360.219632,100.0,1,0,1.5416117216117216,1.556117216117216,-0.771,0.649,-0.104,0.0,0.0,0.0
82,36,1789460360.229632,100.0,1,0,1.5424175824175823,1.5553113553113553,-0.774,0.652,-0.108,0.0,0.0,0.0
82,37,1789460360.239632,100.0,1,0,1.5424175824175823,1.5553113553113553,-0.774,0.652,-0.112,0.0,0.0,0.0
82,38,1789460360.249632,100.0,1,0,1.5424175824175823,1.556117216117216,-0.771,0.655,-0.112,0.0,0.0,0.0
82,39,1789460360.259632,100.0,1,0,1.5432234432234433,1.556117216117216,-0.771,0.655,-0.112,0.0,0.0,0.0
82,40,1789460360.269632,100.0,1,0,1.544029304029304,1.5553113553113553,-0.768,0.658,-0.111,0.0,0.0,0.0
82,41,1789460360.279632,100.0,1,0,1.544029304029304,1.5553113553113553,-0.764,0.659,-0.116,0.0,0.0,0.0
82,42,1789460360.289632,100.0,1,0,1.544029304029304,1.5545054945054946,-0.759,0.657,-0.119,0.0,0.0,0.0
82,43,1789460360.299632,100.0,1,0,1.544029304029304,1.5536996336996336,-0.76,0.658,-0.12,0.0,0.0,0.0
82,44,1789460360.309632,100.0,1,0,1.544029304029304,1.5536996336996336,-0.761,0.656,-0.117,0.0,0.0,0.0
82,45,1789460360.319632,100.0,1,0,1.5448351648351648,1.5545054945054946,-0.765,0.657,-0.11,0.0,0.0,0.0
82,46,1789460360.329632,100.0,1,0,1.5456410256410256,1.5545054945054946,-0.771,0.656,-0.11,0.0,0.0,0.0
82,47,1789460360.339632,100.0,1,0,1.5448351648351648,1.5536996336996336,-0.776,0.655,-0.111,0.0,0.0,0.0
82,48,1789460360.349632,100.0,1,0,1.5448351648351648,1.5536996336996336,-0.773,0.655,-0.112,0.0,0.0,0.0
82,49,1789460360.359632,100.0,1,0,1.5448351648351648,1.5536996336996336,-0.768,0.655,-0.113,0.0,0.0,0.0
82,50,1789460360.369632,100.0,1,0,1.5456410256410256,1.5536996336996336,-0.761,0.657,-0.114,0.0,0.0,0.0
82,51,1789460360.379632,100.0,1,0,1.5448351648351648,1.5536996336996336,-0.757,0.655,-0.114,0.0,0.0,0.0
82,52,1789460360.389632,100.0,1,0,1.5448351648351648,1.5536996336996336,-0.757,0.653,-0.118,0.0,0.0,0.0
82,53,1789460360.399632,100.0,1,0,1.5448351648351648,1.5536996336996336,-0.762,0.651,-0.116,0.0,0.0,0.0
82,54,1789460360.409632,100.0,1,0,1.544029304029304,1.5536996336996336,-0.77,0.652,-0.114,-1.0,0.0,0.0
82,55,1789460360.419632,100.0,1,0,1.5448351648351648,1.5528937728937728,-0.775,0.654,-0.113,0.0,0.0,0.0
82,56,1789460360.429632,100.0,1,0,1.5456410256410256,1.5528937728937728,-0.777,0.649,-0.112,0.0,0.0,0.0
82,57,1789460360.439632,100.0,1,0,1.5448351648351648,1.5528937728937728,-0.775,0.643,-0.112,0.0,0.0,0.0
82,58,1789460360.449632,100.0,1,0,1.5448351648351648,1.5528937728937728,-0.769,0.643,-0.108,0.0,0.0,0.0
82,59,1789460360.459632,100.0,1,0,1.5448351648351648,1.5528937728937728,-0.77,0.644,-0.109,0.0,0.0,0.0
82,60,1789460360.469632,100.0,1,0,1.5456410256410256,1.5528937728937728,-0.774,0.645,-0.109,0.0,0.0,0.0
82,61,1789460360.479632,100.0,1,0,1.5448351648351648,1.5528937728937728,-0.772,0.649,-0.106,0.0,0.0,1.0
82,62,1789460360.489632,100.0,1,0,1.5448351648351648,1.5528937728937728,-0.764,0.653,-0.108,0.0,0.0,1.0
82,63,1789460360.499632,100.0,1,0,1.5456410256410256,1.552087912087912,-0.759,0.654,-0.115,0.0,0.0,0.0
82,64,1789460360.509632,100.0,1,0,1.5456410256410256,1.552087912087912,-0.761,0.658,-0.12,0.0,0.0,0.0
82,65,1789460360.519632,100.0,1,0,1.5464468864468865,1.5512820512820513,-0.765,0.656,-0.116,0.0,0.0,0.0
82,66,1789460360.529632,100.0,1,0,1.5464468864468865,1.552087912087912,-0.771,0.655,-0.111,0.0,0.0,0.0
82,67,1789460360.539632,100.0,1,0,1.5472527472527473,1.552087912087912,-0.778,0.654,-0.108,0.0,0.0,0.0
82,68,1789460360.549632,100.0,1,0,1.5464468864468865,1.552087912087912,-0.775,0.651,-0.109,0.0,0.0,0.0
82,69,1789460360.559632,100.0,1,0,1.5472527472527473,1.552087912087912,-0.769,0.65,-0.109,0.0,0.0,0.0
82,70,1789460360.569632,100.0,1,0,1.5456410256410256,1.5528937728937728,-0.766,0.651,-0.112,0.0,0.0,0.0
82,71,1789460360.579632,100.0,1,0,1.5464468864468865,1.552087912087912,-0.76,0.652,-0.114,0.0,0.0,0.0
82,72,1789460360.589632,100.0,1,0,1.5456410256410256,1.552087912087912,-0.761,0.651,-0.116,0.0,0.0,0.0
82,73,1789460360.599632,100.0,1,0,1.5456410256410256,1.552087912087912,-0.764,0.653,-0.115,0.0,0.0,0.0
82,74,1789460360.609632,100.0,1,0,1.5456410256410256,1.5528937728937728,-0.77,0.652,-0.111,0.0,0.0,0.0
82,75,1789460360.619632,100.0,1,0,1.5456410256410256,1.5528937728937728,-0.775,0.651,-0.11,0.0,0.0,0.0
82,76,1789460360.629632,100.0,1,0,1.5456410256410256,1.5536996336996336,-0.771,0.649,-0.107,0.0,0.0,0.0
82,77,1789460360.639632,100.0,1,0,1.5448351648351648,1.5528937728937728,-0.767,0.648,-0.107,0.0,-1.0,1.0
82,78,1789460360.649632,100.0,1,0,1.5456410256410256,1.5528937728937728,-0.765,0.65,-0.113,0.0,0.0,0.0
82,79,1789460360.659632,100.0,1,0,1.5456410256410256,1.5528937728937728,-0.76,0.649,-0.113,0.0,0.0,0.0
82,80,1789460360.669632,100.0,1,0,1.5456410256410256,1.5528937728937728,-0.758,0.649,-0.112,0.0,0.0,0.0
82,81,1789460360.679632,100.0,1,0,1.5448351648351648,1.5536996336996336,-0.762,0.65,-0.113,0.0,0.0,0.0
82,82,1789460360.689632,100.0,1,0,1.5456410256410256,1.5528937728937728,-0.769,0.649,-0.114,0.0,0.0,0.0
82,83,1789460360.699632,100.0,1,0,1.5448351648351648,1.5528937728937728,-0.772,0.654,-0.113,0.0,0.0,0.0
82,84,1789460360.709632,100.0,1,0,1.5448351648351648,1.5536996336996336,-0.769,0.656,-0.113,0.0,0.0,1.0
82,85,1789460360.719632,100.0,1,0,1.5448351648351648,1.5528937728937728,-0.763,0.656,-0.114,0.0,0.0,0.0
82,86,1789460360.729632,100.0,1,0,1.5456410256410256,1.5528937728937728,-0.764,0.656,-0.112,0.0,0.0,0.0
82,87,1789460360.739632,100.0,1,0,1.5456410256410256,1.552087912087912,-0.765,0.658,-0.111,0.0,0.0,0.0
82,88,1789460360.749632,100.0,1,0,1.5456410256410256,1.5536996336996336,-0.767,0.658,-0.109,0.0,0.0,0.0
82,89,1789460360.759632,100.0,1,0,1.5448351648351648,1.5536996336996336,-0.769,0.658,-0.109,0.0,0.0,0.0
82,90,1789460360.769632,100.0,1,0,1.5456410256410256,1.5528937728937728,-0.77,0.659,-0.109,0.0,0.0,0.0
82,91,1789460360.779632,100.0,1,0,1.5448351648351648,1.5536996336996336,-0.769,0.66,-0.112,0.0,0.0,0.0
82,92,1789460360.789632,100.0,1,0,1.5456410256410256,1.5528937728937728,-0.764,0.66,-0.111,0.0,0.0,0.0
82,93,1789460360.799632,100.0,1,0,1.5448351648351648,1.5528937728937728,-0.76,0.658,-0.112,0.0,0.0,0.0
82,94,1789460360.809632,100.0,1,0,1.5448351648351648,1.5536996336996336,-0.756,0.657,-0.113,0.0,0.0,0.0
82,95,1789460360.819632,100.0,1,0,1.5456410256410256,1.5528937728937728,-0.76,0.653,-0.11,0.0,0.0,0.0
82,96,1789460360.829632,100.0,1,0,1.5464468864468865,1.5528937728937728,-0.77,0.649,-0.106,0.0,0.0,0.0
82,97,1789460360.839632,100.0,1,0,1.5456410256410256,1.5528937728937728,-0.774,0.648,-0.106,0.0,0.0,0.0
82,98,1789460360.849632,100.0,1,0,1.5464468864468865,1.552087912087912,-0.77,0.645,-0.109,0.0,0.0,0.0
82,99,1789460360.859632,100.0,1,0,1.5448351648351648,1.5528937728937728,-0.766,0.642,-0.104,0.0,0.0,0.0
83,0,1789460360.892515,100.0,1,0,1.5448351648351648,1.5528937728937728,-0.762,0.643,-0.104,0.0,0.0,0.0
83,1,1789460360.902515,100.0,1,0,1.544029304029304,1.552087912087912,-0.761,0.645,-0.108,0.0,0.0,0.0
83,2,1789460360.912515,100.0,1,0,1.5456410256410256,1.552087912087912,-0.772,0.646,-0.113,0.0,0.0,0.0
83,3,1789460360.922515,100.0,1,0,1.5448351648351648,1.5528937728937728,-0.782,0.651,-0.109,0.0,0.0,0.0
83,4,1789460360.932515,100.0,1,0,1.5448351648351648,1.552087912087912,-0.778,0.656,-0.108,0.0,0.0,1.0
83,5,1789460360.942515,100.0,1,0,1.5464468864468865,1.5512820512820513,-0.77,0.66,-0.114,0.0,0.0,1.0
83,6,1789460360.952515,100.0,1,0,1.5472527472527473,1.5512820512820513,-0.76,0.66,-0.121,0.0,0.0,1.0
83,7,1789460360.962515,100.0,1,0,1.5496703296703296,1.5488644688644688,-0.752,0.664,-0.118,-1.0,0.0,0.0
83,8,1789460360.972515,100.0,1,0,1.5496703296703296,1.5488644688644688,-0.753,0.666,-0.114,-1.0,1.0,0.0
83,9,1789460360.982515,100.0,1,0,1.5512820512820513,1.548058608058608,-0.755,0.666,-0.112,-1.0,1.0,0.0
83,10,1789460360.992515,100.0,1,0,1.5496703296703296,1.5488644688644688,-0.76,0.664,-0.11,-1.0,1.0,-1.0
83,11,1789460361.002515,100.0,1,0,1.552087912087912,1.5496703296703296,-0.77,0.66,-0.109,0.0,0.0,-1.0
83,12,1789460361.012516,100.0,1,0,1.5504761904761906,1.5488644688644688,-0.77,0.66,-0.109,0.0,0.0,0.0
83,13,1789460361.022516,100.0,1,0,1.5504761904761906,1.5496703296703296,-0.774,0.654,-0.111,0.0,0.0,0.0
83,14,1789460361.032516,100.0,1,0,1.5512820512820513,1.5504761904761906,-0.774,0.649,-0.111,0.0,0.0,0.0
83,15,1789460361.042516,100.0,1,0,1.5512820512820513,1.5472527472527473,-0.766,0.65,-0.111,0.0,0.0,0.0
83,16,1789460361.052516,100.0,1,0,1.552087912087912,1.5464468864468865,-0.762,0.647,-0.112,0.0,0.0,0.0
83,17,1789460361.062515,100.0,1,0,1.548058608058608,1.5464468864468865,-0.76,0.648,-0.116,0.0,0.0,0.0
83,18,1789460361.072515,100.0,1,0,1.5512820512820513,1.5456410256410256,-0.758,0.649,-0.117,0.0,0.0,0.0
83,19,1789460361.082515,100.0,1,0,1.5512820512820513,1.5456410256410256,-0.762,0.65,-0.117,0.0,0.0,0.0
83,20,1789460361.092515,100.0,1,0,1.5512820512820513,1.5456410256410256,-0.772,0.652,-0.111,0.0,0.0,0.0
83,21,1789460361.102515,100.0,1,0,1.5512820512820513,1.5456410256410256,-0.777,0.65,-0.107,0.0,0.0,0.0
83,22,1789460361.112515,100.0,1,0,1.5496703296703296,1.5448351648351648,-0.777,0.644,-0.109,0.0,0.0,0.0
83,23,1789460361.122515,100.0,1,0,1.5512820512820513,1.5456410256410256,-0.773,0.643,-0.112,0.0,0.0,0.0
83,24,1789460361.132515,100.0,1,0,1.5512820512820513,1.5448351648351648,-0.768,0.642,-0.111,0.0,0.0,0.0
83,25,1789460361.142515,100.0,1,0,1.5504761904761906,1.5448351648351648,-0.767,0.644,-0.113,0.0,0.0,0.0
83,26,1789460361.152515,100.0,1,0,1.5504761904761906,1.5456410256410256,-0.767,0.65,-0.11,0.0,0.0,0.0
83,27,1789460361.162515,100.0,1,0,1.552087912087912,1.5448351648351648,-0.767,0.652,-0.104,0.0,0.0,0.0
83,28,1789460361.172515,100.0,1,0,1.552087912087912,1.5456410256410256,-0.77,0.655,-0.109,0.0,0.0,0.0
83,29,1789460361.182515,100.0,1,0,1.552087912087912,1.5456410256410256,-0.774,0.659,-0.116,0.0,0.0,0.0
83,30,1789460361.192515,100.0,1,0,1.5512820512820513,1.5456410256410256,-0.77,0.658,-0.116,0.0,0.0,0.0
83,31,1789460361.202515,100.0,1,0,1.5528937728937728,1.5464468864468865,-0.765,0.657,-0.117,0.0,0.0,0.0
83,32,1789460361.212515,100.0,1,0,1.552087912087912,1.5456410256410256,-0.766,0.661,-0.115,0.0,0.0,0.0
83,33,1789460361.222515,100.0,1,0,1.5512820512820513,1.5464468864468865,-0.765,0.661,-0.112,0.0,0.0,0.0
83,34,1789460361.232515,100.0,1,0,1.5504761904761906,1.5464468864468865,-0.764,0.659,-0.111,0.0,0.0,0.0
83,35,1789460361.242515,100.0,1,0,1.5512820512820513,1.5512820512820513,-0.765,0.656,-0.108,0.0,0.0,0.0
83,36,1789460361.252515,100.0,1,0,1.5512820512820513,1.5496703296703296,-0.766,0.654,-0.112,0.0,0.0,0.0
83,37,1789460361.262516,100.0,1,0,1.5504761904761906,1.5512820512820513,-0.766,0.651,-0.113,0.0,0.0,0.0
83,38,1789460361.272516,100.0,1,0,1.5496703296703296,1.5504761904761906,-0.767,0.648,-0.111,0.0,0.0,0.0
83,39,1789460361.282516,100.0,1,0,1.5488644688644688,1.5496703296703296,-0.767,0.648,-0.112,0.0,0.0,0.0
83,40,1789460361.292516,100.0,1,0,1.5488644688644688,1.5488644688644688,-0.769,0.65,-0.113,0.0,0.0,0.0
83,41,1789460361.302516,100.0,1,0,1.5472527472527473,1.5496703296703296,-0.769,0.652,-0.112,0.0,0.0,0.0
83,42,1789460361.312515,100.0,1,0,1.5464468864468865,1.5496703296703296,-0.769,0.652,-0.108,0.0,0.0,0.0
83,43,1789460361.322515,100.0,1,0,1.5464468864468865,1.5504761904761906,-0.767,0.653,-0.109,0.0,0.0,0.0
83,44,1789460361.332515,100.0,1,0,1.5464468864468865,1.5512820512820513,-0.765,0.653,-0.113,0.0,0.0,0.0
83,45,1789460361.342515,100.0,1,0,1.5464468864468865,1.5512820512820513,-0.762,0.654,-0.114,0.0,0.0,0.0
83,46,1789460361.352515,100.0,1,0,1.5456410256410256,1.5512820512820513,-0.758,0.655,-0.111,0.0,0.0,0.0
83,47,1789460361.362515,100.0,1,0,1.5464468864468865,1.5512820512820513,-0.76,0.652,-0.111,0.0,0.0,0.0
83,48,1789460361.372515,100.0,1,0,1.5456410256410256,1.5512820512820513,-0.766,0.649,-0.112,0.0,0.0,0.0
83,49,1789460361.382515,100.0,1,0,1.5456410256410256,1.5512820512820513,-0.77,0.652,-0.113,0.0,0.0,0.0
83,50,1789460361.392515,100.0,1,0,1.5456410256410256,1.552087912087912,-0.771,0.652,-0.112,0.0,0.0,0.0
83,51,1789460361.402515,100.0,1,0,1.5456410256410256,1.552087912087912,-0.769,0.649,-0.113,0.0,0.0,0.0
83,52,1789460361.412515,100.0,1,0,1.5464468864468865,1.5512820512820513,-0.763,0.653,-0.11,0.0,0.0,0.0
83,53,1789460361.422515,100.0,1,0,1.5456410256410256,1.552087912087912,-0.764,0.656,-0.11,0.0,0.0,0.0
83,54,1789460361.432515,100.0,1,0,1.5448351648351648,1.552087912087912,-0.765,0.655,-0.113,0.0,0.0,0.0
83,55,1789460361.442515,100.0,1,0,1.5448351648351648,1.552087912087912,-0.765,0.657,-0.113,0.0,0.0,0.0
83,56,1789460361.452515,100.0,1,0,1.5448351648351648,1.552087912087912,-0.768,0.658,-0.114,0.0,0.0,0.0
83,57,1789460361.462515,100.0,1,0,1.5448351648351648,1.5528937728937728,-0.771,0.658,-0.115,0.0,0.0,0.0
83,58,1789460361.472515,100.0,1,0,1.5448351648351648,1.5528937728937728,-0.771,0.658,-0.112,0.0,0.0,0.0
83,59,1789460361.482515,100.0,1,0,1.5456410256410256,1.5528937728937728,-0.769,0.657,-0.112,0.0,0.0,0.0
83,60,1789460361.492515,100.0,1,0,1.5448351648351648,1.5528937728937728,-0.766,0.653,-0.11,0.0,0.0,0.0
83,61,1789460361.502515,100.0,1,0,1.544029304029304,1.5536996336996336,-0.763,0.651,-0.113,0.0,0.0,0.0
83,62,1789460361.512516,100.0,1,0,1.5456410256410256,1.5536996336996336,-0.764,0.65,-0.115,0.0,0.0,0.0
83,63,1789460361.522516,100.0,1,0,1.544029304029304,1.5536996336996336,-0.766,0.647,-0.113,0.0,0.0,0.0
83,64,1789460361.532516,100.0,1,0,1.5456410256410256,1.5528937728937728,-0.769,0.646,-0.112,0.0,0.0,0.0
83,65,1789460361.542516,100.0,1,0,1.5448351648351648,1.5536996336996336,-0.771,0.647,-0.11,0.0,0.0,0.0
83,66,1789460361.552516,100.0,1,0,1.544029304029304,1.5536996336996336,-0.77,0.648,-0.109,0.0,0.0,0.0
83,67,1789460361.562515,100.0,1,0,1.544029304029304,1.5536996336996336,-0.772,0.65,-0.113,0.0,0.0,0.0
83,68,1789460361.572515,100.0,1,0,1.5432234432234433,1.5545054945054946,-0.777,0.651,-0.112,0.0,0.0,0.0
83,69,1789460361.582515,100.0,1,0,1.544029304029304,1.5545054945054946,-0.775,0.652,-0.108,0.0,0.0,0.0
83,70,1789460361.592515,100.0,1,0,1.5432234432234433,1.5545054945054946,-0.77,0.652,-0.113,0.0,0.0,0.0
83,71,1789460361.602515,100.0,1,0,1.544029304029304,1.5545054945054946,-0.765,0.653,-0.12,0.0,-1.0,1.0
83,72,1789460361.612515,100.0,1,0,1.544029304029304,1.5545054945054946,-0.763,0.656,-0.12,0.0,0.0,0.0
83,73,1789460361.622515,100.0,1,0,1.5456410256410256,1.5536996336996336,-0.758,0.662,-0.116,0.0,0.0,0.0
83,74,1789460361.632515,100.0,1,0,1.5448351648351648,1.5536996336996336,-0.756,0.666,-0.115,0.0,0.0,0.0
83,75,1789460361.642515,100.0,1,0,1.544029304029304,1.5536996336996336,-0.755,0.664,-0.112,0.0,0.0,0.0
83,76,1789460361.652515,100.0,1,0,1.544029304029304,1.5545054945054946,-0.758,0.662,-0.114,0.0,0.0,-1.0
83,77,1789460361.662515,100.0,1,0,1.5456410256410256,1.5536996336996336,-0.765,0.656,-0.11,0.0,0.0,-1.0
83,78,1789460361.672515,100.0,1,0,1.5448351648351648,1.5545054945054946,-0.772,0.65,-0.107,0.0,0.0,-1.0
83,79,1789460361.682515,100.0,1,0,1.544029304029304,1.5536996336996336,-0.774,0.645,-0.109,0.0,0.0,0.0
83,80,1789460361.692515,100.0,1,0,1.5448351648351648,1.5545054945054946,-0.773,0.641,-0.108,0.0,0.0,0.0
83,81,1789460361.702515,100.0,1,0,1.5448351648351648,1.5536996336996336,-0.772,0.641,-0.11,0.0,0.0,0.0
83,82,1789460361.712515,100.0,1,0,1.5448351648351648,1.5528937728937728,-0.768,0.642,-0.111,1.0,0.0,0.0
83,83,1789460361.722515,100.0,1,0,1.544029304029304,1.5536996336996336,-0.764,0.647,-0.116,1.0,0.0,0.0
83,84,1789460361.732515,100.0,1,0,1.5456410256410256,1.5536996336996336,-0.765,0.653,-0.114,1.0,0.0,0.0
83,85,1789460361.742515,100.0,1,0,1.5448351648351648,1.5536996336996336,-0.765,0.653,-0.114,1.0,0.0,0.0
83,86,1789460361.752515,100.0,1,0,1.544029304029304,1.5536996336996336,-0.769,0.657,-0.112,0.0,0.0,0.0
83,87,1789460361.762516,100.0,1,0,1.544029304029304,1.5536996336996336,-0.768,0.662,-0.117,0.0,0.0,0.0
83,88,1789460361.772516,100.0,1,0,1.5448351648351648,1.5536996336996336,-0.763,0.659,-0.114,0.0,0.0,0.0
83,89,1789460361.782516,100.0,1,0,1.544029304029304,1.5536996336996336,-0.76,0.656,-0.109,0.0,0.0,0.0
83,90,1789460361.792516,100.0,1,0,1.5448351648351648,1.5545054945054946,-0.765,0.655,-0.113,-1.0,1.0,-1.0
83,91,1789460361.802516,100.0,1,0,1.544029304029304,1.5545054945054946,-0.773,0.651,-0.112,0.0,1.0,-1.0
83,92,1789460361.812515,100.0,1,0,1.544029304029304,1.5545054945054946,-0.779,0.648,-0.107,0.0,0.0,0.0
83,93,1789460361.822515,100.0,1,0,1.5432234432234433,1.5553113553113553,-0.783,0.645,-0.106,0.0,0.0,0.0
83,94,1789460361.832515,100.0,1,0,1.5424175824175823,1.556117216117216,-0.779,0.643,-0.11,0.0,-1.0,0.0
83,95,1789460361.842515,100.0,1,0,1.5432234432234433,1.5545054945054946,-0.776,0.64,-0.116,0.0,-1.0,0.0
83,96,1789460361.852515,100.0,1,0,1.5448351648351648,1.5545054945054946,-0.77,0.643,-0.114,0.0,-1.0,0.0
83,97,1789460361.862515,100.0,1,0,1.5432234432234433,1.5553113553113553,-0.766,0.649,-0.112,1.0,-1.0,1.0
83,98,1789460361.872515,100.0,1,0,1.544029304029304,1.5545054945054946,-0.761,0.653,-0.111,1.0,-1.0,1.0
83,99,1789460361.882515,100.0,1,0,1.5432234432234433,1.5553113553113553,-0.755,0.66,-0.115,1.0,0.0,0.0
84,0,1789460361.848034,100.0,1,0,1.544029304029304,1.5553113553113553,-0.759,0.662,-0.116,0.0,0.0,0.0
84,1,1789460361.858034,100.0,1,0,1.5448351648351648,1.5553113553113553,-0.763,0.661,-0.112,0.0,0.0,0.0
84,2,1789460361.868034,100.0,1,0,1.544029304029304,1.5553113553113553,-0.768,0.66,-0.108,-1.0,0.0,0.0
84,3,1789460361.878034,100.0,1,0,1.544029304029304,1.5545054945054946,-0.771,0.654,-0.106,-1.0,0.0,0.0
84,4,1789460361.888034,100.0,1,0,1.544029304029304,1.5545054945054946,-0.77,0.649,-0.11,0.0,0.0,0.0
84,5,1789460361.898034,100.0,1,0,1.5432234432234433,1.556117216117216,-0.77,0.649,-0.11,0.0,0.0,0.0
84,6,1789460361.908034,100.0,1,0,1.544029304029304,1.5553113553113553,-0.766,0.648,-0.111,0.0,0.0,0.0
84,7,1789460361.918034,100.0,1,0,1.544029304029304,1.5536996336996336,-0.763,0.651,-0.113,0.0,0.0,0.0
84,8,1789460361.928034,100.0,1,0,1.544029304029304,1.5545054945054946,-0.761,0.653,-0.112,0.0,0.0,0.0
84,9,1789460361.938034,100.0,1,0,1.5432234432234433,1.5553113553113553,-0.762,0.652,-0.11,0.0,0.0,0.0
84,10,1789460361.948034,100.0,1,0,1.5432234432234433,1.556117216117216,-0.767,0.652,-0.108,0.0,0.0,0.0
84,11,1789460361.958034,100.0,1,0,1.5432234432234433,1.5545054945054946,-0.774,0.651,-0.105,0.0,0.0,0.0
84,12,1789460361.968034,100.0,1,0,1.5432234432234433,1.556117216117216,-0.772,0.65,-0.106,0.0,0.0,0.0
84,13,1789460361.978034,100.0,1,0,1.544029304029304,1.5545054945054946,-0.767,0.649,-0.108,0.0,0.0,0.0
84,14,1789460361.988034,100.0,1,0,1.5432234432234433,1.5553113553113553,-0.761,0.652,-0.111,0.0,0.0,0.0
84,15,1789460361.998034,100.0,1,0,1.544029304029304,1.5545054945054946,-0.76,0.652,-0.115,0.0,0.0,0.0
84,16,1789460362.008034,100.0,1,0,1.5432234432234433,1.5553113553113553,-0.763,0.656,-0.116,0.0,0.0,0.0
84,17,1789460362.018034,100.0,1,0,1.544029304029304,1.5545054945054946,-0.766,0.657,-0.112,0.0,0.0,0.0
84,18,1789460362.028034,100.0,1,0,1.5432234432234433,1.5553113553113553,-0.768,0.654,-0.109,0.0,0.0,0.0
84,19,1789460362.038034,100.0,1,0,1.544029304029304,1.5553113553113553,-0.771,0.652,-0.112,0.0,0.0,0.0
84,20,1789460362.048034,100.0,1,0,1.5432234432234433,1.5545054945054946,-0.772,0.653,-0.111,0.0,0.0,0.0
84,21,1789460362.058034,100.0,1,0,1.5432234432234433,1.5553113553113553,-0.769,0.652,-0.105,0.0,0.0,0.0
84,22,1789460362.068034,100.0,1,0,1.544029304029304,1.5536996336996336,-0.767,0.65,-0.108,0.0,0.0,0.0
84,23,1789460362.078034,100.0,1,0,1.544029304029304,1.5545054945054946,-0.766,0.651,-0.111,0.0,0.0,0.0
84,24,1789460362.088034,100.0,1,0,1.5432234432234433,1.5553113553113553,-0.762,0.653,-0.112,0.0,0.0,0.0
84,25,1789460362.098034,100.0,1,0,1.5432234432234433,1.5545054945054946,-0.766,0.649,-0.114,0.0,0.0,0.0
84,26,1789460362.108034,100.0,1,0,1.544029304029304,1.5545054945054946,-0.771,0.648,-0.109,-1.0,0.0,0.0
84,27,1789460362.118034,100.0,1,0,1.544029304029304,1.5545054945054946,-0.773,0.65,-0.103,-1.0,0.0,0.0
84,28,1789460362.128034,100.0,1,0,1.544029304029304,1.5545054945054946,-0.771,0.647,-0.102,0.0,0.0,0.0
84,29,1789460362.138034,100.0,1,0,1.544029304029304,1.5545054945054946,-0.77,0.646,-0.107,0.0,0.0,0.0
84,30,1789460362.148034,100.0,1,0,1.5448351648351648,1.5545054945054946,-0.774,0.647,-0.109,0.0,0.0,0.0
84,31,1789460362.158034,100.0,1,0,1.5448351648351648,1.5536996336996336,-0.775,0.65,-0.108,0.0,0.0,1.0
84,32,1789460362.168034,100.0,1,0,1.544029304029304,1.5536996336996336,-0.768,0.652,-0.108,1.0,0.0,1.0
84,33,1789460362.178034,100.0,1,0,1.5448351648351648,1.5536996336996336,-0.759,0.654,-0.114,1.0,0.0,1.0
84,34,1789460362.188034,100.0,1,0,1.544029304029304,1.5536996336996336,-0.755,0.656,-0.116,0.0,0.0,0.0
84,35,1789460362.198034,100.0,1,0,1.5456410256410256,1.5528937728937728,-0.755,0.655,-0.117,0.0,0.0,0.0
84,36,1789460362.208034,100.0,1,0,1.5448351648351648,1.5528937728937728,-0.762,0.657,-0.111,0.0,0.0,0.0
84,37,1789460362.218034,100.0,1,0,1.5456410256410256,1.5528937728937728,-0.769,0.656,-0.108,0.0,0.0,0.0
84,38,1789460362.228034,100.0,1,0,1.5464468864468865,1.5528937728937728,-0.769,0.655,-0.105,0.0,0.0,0.0
84,39,1789460362.238034,100.0,1,0,1.5472527472527473,1.5528937728937728,-0.767,0.654,-0.109,0.0,0.0,0.0
84,40,1789460362.248034,100.0,1,0,1.5512820512820513,1.552087912087912,-0.763,0.653,-0.114,0.0,0.0,0.0
84,41,1789460362.258034,100.0,1,0,1.5512820512820513,1.5512820512820513,-0.759,0.655,-0.117,0.0,0.0,0.0
84,42,1789460362.268034,100.0,1,0,1.5488644688644688,1.5528937728937728,-0.761,0.659,-0.12,0.0,0.0,0.0
84,43,1789460362.278034,100.0,1,0,1.5496703296703296,1.552087912087912,-0.765,0.661,-0.116,0.0,0.0,0.0
84,44,1789460362.288034,100.0,1,0,1.5488644688644688,1.5504761904761906,-0.765,0.662,-0.115,0.0,0.0,0.0
84,45,1789460362.298034,100.0,1,0,1.5504761904761906,1.552087912087912,-0.768,0.66,-0.114,0.0,0.0,0.0
84,46,1789460362.308034,100.0,1,0,1.5512820512820513,1.552087912087912,-0.771,0.657,-0.112,-1.0,0.0,0.0
84,47,1789460362.318034,100.0,1,0,1.5504761904761906,1.552087912087912,-0.772,0.652,-0.112,-1.0,0.0,0.0
84,48,1789460362.328034,100.0,1,0,1.552087912087912,1.5512820512820513,-0.77,0.649,-0.114,0.0,0.0,0.0
84,49,1789460362.338034,100.0,1,0,1.5512820512820513,1.5512820512820513,-0.766,0.648,-0.113,0.0,0.0,0.0
84,50,1789460362.348034,100.0,1,0,1.5504761904761906,1.5512820512820513,-0.769,0.647,-0.112,-1.0,0.0,0.0
84,51,1789460362.358034,100.0,1,0,1.5512820512820513,1.5504761904761906,-0.772,0.649,-0.112,-1.0,0.0,0.0
84,52,1789460362.368034,100.0,1,0,1.548058608058608,1.552087912087912,-0.776,0.649,-0.107,0.0,0.0,0.0
84,53,1789460362.378034,100.0,1,0,1.5504761904761906,1.5512820512820513,-0.77,0.652,-0.103,0.0,0.0,0.0
84,54,1789460362.388034,100.0,1,0,1.5504761904761906,1.552087912087912,-0.766,0.652,-0.106,0.0,0.0,0.0
84,55,1789460362.398034,100.0,1,0,1.5464468864468865,1.5528937728937728,-0.765,0.651,-0.111,0.0,0.0,0.0
84,56,1789460362.408034,100.0,1,0,1.5472527472527473,1.5512820512820513,-0.764,0.65,-0.114,0.0,0.0,0.0
84,57,1789460362.418034,100.0,1,0,1.5464468864468865,1.5512820512820513,-0.764,0.65,-0.114,0.0,0.0,0.0
84,58,1789460362.428034,100.0,1,0,1.5488644688644688,1.5512820512820513,-0.764,0.649,-0.114,0.0,0.0,0.0
84,59,1789460362.438034,100.0,1,0,1.5512820512820513,1.5512820512820513,-0.766,0.651,-0.112,0.0,0.0,0.0
84,60,1789460362.448034,100.0,1,0,1.5504761904761906,1.552087912087912,-0.768,0.653,-0.109,0.0,0.0,0.0
84,61,1789460362.458034,100.0,1,0,1.5496703296703296,1.552087912087912,-0.769,0.652,-0.106,0.0,0.0,0.0
84,62,1789460362.468034,100.0,1,0,1.5504761904761906,1.5512820512820513,-0.769,0.651,-0.105,0.0,0.0,0.0
84,63,1789460362.478034,100.0,1,0,1.5512820512820513,1.552087912087912,-0.767,0.651,-0.108,0.0,0.0,0.0
84,64,1789460362.488034,100.0,1,0,1.5496703296703296,1.552087912087912,-0.767,0.651,-0.113,0.0,0.0,0.0
84,65,1789460362.498034,100.0,1,0,1.5512820512820513,1.5512820512820513,-0.767,0.646,-0.113,0.0,0.0,0.0
84,66,1789460362.508034,100.0,1,0,1.5512820512820513,1.5512820512820513,-0.769,0.646,-0.113,0.0,0.0,0.0
84,67,1789460362.518034,100.0,1,0,1.5504761904761906,1.5512820512820513,-0.769,0.646,-0.11,0.0,0.0,0.0
84,68,1789460362.528034,100.0,1,0,1.5504761904761906,1.552087912087912,-0.771,0.647,-0.111,1.0,0.0,0.0
84,69,1789460362.538034,100.0,1,0,1.5504761904761906,1.5528937728937728,-0.772,0.655,-0.112,1.0,0.0,1.0
84,70,1789460362.548034,100.0,1,0,1.552087912087912,1.5512820512820513,-0.768,0.659,-0.113,1.0,0.0,1.0
84,71,1789460362.558034,100.0,1,0,1.5504761904761906,1.552087912087912,-0.763,0.66,-0.113,0.0,0.0,0.0
84,72,1789460362.568034,100.0,1,0,1.5496703296703296,1.5512820512820513,-0.759,0.658,-0.114,0.0,0.0,0.0
84,73,1789460362.578034,100.0,1,0,1.552087912087912,1.5512820512820513,-0.76,0.655,-0.116,0.0,1.0,0.0
84,74,1789460362.588034,100.0,1,0,1.5512820512820513,1.552087912087912,-0.764,0.653,-0.116,0.0,1.0,0.0
84,75,1789460362.598034,100.0,1,0,1.552087912087912,1.5512820512820513,-0.775,0.65,-0.113,0.0,0.0,0.0
84,76,1789460362.608034,100.0,1,0,1.5528937728937728,1.5512820512820513,-0.777,0.651,-0.11,0.0,0.0,0.0
84,77,1789460362.618034,100.0,1,0,1.5488644688644688,1.5488644688644688,-0.774,0.654,-0.112,0.0,0.0,0.0
84,78,1789460362.628034,100.0,1,0,1.5496703296703296,1.5496703296703296,-0.771,0.655,-0.114,0.0,0.0,0.0
84,79,1789460362.638034,100.0,1,0,1.5512820512820513,1.5512820512820513,-0.767,0.657,-0.114,0.0,0.0,0.0
84,80,1789460362.648034,100.0,1,0,1.5512820512820513,1.552087912087912,-0.761,0.658,-0.113,0.0,0.0,0.0
84,81,1789460362.658034,100.0,1,0,1.552087912087912,1.5512820512820513,-0.758,0.656,-0.114,0.0,0.0,0.0
84,82,1789460362.668034,100.0,1,0,1.5512820512820513,1.5512820512820513,-0.759,0.654,-0.115,-1.0,0.0,0.0
84,83,1789460362.678034,100.0,1,0,1.5504761904761906,1.5512820512820513,-0.761,0.651,-0.117,-1.0,0.0,0.0
84,84,1789460362.688034,100.0,1,0,1.5504761904761906,1.552087912087912,-0.768,0.652,-0.113,0.0,0.0,0.0
84,85,1789460362.698034,100.0,1,0,1.5512820512820513,1.5504761904761906,-0.774,0.652,-0.109,0.0,0.0,0.0
84,86,1789460362.708034,100.0,1,0,1.5496703296703296,1.5504761904761906,-0.775,0.651,-0.108,0.0,0.0,0.0
84,87,1789460362.718034,100.0,1,0,1.5512820512820513,1.552087912087912,-0.771,0.651,-0.107,0.0,0.0,0.0
84,88,1789460362.728034,100.0,1,0,1.5504761904761906,1.5528937728937728,-0.765,0.652,-0.11,0.0,0.0,0.0
84,89,1789460362.738034,100.0,1,0,1.5504761904761906,1.5512820512820513,-0.759,0.652,-0.111,0.0,0.0,0.0
84,90,1789460362.748034,100.0,1,0,1.548058608058608,1.5512820512820513,-0.756,0.651,-0.111,0.0,0.0,0.0
84,91,1789460362.758034,100.0,1,0,1.5512820512820513,1.552087912087912,-0.761,0.65,-0.107,0.0,1.0,0.0
84,92,1789460362.768034,100.0,1,0,1.5496703296703296,1.5528937728937728,-0.769,0.648,-0.107,0.0,0.0,0.0
84,93,1789460362.778034,100.0,1,0,1.5488644688644688,1.5512820512820513,-0.781,0.646,-0.108,0.0,0.0,0.0
84,94,1789460362.788034,100.0,1,0,1.5512820512820513,1.5488644688644688,-0.784,0.648,-0.107,0.0,0.0,1.0
84,95,1789460362.798034,100.0,1,0,1.552087912087912,1.548058608058608,-0.774,0.65,-0.107,1.0,0.0,1.0
84,96,1789460362.808034,100.0,1,0,1.552087912087912,1.5472527472527473,-0.767,0.652,-0.113,1.0,-1.0,2.0
84,97,1789460362.818034,100.0,1,0,1.552087912087912,1.5464468864468865,-0.763,0.656,-0.119,1.0,0.0,1.0
84,98,1789460362.828034,100.0,1,0,1.5528937728937728,1.5456410256410256,-0.757,0.661,-0.122,1.0,0.0,1.0
84,99,1789460362.838034,100.0,1,0,1.5528937728937728,1.5448351648351648,-0.755,0.666,-0.12,0.0,0.0,0.0
85,0,1789460362.866826,100.0,1,0,1.5536996336996336,1.5448351648351648,-0.758,0.668,-0.116,0.0,0.0,0.0
85,1,1789460362.876826,100.0,1,0,1.5528937728937728,1.5456410256410256,-0.762,0.67,-0.113,0.0,0.0,0.0
85,2,1789460362.886826,100.0,1,0,1.5536996336996336,1.5448351648351648,-0.766,0.669,-0.113,-1.0,0.0,0.0
85,3,1789460362.896826,100.0,1,0,1.5545054945054946,1.5456410256410256,-0.763,0.662,-0.111,-1.0,0.0,0.0
85,4,1789460362.906826,100.0,1,0,1.5528937728937728,1.5448351648351648,-0.764,0.656,-0.111,0.0,0.0,-1.0
85,5,1789460362.916826,100.0,1,0,1.5528937728937728,1.5464468864468865,-0.764,0.651,-0.114,0.0,0.0,-1.0
85,6,1789460362.926826,100.0,1,0,1.5528937728937728,1.5456410256410256,-0.763,0.649,-0.115,0.0,0.0,-1.0
85,7,1789460362.936826,100.0,1,0,1.5536996336996336,1.544029304029304,-0.767,0.65,-0.114,0.0,0.0,-1.0
85,8,1789460362.946826,100.0,1,0,1.5528937728937728,1.5448351648351648,-0.768,0.648,-0.114,0.0,0.0,0.0
85,9,1789460362.956826,100.0,1,0,1.5528937728937728,1.544029304029304,-0.769,0.648,-0.114,0.0,0.0,0.0
85,10,1789460362.966826,100.0,1,0,1.5528937728937728,1.544029304029304,-0.769,0.651,-0.112,0.0,0.0,0.0
85,11,1789460362.976826,100.0,1,0,1.5536996336996336,1.5432234432234433,-0.77,0.651,-0.111,0.0,0.0,0.0
85,12,1789460362.986826,100.0,1,0,1.5528937728937728,1.544029304029304,-0.766,0.65,-0.113,0.0,0.0,0.0
85,13,1789460362.996826,100.0,1,0,1.5528937728937728,1.544029304029304,-0.761,0.648,-0.114,0.0,0.0,0.0
85,14,1789460363.006826,100.0,1,0,1.5528937728937728,1.544029304029304,-0.757,0.65,-0.113,0.0,0.0,0.0
85,15,1789460363.016826,100.0,1,0,1.552087912087912,1.544029304029304,-0.766,0.65,-0.118,0.0,1.0,0.0
85,16,1789460363.026826,100.0,1,0,1.5536996336996336,1.5432234432234433,-0.776,0.654,-0.113,0.0,1.0,0.0
85,17,1789460363.036826,100.0,1,0,1.5536996336996336,1.5432234432234433,-0.778,0.658,-0.101,0.0,0.0,0.0
85,18,1789460363.046826,100.0,1,0,1.5536996336996336,1.5424175824175823,-0.774,0.655,-0.104,0.0,0.0,0.0
85,19,1789460363.056826,100.0,1,0,1.5528937728937728,1.5432234432234433,-0.77,0.653,-0.114,0.0,0.0,0.0
85,20,1789460363.066826,100.0,1,0,1.5536996336996336,1.544029304029304,-0.767,0.65,-0.118,0.0,0.0,0.0
85,21,1789460363.076826,100.0,1,0,1.5536996336996336,1.544029304029304,-0.764,0.65,-0.12,0.0,0.0,0.0
85,22,1789460363.086826,100.0,1,0,1.5545054945054946,1.5448351648351648,-0.767,0.651,-0.114,0.0,0.0,0.0
85,23,1789460363.096826,100.0,1,0,1.5536996336996336,1.5432234432234433,-0.771,0.655,-0.112,0.0,0.0,0.0
85,24,1789460363.106826,100.0,1,0,1.5536996336996336,1.544029304029304,-0.769,0.652,-0.108,0.0,0.0,0.0
85,25,1789460363.116826,100.0,1,0,1.5536996336996336,1.5432234432234433,-0.766,0.652,-0.11,0.0,0.0,0.0
85,26,1789460363.126826,100.0,1,0,1.5536996336996336,1.5432234432234433,-0.768,0.651,-0.112,0.0,0.0,0.0
85,27,1789460363.136826,100.0,1,0,1.5536996336996336,1.5432234432234433,-0.77,0.649,-0.113,0.0,0.0,0.0
85,28,1789460363.146826,100.0,1,0,1.5536996336996336,1.544029304029304,-0.769,0.646,-0.113,0.0,0.0,0.0
85,29,1789460363.156826,100.0,1,0,1.5536996336996336,1.5432234432234433,-0.774,0.647,-0.112,0.0,0.0,0.0
85,30,1789460363.166826,100.0,1,0,1.5528937728937728,1.5432234432234433,-0.774,0.647,-0.112,0.0,0.0,0.0
85,31,1789460363.176826,100.0,1,0,1.5528937728937728,1.5432234432234433,-0.773,0.65,-0.112,0.0,0.0,0.0
85,32,1789460363.186826,100.0,1,0,1.5528937728937728,1.5424175824175823,-0.766,0.651,-0.113,0.0,0.0,0.0
85,33,1789460363.196826,100.0,1,0,1.5536996336996336,1.5432234432234433,-0.763,0.651,-0.114,0.0,0.0,0.0
85,34,1789460363.206826,100.0,1,0,1.5528937728937728,1.544029304029304,-0.761,0.65,-0.114,0.0,0.0,0.0
85,35,1789460363.216826,100.0,1,0,1.5528937728937728,1.544029304029304,-0.76,0.649,-0.113,0.0,0.0,0.0
85,36,1789460363.226826,100.0,1,0,1.552087912087912,1.544029304029304,-0.766,0.645,-0.11,0.0,0.0,0.0
85,37,1789460363.236826,100.0,1,0,1.5528937728937728,1.544029304029304,-0.771,0.644,-0.112,0.0,0.0,0.0
85,38,1789460363.246826,100.0,1,0,1.552087912087912,1.544029304029304,-0.772,0.646,-0.11,0.0,0.0,0.0
85,39,1789460363.256826,100.0,1,0,1.552087912087912,1.544029304029304,-0.775,0.649,-0.111,0.0,0.0,0.0
85,40,1789460363.266826,100.0,1,0,1.552087912087912,1.544029304029304,-0.772,0.654,-0.113,0.0,0.0,1.0
85,41,1789460363.276826,100.0,1,0,1.552087912087912,1.5448351648351648,-0.764,0.659,-0.113,0.0,0.0,1.0
85,42,1789460363.286826,100.0,1,0,1.552087912087912,1.5448351648351648,-0.761,0.665,-0.113,0.0,0.0,0.0
85,43,1789460363.296826,100.0,1,0,1.5528937728937728,1.544029304029304,-0.759,0.664,-0.115,0.0,0.0,0.0
85,44,1789460363.306826,100.0,1,0,1.5512820512820513,1.5448351648351648,-0.759,0.658,-0.113,0.0,0.0,0.0
85,45,1789460363.316826,100.0,1,0,1.552087912087912,1.544029304029304,-0.762,0.655,-0.113,-1.0,0.0,0.0
85,46,1789460363.326826,100.0,1,0,1.5512820512820513,1.5448351648351648,-0.768,0.649,-0.114,-1.0,0.0,0.0
85,47,1789460363.336826,100.0,1,0,1.552087912087912,1.544029304029304,-0.773,0.645,-0.112,0.0,0.0,0.0
85,48,1789460363.346826,100.0,1,0,1.5528937728937728,1.5432234432234433,-0.777,0.645,-0.11,0.0,0.0,0.0
85,49,1789460363.356826,100.0,1,0,1.5528937728937728,1.5432234432234433,-0.778,0.649,-0.11,0.0,0.0,0.0
85,50,1789460363.366826,100.0,1,0,1.5512820512820513,1.544029304029304,-0.775,0.65,-0.106,0.0,0.0,0.0
85,51,1789460363.376826,100.0,1,0,1.552087912087912,1.544029304029304,-0.771,0.651,-0.109,0.0,-1.0,0.0
85,52,1789460363.386826,100.0,1,0,1.552087912087912,1.544029304029304,-0.767,0.654,-0.115,0.0,-1.0,0.0
85,53,1789460363.396826,100.0,1,0,1.5512820512820513,1.5432234432234433,-0.759,0.655,-0.113,0.0,0.0,0.0
85,54,1789460363.406826,100.0,1,0,1.552087912087912,1.5432234432234433,-0.753,0.654,-0.111,0.0,0.0,0.0
85,55,1789460363.416826,100.0,1,0,1.5512820512820513,1.544029304029304,-0.757,0.655,-0.108,0.0,0.0,0.0
85,56,1789460363.426826,100.0,1,0,1.552087912087912,1.5432234432234433,-0.767,0.655,-0.109,0.0,1.0,0.0
85,57,1789460363.436826,100.0,1,0,1.5512820512820513,1.5432234432234433,-0.775,0.654,-0.111,0.0,0.0,0.0
85,58,1789460363.446826,100.0,1,0,1.552087912087912,1.5448351648351648,-0.777,0.653,-0.107,0.0,0.0,0.0
85,59,1789460363.456826,100.0,1,0,1.5512820512820513,1.5432234432234433,-0.772,0.652,-0.111,0.0,0.0,0.0
85,60,1789460363.466826,100.0,1,0,1.552087912087912,1.5448351648351648,-0.769,0.656,-0.12,0.0,0.0,0.0
85,61,1789460363.476826,100.0,1,0,1.552087912087912,1.5432234432234433,-0.76,0.661,-0.119,0.0,0.0,0.0
85,62,1789460363.486826,100.0,1,0,1.552087912087912,1.5432234432234433,-0.752,0.663,-0.117,0.0,0.0,0.0
85,63,1789460363.496826,100.0,1,0,1.552087912087912,1.544029304029304,-0.754,0.666,-0.117,0.0,0.0,0.0
85,64,1789460363.506826,100.0,1,0,1.552087912087912,1.5424175824175823,-0.761,0.666,-0.116,0.0,0.0,0.0
85,65,1789460363.516826,100.0,1,0,1.552087912087912,1.5432234432234433,-0.763,0.667,-0.113,-1.0,0.0,-1.0
85,66,1789460363.526826,100.0,1,0,1.552087912087912,1.544029304029304,-0.763,0.663,-0.112,-1.0,0.0,-1.0
85,67,1789460363.536826,100.0,1,0,1.552087912087912,1.5432234432234433,-0.767,0.656,-0.113,-1.0,0.0,-1.0
85,68,1789460363.546826,100.0,1,0,1.552087912087912,1.5432234432234433,-0.767,0.653,-0.113,-1.0,0.0,-1.0
85,69,1789460363.556826,100.0,1,0,1.5504761904761906,1.544029304029304,-0.766,0.651,-0.11,0.0,0.0,0.0
85,70,1789460363.566826,100.0,1,0,1.5512820512820513,1.544029304029304,-0.762,0.649,-0.11,0.0,0.0,-1.0
85,71,1789460363.576826,100.0,1,0,1.5504761904761906,1.544029304029304,-0.765,0.649,-0.114,0.0,0.0,-1.0
85,72,1789460363.586826,100.0,1,0,1.5472527472527473,1.544029304029304,-0.77,0.651,-0.116,0.0,0.0,0.0
85,73,1789460363.596826,100.0,1,0,1.5504761904761906,1.5432234432234433,-0.77,0.653,-0.113,0.0,0.0,0.0
85,74,1789460363.606826,100.0,1,0,1.5504761904761906,1.5448351648351648,-0.771,0.654,-0.11,0.0,0.0,0.0
85,75,1789460363.616826,100.0,1,0,1.5496703296703296,1.5432234432234433,-0.769,0.654,-0.111,0.0,0.0,0.0
85,76,1789460363.626826,100.0,1,0,1.5464468864468865,1.544029304029304,-0.765,0.651,-0.114,0.0,0.0,0.0
85,77,1789460363.636826,100.0,1,0,1.548058608058608,1.5432234432234433,-0.762,0.646,-0.113,0.0,0.0,0.0
85,78,1789460363.646826,100.0,1,0,1.5488644688644688,1.5432234432234433,-0.765,0.647,-0.113,0.0,0.0,0.0
85,79,1789460363.656826,100.0,1,0,1.5472527472527473,1.544029304029304,-0.772,0.644,-0.109,0.0,0.0,0.0
85,80,1789460363.666826,100.0,1,0,1.5496703296703296,1.544029304029304,-0.776,0.643,-0.104,0.0,0.0,0.0
85,81,1789460363.676826,100.0,1,0,1.5504761904761906,1.5432234432234433,-0.779,0.644,-0.107,0.0,0.0,0.0
85,82,1789460363.686826,100.0,1,0,1.5472527472527473,1.544029304029304,-0.778,0.648,-0.112,0.0,0.0,0.0
85,83,1789460363.696826,100.0,1,0,1.5472527472527473,1.544029304029304,-0.773,0.647,-0.116,0.0,0.0,0.0
85,84,1789460363.706826,100.0,1,0,1.5496703296703296,1.544029304029304,-0.77,0.651,-0.115,0.0,0.0,0.0
85,85,1789460363.716826,100.0,1,0,1.548058608058608,1.5448351648351648,-0.769,0.654,-0.113,0.0,0.0,0.0
85,86,1789460363.726826,100.0,1,0,1.5512820512820513,1.5448351648351648,-0.767,0.654,-0.111,0.0,0.0,0.0
85,87,1789460363.736826,100.0,1,0,1.5496703296703296,1.5448351648351648,-0.767,0.653,-0.109,0.0,-1.0,0.0
85,88,1789460363.746826,100.0,1,0,1.5496703296703296,1.5464468864468865,-0.765,0.655,-0.11,0.0,0.0,0.0
85,89,1789460363.756826,100.0,1,0,1.5472527472527473,1.5456410256410256,-0.765,0.654,-0.112,0.0,0.0,0.0
85,90,1789460363.766826,100.0,1,0,1.5464468864468865,1.5464468864468865,-0.765,0.654,-0.115,0.0,0.0,0.0
85,91,1789460363.776826,100.0,1,0,1.5464468864468865,1.5456410256410256,-0.769,0.655,-0.113,0.0,0.0,0.0
85,92,1789460363.786826,100.0,1,0,1.5464468864468865,1.548058608058608,-0.769,0.652,-0.112,0.0,0.0,0.0
85,93,1789460363.796826,100.0,1,0,1.5464468864468865,1.5488644688644688,-0.77,0.649,-0.11,0.0,0.0,0.0
85,94,1789460363.806826,100.0,1,0,1.5456410256410256,1.5488644688644688,-0.77,0.647,-0.109,0.0,0.0,0.0
85,95,1789460363.816826,100.0,1,0,1.5464468864468865,1.5472527472527473,-0.77,0.644,-0.111,0.0,0.0,0.0
85,96,1789460363.826826,100.0,1,0,1.5456410256410256,1.5496703296703296,-0.77,0.647,-0.109,0.0,0.0,0.0
85,97,1789460363.836826,100.0,1,0,1.5456410256410256,1.5504761904761906,-0.769,0.647,-0.11,1.0,-1.0,0.0
85,98,1789460363.846826,100.0,1,0,1.5448351648351648,1.552087912087912,-0.766,0.65,-0.108,1.0,-1.0,0.0
85,99,1789460363.856826,100.0,1,0,1.5456410256410256,1.5496703296703296,-0.768,0.653,-0.111,0.0,0.0,0.0
86,0,1789460363.827117,100.0,1,0,1.5448351648351648,1.5512820512820513,-0.765,0.654,-0.112,0.0,0.0,0.0
86,1,1789460363.837117,100.0,1,0,1.5448351648351648,1.5512820512820513,-0.761,0.657,-0.113,0.0,0.0,0.0
86,2,1789460363.847117,100.0,1,0,1.5456410256410256,1.5512820512820513,-0.758,0.658,-0.114,0.0,0.0,0.0
86,3,1789460363.857117,100.0,1,0,1.5448351648351648,1.5504761904761906,-0.765,0.656,-0.115,0.0,0.0,0.0
86,4,1789460363.867117,100.0,1,0,1.5448351648351648,1.5504761904761906,-0.769,0.657,-0.111,0.0,0.0,0.0
86,5,1789460363.877117,100.0,1,0,1.5448351648351648,1.552087912087912,-0.769,0.657,-0.111,0.0,0.0,0.0
86,6,1789460363.887117,100.0,1,0,1.5448351648351648,1.552087912087912,-0.77,0.656,-0.107,0.0,0.0,0.0
86,7,1789460363.897117,100.0,1,0,1.5456410256410256,1.5512820512820513,-0.773,0.653,-0.107,0.0,0.0,0.0
86,8,1789460363.907117,100.0,1,0,1.5448351648351648,1.552087912087912,-0.774,0.653,-0.107,0.0,0.0,0.0
86,9,1789460363.917117,100.0,1,0,1.5448351648351648,1.5512820512820513,-0.77,0.651,-0.109,0.0,0.0,0.0
86,10,1789460363.927117,100.0,1,0,1.5448351648351648,1.552087912087912,-0.766,0.65,-0.113,0.0,0.0,0.0
86,11,1789460363.937117,100.0,1,0,1.544029304029304,1.552087912087912,-0.765,0.65,-0.113,0.0,0.0,0.0
86,12,1789460363.947117,100.0,1,0,1.5448351648351648,1.5512820512820513,-0.764,0.652,-0.112,0.0,0.0,0.0
86,13,1789460363.957117,100.0,1,0,1.5448351648351648,1.5512820512820513,-0.766,0.651,-0.109,0.0,0.0,0.0
86,14,1789460363.967117,100.0,1,0,1.5448351648351648,1.5512820512820513,-0.772,0.65,-0.107,0.0,0.0,0.0
86,15,1789460363.977117,100.0,1,0,1.544029304029304,1.552087912087912,-0.769,0.651,-0.113,0.0,-1.0,0.0
86,16,1789460363.987117,100.0,1,0,1.5448351648351648,1.552087912087912,-0.766,0.652,-0.112,0.0,0.0,0.0
86,17,1789460363.997117,100.0,1,0,1.544029304029304,1.552087912087912,-0.763,0.651,-0.108,0.0,0.0,0.0
86,18,1789460364.007117,100.0,1,0,1.5448351648351648,1.552087912087912,-0.761,0.652,-0.107,0.0,0.0,0.0
86,19,1789460364.017117,100.0,1,0,1.5448351648351648,1.552087912087912,-0.765,0.65,-0.107,0.0,0.0,0.0
86,20,1789460364.027117,100.0,1,0,1.5448351648351648,1.5528937728937728,-0.777,0.65,-0.109,0.0,0.0,0.0
86,21,1789460364.037117,100.0,1,0,1.5448351648351648,1.5528937728937728,-0.784,0.648,-0.109,0.0,0.0,0.0
86,22,1789460364.047117,100.0,1,0,1.5448351648351648,1.552087912087912,-0.783,0.652,-0.107,1.0,-1.0,1.0
86,23,1789460364.057117,100.0,1,0,1.5448351648351648,1.552087912087912,-0.775,0.654,-0.109,1.0,-1.0,1.0
86,24,1789460364.067117,100.0,1,0,1.5456410256410256,1.552087912087912,-0.766,0.654,-0.117,1.0,-1.0,1.0
86,25,1789460364.077117,100.0,1,0,1.5464468864468865,1.5504761904761906,-0.756,0.659,-0.123,0.0,0.0,0.0
86,26,1789460364.087117,100.0,1,0,1.5456410256410256,1.5504761904761906,-0.751,0.662,-0.119,0.0,0.0,0.0
86,27,1789460364.097117,100.0,1,0,1.5472527472527473,1.5504761904761906,-0.753,0.666,-0.114,-1.0,0.0,0.0
86,28,1789460364.107117,100.0,1,0,1.5456410256410256,1.5504761904761906,-0.759,0.664,-0.112,-1.0,1.0,-1.0
86,29,1789460364.117117,100.0,1,0,1.5456410256410256,1.5504761904761906,-0.767,0.661,-0.111,-1.0,0.0,-1.0
86,30,1789460364.127117,100.0,1,0,1.5448351648351648,1.5472527472527473,-0.77,0.657,-0.108,-1.0,0.0,-1.0
86,31,1789460364.137117,100.0,1,0,1.5456410256410256,1.5512820512820513,-0.773,0.653,-0.106,-1.0,0.0,0.0
86,32,1789460364.147117,100.0,1,0,1.5448351648351648,1.5488644688644688,-0.771,0.649,-0.109,0.0,0.0,0.0
86,33,1789460364.157117,100.0,1,0,1.5456410256410256,1.5504761904761906,-0.766,0.648,-0.109,0.0,0.0,0.0
86,34,1789460364.167117,100.0,1,0,1.5448351648351648,1.5512820512820513,-0.764,0.648,-0.113,0.0,0.0,0.0
86,35,1789460364.177117,100.0,1,0,1.5464468864468865,1.5504761904761906,-0.766,0.647,-0.112,0.0,0.0,0.0
86,36,1789460364.187117,100.0,1,0,1.5456410256410256,1.5488644688644688,-0.77,0.647,-0.111,0.0,0.0,0.0
86,37,1789460364.197117,100.0,1,0,1.5456410256410256,1.5488644688644688,-0.773,0.648,-0.107,0.0,0.0,0.0
86,38,1789460364.207117,100.0,1,0,1.5456410256410256,1.5472527472527473,-0.772,0.646,-0.109,0.0,0.0,0.0
86,39,1789460364.217117,100.0,1,0,1.5448351648351648,1.5464468864468865,-0.77,0.647,-0.113,0.0,0.0,0.0
86,40,1789460364.227117,100.0,1,0,1.5448351648351648,1.5464468864468865,-0.767,0.648,-0.109,0.0,0.0,0.0
86,41,1789460364.237117,100.0,1,0,1.5456410256410256,1.5464468864468865,-0.764,0.646,-0.106,0.0,0.0,0.0
86,42,1789460364.247117,100.0,1,0,1.5464468864468865,1.548058608058608,-0.766,0.649,-0.11,0.0,0.0,0.0
86,43,1789460364.257117,100.0,1,0,1.5456410256410256,1.5464468864468865,-0.766,0.652,-0.109,0.0,0.0,0.0
86,44,1789460364.267117,100.0,1,0,1.5456410256410256,1.5464468864468865,-0.768,0.654,-0.107,0.0,0.0,0.0
86,45,1789460364.277117,100.0,1,0,1.5456410256410256,1.5496703296703296,-0.769,0.655,-0.107,0.0,0.0,0.0
86,46,1789460364.287117,100.0,1,0,1.5448351648351648,1.5512820512820513,-0.769,0.653,-0.11,0.0,0.0,0.0
86,47,1789460364.297117,100.0,1,0,1.5456410256410256,1.5496703296703296,-0.773,0.649,-0.114,0.0,0.0,0.0
86,48,1789460364.307117,100.0,1,0,1.5464468864468865,1.5496703296703296,-0.778,0.646,-0.112,0.0,0.0,0.0
86,49,1789460364.317117,100.0,1,0,1.5472527472527473,1.5496703296703296,-0.781,0.646,-0.107,0.0,0.0,0.0
86,50,1789460364.327117,100.0,1,0,1.548058608058608,1.5488644688644688,-0.78,0.645,-0.104,1.0,-1.0,1.0
86,51,1789460364.337117,100.0,1,0,1.5496703296703296,1.5488644688644688,-0.772,0.65,-0.108,1.0,-1.0,1.0
86,52,1789460364.347117,100.0,1,0,1.548058608058608,1.5488644688644688,-0.763,0.657,-0.112,1.0,-1.0,0.0
86,53,1789460364.357117,100.0,1,0,1.5496703296703296,1.5488644688644688,-0.76,0.659,-0.114,0.0,0.0,0.0
86,54,1789460364.367117,100.0,1,0,1.5472527472527473,1.548058608058608,-0.756,0.66,-0.115,0.0,0.0,0.0
86,55,1789460364.377117,100.0,1,0,1.5464468864468865,1.5488644688644688,-0.758,0.661,-0.116,-1.0,0.0,0.0
86,56,1789460364.387117,100.0,1,0,1.548058608058608,1.5472527472527473,-0.762,0.659,-0.113,-1.0,0.0,0.0
86,57,1789460364.397117,100.0,1,0,1.5472527472527473,1.5488644688644688,-0.765,0.655,-0.108,-1.0,0.0,0.0
86,58,1789460364.407117,100.0,1,0,1.5488644688644688,1.548058608058608,-0.77,0.65,-0.106,0.0,0.0,0.0
86,59,1789460364.417117,100.0,1,0,1.5496703296703296,1.5488644688644688,-0.775,0.646,-0.107,0.0,0.0,0.0
86,60,1789460364.427117,100.0,1,0,1.5472527472527473,1.5488644688644688,-0.775,0.645,-0.107,0.0,0.0,0.0
86,61,1789460364.437117,100.0,1,0,1.5472527472527473,1.5472527472527473,-0.772,0.646,-0.107,0.0,0.0,0.0
86,62,1789460364.447117,100.0,1,0,1.5504761904761906,1.5472527472527473,-0.767,0.648,-0.109,0.0,0.0,0.0
86,63,1789460364.457117,100.0,1,0,1.5512820512820513,1.5472527472527473,-0.765,0.645,-0.111,0.0,0.0,1.0
86,64,1789460364.467117,100.0,1,0,1.5488644688644688,1.5456410256410256,-0.764,0.649,-0.113,0.0,0.0,1.0
86,65,1789460364.477117,100.0,1,0,1.5488644688644688,1.5464468864468865,-0.761,0.654,-0.109,0.0,0.0,1.0
86,66,1789460364.487117,100.0,1,0,1.5504761904761906,1.5456410256410256,-0.761,0.658,-0.109,0.0,0.0,0.0
86,67,1789460364.497117,100.0,1,0,1.552087912087912,1.5456410256410256,-0.761,0.66,-0.11,0.0,0.0,0.0
86,68,1789460364.507117,100.0,1,0,1.5512820512820513,1.5456410256410256,-0.759,0.66,-0.111,0.0,0.0,0.0
86,69,1789460364.517117,100.0,1,0,1.552087912087912,1.5448351648351648,-0.76,0.658,-0.112,0.0,0.0,0.0
86,70,1789460364.527117,100.0,1,0,1.552087912087912,1.5448351648351648,-0.767,0.658,-0.11,0.0,0.0,0.0
86,71,1789460364.537117,100.0,1,0,1.5528937728937728,1.5456410256410256,-0.771,0.652,-0.109,0.0,0.0,0.0
86,72,1789460364.547117,100.0,1,0,1.5528937728937728,1.544029304029304,-0.77,0.653,-0.109,0.0,0.0,0.0
86,73,1789460364.557117,100.0,1,0,1.552087912087912,1.5448351648351648,-0.771,0.648,-0.108,0.0,0.0,0.0
86,74,1789460364.567117,100.0,1,0,1.5528937728937728,1.5448351648351648,-0.773,0.649,-0.109,0.0,0.0,0.0
86,75,1789460364.577117,100.0,1,0,1.5528937728937728,1.5448351648351648,-0.77,0.654,-0.112,1.0,0.0,0.0
86,76,1789460364.587117,100.0,1,0,1.5528937728937728,1.5448351648351648,-0.77,0.654,-0.112,1.0,0.0,0.0
86,77,1789460364.597117,100.0,1,0,1.5528937728937728,1.5448351648351648,-0.765,0.656,-0.113,0.0,0.0,0.0
86,78,1789460364.607117,100.0,1,0,1.5528937728937728,1.544029304029304,-0.759,0.658,-0.115,0.0,0.0,0.0
86,79,1789460364.617117,100.0,1,0,1.5528937728937728,1.5448351648351648,-0.762,0.657,-0.115,0.0,0.0,0.0
86,80,1789460364.627117,100.0,1,0,1.5528937728937728,1.5448351648351648,-0.766,0.657,-0.109,0.0,0.0,0.0
86,81,1789460364.637117,100.0,1,0,1.5528937728937728,1.5456410256410256,-0.768,0.656,-0.106,-1.0,0.0,0.0
86,82,1789460364.647117,100.0,1,0,1.5528937728937728,1.5448351648351648,-0.767,0.651,-0.103,0.0,0.0,0.0
86,83,1789460364.657117,100.0,1,0,1.552087912087912,1.5448351648351648,-0.771,0.648,-0.104,0.0,0.0,0.0
86,84,1789460364.667117,100.0,1,0,1.5512820512820513,1.5456410256410256,-0.772,0.646,-0.109,0.0,0.0,0.0
86,85,1789460364.677117,100.0,1,0,1.552087912087912,1.5456410256410256,-0.771,0.647,-0.11,0.0,0.0,0.0
86,86,1789460364.687117,100.0,1,0,1.5528937728937728,1.5448351648351648,-0.766,0.651,-0.111,0.0,0.0,1.0
86,87,1789460364.697117,100.0,1,0,1.5536996336996336,1.5448351648351648,-0.762,0.655,-0.114,0.0,0.0,1.0
86,88,1789460364.707117,100.0,1,0,1.5528937728937728,1.544029304029304,-0.761,0.655,-0.118,0.0,0.0,0.0
86,89,1789460364.717117,100.0,1,0,1.5528937728937728,1.544029304029304,-0.76,0.656,-0.117,-1.0,0.0,0.0
86,90,1789460364.727117,100.0,1,0,1.5536996336996336,1.5448351648351648,-0.762,0.658,-0.113,-1.0,0.0,0.0
86,91,1789460364.737117,100.0,1,0,1.5536996336996336,1.5448351648351648,-0.764,0.659,-0.109,-1.0,0.0,0.0
86,92,1789460364.747117,100.0,1,0,1.5545054945054946,1.544029304029304,-0.766,0.663,-0.108,-1.0,0.0,0.0
86,93,1789460364.757117,100.0,1,0,1.5545054945054946,1.5448351648351648,-0.766,0.662,-0.108,-1.0,0.0,0.0
86,94,1789460364.767117,100.0,1,0,1.5545054945054946,1.5448351648351648,-0.769,0.662,-0.109,-1.0,0.0,0.0
86,95,1789460364.777117,100.0,1,0,1.5545054945054946,1.544029304029304,-0.769,0.66,-0.108,-1.0,0.0,0.0
86,96,1789460364.787117,100.0,1,0,1.5553113553113553,1.544029304029304,-0.764,0.657,-0.111,-1.0,0.0,0.0
86,97,1789460364.797117,100.0,1,0,1.5545054945054946,1.544029304029304,-0.763,0.649,-0.113,-1.0,0.0,0.0
86,98,1789460364.807117,100.0,1,0,1.5545054945054946,1.544029304029304,-0.764,0.647,-0.114,-1.0,0.0,-1.0
86,99,1789460364.817117,100.0,1,0,1.5536996336996336,1.5432234432234433,-0.765,0.646,-0.11,0.0,0.0,-1.0
87,0,1789460364.906146,100.0,1,0,1.5536996336996336,1.544029304029304,-0.771,0.645,-0.109,0.0,0.0,0.0
87,1,1789460364.916146,100.0,1,0,1.5536996336996336,1.5432234432234433,-0.774,0.65,-0.108,0.0,0.0,0.0
87,2,1789460364.926146,100.0,1,0,1.5536996336996336,1.5432234432234433,-0.773,0.649,-0.108,0.0,0.0,0.0
87,3,1789460364.936146,100.0,1,0,1.5536996336996336,1.5432234432234433,-0.768,0.647,-0.112,0.0,0.0,0.0
87,4,1789460364.946146,100.0,1,0,1.5536996336996336,1.5432234432234433,-0.763,0.647,-0.109,0.0,0.0,0.0
87,5,1789460364.956146,100.0,1,0,1.552087912087912,1.5424175824175823,-0.769,0.649,-0.109,0.0,0.0,0.0
87,6,1789460364.966146,100.0,1,0,1.5536996336996336,1.544029304029304,-0.777,0.65,-0.107,0.0,0.0,0.0
87,7,1789460364.976146,100.0,1,0,1.5536996336996336,1.5432234432234433,-0.776,0.654,-0.102,0.0,0.0,0.0
87,8,1789460364.986146,100.0,1,0,1.5536996336996336,1.544029304029304,-0.768,0.659,-0.1,0.0,0.0,0.0
87,9,1789460364.996146,100.0,1,0,1.5536996336996336,1.544029304029304,-0.759,0.656,-0.106,0.0,0.0,0.0
87,10,1789460365.006146,100.0,1,0,1.5536996336996336,1.5432234432234433,-0.757,0.654,-0.116,0.0,0.0,0.0
87,11,1789460365.016146,100.0,1,0,1.5536996336996336,1.544029304029304,-0.762,0.651,-0.118,0.0,0.0,0.0
87,12,1789460365.026146,100.0,1,0,1.5536996336996336,1.5432234432234433,-0.766,0.647,-0.114,0.0,0.0,0.0
87,13,1789460365.036146,100.0,1,0,1.5545054945054946,1.544029304029304,-0.773,0.648,-0.109,0.0,0.0,0.0
87,14,1789460365.046146,100.0,1,0,1.5545054945054946,1.5432234432234433,-0.779,0.649,-0.105,0.0,0.0,0.0
87,15,1789460365.056146,100.0,1,0,1.5536996336996336,1.544029304029304,-0.777,0.649,-0.104,0.0,0.0,0.0
87,16,1789460365.066146,100.0,1,0,1.5545054945054946,1.5432234432234433,-0.778,0.652,-0.104,0.0,-1.0,0.0
87,17,1789460365.076146,100.0,1,0,1.5536996336996336,1.5432234432234433,-0.769,0.655,-0.107,0.0,-1.0,0.0
87,18,1789460365.086146,100.0,1,0,1.5536996336996336,1.5432234432234433,-0.761,0.654,-0.107,0.0,0.0,0.0
87,19,1789460365.096146,100.0,1,0,1.5536996336996336,1.5448351648351648,-0.754,0.654,-0.112,0.0,0.0,0.0
87,20,1789460365.106146,100.0,1,0,1.5545054945054946,1.544029304029304,-0.751,0.655,-0.115,0.0,0.0,0.0
87,21,1789460365.116146,100.0,1,0,1.5545054945054946,1.5432234432234433,-0.758,0.654,-0.114,0.0,1.0,0.0
87,22,1789460365.126146,100.0,1,0,1.5536996336996336,1.544029304029304,-0.767,0.653,-0.111,0.0,0.0,0.0
87,23,1789460365.136146,100.0,1,0,1.5536996336996336,1.5432234432234433,-0.778,0.649,-0.107,0.0,0.0,0.0
87,24,1789460365.146146,100.0,1,0,1.5536996336996336,1.544029304029304,-0.783,0.646,-0.108,0.0,0.0,0.0
87,25,1789460365.156146,100.0,1,0,1.5536996336996336,1.544029304029304,-0.78,0.65,-0.107,0.0,0.0,0.0
87,26,1789460365.166146,100.0,1,0,1.5528937728937728,1.5448351648351648,-0.772,0.652,-0.105,0.0,0.0,1.0
87,27,1789460365.176146,100.0,1,0,1.5536996336996336,1.544029304029304,-0.767,0.654,-0.109,0.0,-1.0,1.0
87,28,1789460365.186146,100.0,1,0,1.5536996336996336,1.544029304029304,-0.758,0.656,-0.11,0.0,0.0,0.0
87,29,1789460365.196146,100.0,1,0,1.5528937728937728,1.544029304029304,-0.756,0.659,-0.115,0.0,0.0,0.0
87,30,1789460365.206146,100.0,1,0,1.5528937728937728,1.544029304029304,-0.757,0.661,-0.115,0.0,0.0,0.0
87,31,1789460365.216146,100.0,1,0,1.552087912087912,1.5448351648351648,-0.761,0.66,-0.109,-1.0,0.0,0.0
87,32,1789460365.226146,100.0,1,0,1.5528937728937728,1.5448351648351648,-0.764,0.658,-0.107,-1.0,0.0,0.0
87,33,1789460365.236146,100.0,1,0,1.5528937728937728,1.5448351648351648,-0.768,0.656,-0.104,-1.0,0.0,0.0
87,34,1789460365.246146,100.0,1,0,1.552087912087912,1.5456410256410256,-0.768,0.656,-0.105,-1.0,0.0,0.0
87,35,1789460365.256146,100.0,1,0,1.5528937728937728,1.5448351648351648,-0.769,0.656,-0.106,0.0,0.0,0.0
87,36,1789460365.266146,100.0,1,0,1.552087912087912,1.5464468864468865,-0.768,0.653,-0.106,0.0,0.0,0.0
87,37,1789460365.276146,100.0,1,0,1.5512820512820513,1.5448351648351648,-0.764,0.649,-0.109,0.0,0.0,0.0
87,38,1789460365.286146,100.0,1,0,1.5504761904761906,1.5456410256410256,-0.763,0.649,-0.111,0.0,0.0,0.0
87,39,1789460365.296146,100.0,1,0,1.5512820512820513,1.5464468864468865,-0.766,0.647,-0.11,0.0,0.0,0.0
87,40,1789460365.306146,100.0,1,0,1.5488644688644688,1.5456410256410256,-0.768,0.644,-0.108,0.0,0.0,0.0
87,41,1789460365.316146,100.0,1,0,1.5488644688644688,1.5456410256410256,-0.773,0.647,-0.107,0.0,0.0,0.0
87,42,1789460365.326146,100.0,1,0,1.5512820512820513,1.5448351648351648,-0.776,0.65,-0.105,0.0,0.0,0.0
87,43,1789460365.336146,100.0,1,0,1.5472527472527473,1.5456410256410256,-0.769,0.65,-0.106,0.0,0.0,1.0
87,44,1789460365.346146,100.0,1,0,1.5472527472527473,1.5464468864468865,-0.763,0.652,-0.104,0.0,0.0,1.0
87,45,1789460365.356146,100.0,1,0,1.5472527472527473,1.5456410256410256,-0.76,0.653,-0.107,0.0,0.0,0.0
87,46,1789460365.366146,100.0,1,0,1.5472527472527473,1.5464468864468865,-0.76,0.65,-0.109,0.0,0.0,0.0
87,47,1789460365.376146,100.0,1,0,1.5464468864468865,1.5472527472527473,-0.76,0.654,-0.105,0.0,0.0,0.0
87,48,1789460365.386146,100.0,1,0,1.5464468864468865,1.548058608058608,-0.765,0.653,-0.103,0.0,0.0,0.0
87,49,1789460365.396146,100.0,1,0,1.5456410256410256,1.5496703296703296,-0.765,0.653,-0.103,0.0,0.0,0.0
87,50,1789460365.406146,100.0,1,0,1.5472527472527473,1.5472527472527473,-0.774,0.654,-0.106,0.0,0.0,0.0
87,51,1789460365.416146,100.0,1,0,1.5464468864468865,1.5472527472527473,-0.781,0.656,-0.107,0.0,0.0,0.0
87,52,1789460365.426146,100.0,1,0,1.5488644688644688,1.548058608058608,-0.778,0.656,-0.107,0.0,0.0,0.0
87,53,1789460365.436146,100.0,1,0,1.5496703296703296,1.5496703296703296,-0.771,0.657,-0.109,0.0,0.0,0.0
87,54,1789460365.446146,100.0,1,0,1.5464468864468865,1.5464468864468865,-0.761,0.657,-0.116,0.0,0.0,0.0
87,55,1789460365.456146,100.0,1,0,1.5472527472527473,1.5472527472527473,-0.756,0.658,-0.12,0.0,0.0,0.0
87,56,1789460365.466146,100.0,1,0,1.5496703296703296,1.5464468864468865,-0.755,0.66,-0.115,0.0,0.0,0.0
87,57,1789460365.476146,100.0,1,0,1.5496703296703296,1.548058608058608,-0.761,0.66,-0.109,0.0,0.0,-1.0
87,58,1789460365.486146,100.0,1,0,1.5488644688644688,1.5464468864468865,-0.768,0.658,-0.105,0.0,0.0,0.0
87,59,1789460365.496146,100.0,1,0,1.5472527472527473,1.5456410256410256,-0.774,0.658,-0.108,0.0,0.0,0.0
87,60,1789460365.506146,100.0,1,0,1.5512820512820513,1.5488644688644688,-0.774,0.656,-0.108,0.0,0.0,0.0
87,61,1789460365.516146,100.0,1,0,1.5488644688644688,1.5504761904761906,-0.768,0.653,-0.107,0.0,0.0,0.0
87,62,1789460365.526146,100.0,1,0,1.5504761904761906,1.5488644688644688,-0.761,0.651,-0.108,0.0,0.0,0.0
87,63,1789460365.536146,100.0,1,0,1.5488644688644688,1.5464468864468865,-0.76,0.646,-0.112,0.0,0.0,0.0
87,64,1789460365.546146,100.0,1,0,1.548058608058608,1.5472527472527473,-0.763,0.645,-0.114,0.0,0.0,0.0
87,65,1789460365.556146,100.0,1,0,1.5512820512820513,1.5456410256410256,-0.766,0.649,-0.112,0.0,0.0,0.0
87,66,1789460365.566146,100.0,1,0,1.5472527472527473,1.5464468864468865,-0.768,0.652,-0.108,0.0,0.0,0.0
87,67,1789460365.576146,100.0,1,0,1.5488644688644688,1.5456410256410256,-0.771,0.651,-0.108,0.0,0.0,0.0
87,68,1789460365.586146,100.0,1,0,1.5488644688644688,1.5448351648351648,-0.772,0.653,-0.107,0.0,0.0,0.0
87,69,1789460365.596146,100.0,1,0,1.5504761904761906,1.5456410256410256,-0.774,0.655,-0.11,0.0,0.0,0.0
87,70,1789460365.606146,100.0,1,0,1.5512820512820513,1.5456410256410256,-0.77,0.654,-0.113,0.0,0.0,0.0
87,71,1789460365.616146,100.0,1,0,1.552087912087912,1.5464468864468865,-0.763,0.655,-0.111,0.0,0.0,0.0
87,72,1789460365.626146,100.0,1,0,1.5512820512820513,1.5456410256410256,-0.757,0.656,-0.11,0.0,0.0,0.0
87,73,1789460365.636146,100.0,1,0,1.552087912087912,1.5448351648351648,-0.76,0.656,-0.111,0.0,0.0,0.0
87,74,1789460365.646146,100.0,1,0,1.552087912087912,1.5456410256410256,-0.77,0.653,-0.104,0.0,0.0,0.0
87,75,1789460365.656146,100.0,1,0,1.5512820512820513,1.5456410256410256,-0.779,0.651,-0.102,0.0,0.0,0.0
87,76,1789460365.666146,100.0,1,0,1.5496703296703296,1.5456410256410256,-0.781,0.65,-0.106,0.0,0.0,0.0
87,77,1789460365.676146,100.0,1,0,1.5496703296703296,1.5456410256410256,-0.777,0.649,-0.112,0.0,0.0,0.0
87,78,1789460365.686146,100.0,1,0,1.5512820512820513,1.5464468864468865,-0.77,0.649,-0.114,0.0,0.0,0.0
87,79,1789460365.696146,100.0,1,0,1.5496703296703296,1.5464468864468865,-0.769,0.649,-0.112,0.0,0.0,0.0
87,80,1789460365.706146,100.0,1,0,1.5496703296703296,1.5472527472527473,-0.768,0.65,-0.107,0.0,0.0,0.0
87,81,1789460365.716146,100.0,1,0,1.5488644688644688,1.5496703296703296,-0.769,0.652,-0.106,0.0,0.0,0.0
87,82,1789460365.726146,100.0,1,0,1.548058608058608,1.5464468864468865,-0.77,0.654,-0.107,0.0,0.0,0.0
87,83,1789460365.736146,100.0,1,0,1.5464468864468865,1.5496703296703296,-0.766,0.653,-0.108,0.0,0.0,0.0
87,84,1789460365.746146,100.0,1,0,1.5464468864468865,1.5512820512820513,-0.764,0.653,-0.108,0.0,0.0,0.0
87,85,1789460365.756146,100.0,1,0,1.5464468864468865,1.548058608058608,-0.76,0.651,-0.108,0.0,0.0,0.0
87,86,1789460365.766146,100.0,1,0,1.5456410256410256,1.5512820512820513,-0.759,0.652,-0.112,0.0,0.0,0.0
87,87,1789460365.776146,100.0,1,0,1.5448351648351648,1.5504761904761906,-0.761,0.651,-0.113,0.0,0.0,0.0
87,88,1789460365.786146,100.0,1,0,1.5456410256410256,1.5512820512820513,-0.764,0.652,-0.112,0.0,0.0,0.0
87,89,1789460365.796146,100.0,1,0,1.5464468864468865,1.5512820512820513,-0.77,0.651,-0.11,0.0,0.0,0.0
87,90,1789460365.806146,100.0,1,0,1.5456410256410256,1.5512820512820513,-0.772,0.65,-0.107,0.0,0.0,0.0
87,91,1789460365.816146,100.0,1,0,1.5448351648351648,1.5512820512820513,-0.774,0.646,-0.106,0.0,0.0,0.0
87,92,1789460365.826146,100.0,1,0,1.5448351648351648,1.552087912087912,-0.774,0.645,-0.108,0.0,0.0,0.0
87,93,1789460365.836146,100.0,1,0,1.5464468864468865,1.5512820512820513,-0.769,0.642,-0.109,1.0,0.0,1.0
87,94,1789460365.846146,100.0,1,0,1.5464468864468865,1.5504761904761906,-0.767,0.648,-0.11,1.0,-1.0,1.0
87,95,1789460365.856146,100.0,1,0,1.5464468864468865,1.5472527472527473,-0.768,0.651,-0.114,1.0,-1.0,1.0
87,96,1789460365.866146,100.0,1,0,1.5472527472527473,1.5488644688644688,-0.769,0.657,-0.11,1.0,0.0,1.0
87,97,1789460365.876146,100.0,1,0,1.5512820512820513,1.5464468864468865,-0.766,0.663,-0.111,0.0,0.0,0.0
87,98,1789460365.886146,100.0,1,0,1.552087912087912,1.5456410256410256,-0.762,0.665,-0.113,0.0,0.0,0.0
87,99,1789460365.896146,100.0,1,0,1.5488644688644688,1.5456410256410256,-0.762,0.665,-0.111,0.0,0.0,0.0
88,0,1789460365.861925,100.0,1,0,1.5512820512820513,1.5456410256410256,-0.766,0.664,-0.109,0.0,0.0,0.0
88,1,1789460365.871925,100.0,1,0,1.5512820512820513,1.5456410256410256,-0.771,0.662,-0.108,-1.0,0.0,-1.0
88,2,1789460365.881925,100.0,1,0,1.552087912087912,1.5456410256410256,-0.772,0.656,-0.109,0.0,0.0,0.0
88,3,1789460365.891925,100.0,1,0,1.5496703296703296,1.5456410256410256,-0.772,0.652,-0.109,0.0,0.0,0.0
88,4,1789460365.901925,100.0,1,0,1.5512820512820513,1.5448351648351648,-0.771,0.649,-0.108,0.0,0.0,0.0
88,5,1789460365.911925,100.0,1,0,1.5504761904761906,1.5448351648351648,-0.771,0.651,-0.11,0.0,0.0,0.0
88,6,1789460365.921925,100.0,1,0,1.5488644688644688,1.5464468864468865,-0.768,0.651,-0.109,0.0,0.0,0.0
88,7,1789460365.931925,100.0,1,0,1.5496703296703296,1.5456410256410256,-0.765,0.652,-0.105,0.0,0.0,0.0
88,8,1789460365.941925,100.0,1,0,1.5472527472527473,1.5464468864468865,-0.763,0.651,-0.108,0.0,0.0,0.0
88,9,1789460365.951925,100.0,1,0,1.5472527472527473,1.5464468864468865,-0.765,0.649,-0.114,0.0,0.0,0.0
88,10,1789460365.961925,100.0,1,0,1.5456410256410256,1.5472527472527473,-0.768,0.646,-0.107,-1.0,0.0,0.0
88,11,1789460365.971925,100.0,1,0,1.5456410256410256,1.5488644688644688,-0.768,0.645,-0.1,0.0,0.0,0.0
88,12,1789460365.981925,100.0,1,0,1.5464468864468865,1.5464468864468865,-0.766,0.645,-0.097,0.0,0.0,0.0
88,13,1789460365.991925,100.0,1,0,1.5472527472527473,1.5472527472527473,-0.771,0.644,-0.103,0.0,0.0,0.0
88,14,1789460366.001925,100.0,1,0,1.5472527472527473,1.548058608058608,-0.78,0.648,-0.108,0.0,0.0,0.0
88,15,1789460366.011925,100.0,1,0,1.5464468864468865,1.5456410256410256,-0.779,0.648,-0.104,0.0,0.0,0.0
88,16,1789460366.021925,100.0,1,0,1.5464468864468865,1.5464468864468865,-0.775,0.649,-0.104,1.0,0.0,1.0
88,17,1789460366.031925,100.0,1,0,1.5456410256410256,1.5456410256410256,-0.77,0.65,-0.112,1.0,0.0,1.0
88,18,1789460366.041925,100.0,1,0,1.5488644688644688,1.5464468864468865,-0.764,0.651,-0.113,0.0,0.0,1.0
88,19,1789460366.051925,100.0,1,0,1.5464468864468865,1.5448351648351648,-0.763,0.654,-0.111,0.0,0.0,0.0
88,20,1789460366.061925,100.0,1,0,1.5472527472527473,1.5448351648351648,-0.764,0.656,-0.108,0.0,0.0,0.0
88,21,1789460366.071925,100.0,1,0,1.5488644688644688,1.5448351648351648,-0.764,0.656,-0.108,0.0,0.0,0.0
88,22,1789460366.081925,100.0,1,0,1.5488644688644688,1.5456410256410256,-0.764,0.656,-0.108,0.0,0.0,0.0
88,23,1789460366.091925,100.0,1,0,1.5504761904761906,1.5448351648351648,-0.764,0.662,-0.105,0.0,0.0,0.0
88,24,1789460366.101925,100.0,1,0,1.5488644688644688,1.5456410256410256,-0.763,0.662,-0.106,0.0,0.0,0.0
88,25,1789460366.111925,100.0,1,0,1.5512820512820513,1.5456410256410256,-0.76,0.659,-0.108,0.0,0.0,0.0
88,26,1789460366.121925,100.0,1,0,1.5512820512820513,1.5464468864468865,-0.761,0.658,-0.108,0.0,0.0,-1.0
88,27,1789460366.131925,100.0,1,0,1.5512820512820513,1.5464468864468865,-0.768,0.656,-0.108,0.0,0.0,-1.0
88,28,1789460366.141925,100.0,1,0,1.5504761904761906,1.5456410256410256,-0.774,0.651,-0.104,0.0,0.0,0.0
88,29,1789460366.151925,100.0,1,0,1.5496703296703296,1.5464468864468865,-0.775,0.649,-0.106,0.0,0.0,0.0
88,30,1789460366.161925,100.0,1,0,1.5512820512820513,1.5464468864468865,-0.775,0.647,-0.105,0.0,0.0,0.0
88,31,1789460366.171925,100.0,1,0,1.5504761904761906,1.5464468864468865,-0.778,0.647,-0.108,0.0,0.0,0.0
88,32,1789460366.181925,100.0,1,0,1.5496703296703296,1.5472527472527473,-0.772,0.648,-0.107,0.0,-1.0,0.0
88,33,1789460366.191925,100.0,1,0,1.5504761904761906,1.5472527472527473,-0.765,0.649,-0.11,0.0,-1.0,0.0
88,34,1789460366.201925,100.0,1,0,1.5504761904761906,1.5464468864468865,-0.767,0.652,-0.114,0.0,0.0,0.0
88,35,1789460366.211925,100.0,1,0,1.5472527472527473,1.5472527472527473,-0.764,0.65,-0.105,0.0,0.0,0.0
88,36,1789460366.221925,100.0,1,0,1.5496703296703296,1.5472527472527473,-0.768,0.651,-0.099,0.0,0.0,0.0
88,37,1789460366.231925,100.0,1,0,1.5464468864468865,1.5488644688644688,-0.773,0.65,-0.1,0.0,0.0,0.0
88,38,1789460366.241925,100.0,1,0,1.5496703296703296,1.5504761904761906,-0.776,0.647,-0.101,0.0,0.0,0.0
88,39,1789460366.251925,100.0,1,0,1.5496703296703296,1.5512820512820513,-0.777,0.648,-0.101,0.0,0.0,0.0
88,40,1789460366.261925,100.0,1,0,1.5464468864468865,1.552087912087912,-0.775,0.648,-0.106,0.0,-1.0,0.0
88,41,1789460366.271925,100.0,1,0,1.5464468864468865,1.5512820512820513,-0.773,0.649,-0.11,0.0,-1.0,0.0
88,42,1789460366.281925,100.0,1,0,1.548058608058608,1.552087912087912,-0.772,0.651,-0.109,0.0,0.0,0.0
88,43,1789460366.291925,100.0,1,0,1.548058608058608,1.552087912087912,-0.769,0.652,-0.106,0.0,0.0,0.0
88,44,1789460366.301925,100.0,1,0,1.5472527472527473,1.5528937728937728,-0.767,0.653,-0.105,0.0,0.0,0.0
88,45,1789460366.311925,100.0,1,0,1.5464468864468865,1.5512820512820513,-0.766,0.658,-0.104,0.0,0.0,0.0
88,46,1789460366.321925,100.0,1,0,1.5472527472527473,1.552087912087912,-0.766,0.659,-0.103,0.0,0.0,0.0
88,47,1789460366.331925,100.0,1,0,1.5472527472527473,1.5528937728937728,-0.764,0.655,-0.105,0.0,0.0,0.0
88,48,1789460366.341925,100.0,1,0,1.5464468864468865,1.5528937728937728,-0.762,0.653,-0.108,0.0,0.0,-1.0
88,49,1789460366.351925,100.0,1,0,1.5472527472527473,1.5528937728937728,-0.768,0.649,-0.106,-1.0,0.0,-1.0
88,50,1789460366.361925,100.0,1,0,1.5456410256410256,1.5536996336996336,-0.773,0.648,-0.104,-1.0,0.0,0.0
88,51,1789460366.371925,100.0,1,0,1.5456410256410256,1.5528937728937728,-0.774,0.647,-0.102,0.0,0.0,0.0
88,52,1789460366.381925,100.0,1,0,1.5464468864468865,1.5536996336996336,-0.771,0.645,-0.104,0.0,0.0,0.0
88,53,1789460366.391925,100.0,1,0,1.5464468864468865,1.5536996336996336,-0.769,0.643,-0.105,0.0,0.0,0.0
88,54,1789460366.401925,100.0,1,0,1.5456410256410256,1.5528937728937728,-0.771,0.644,-0.106,0.0,0.0,0.0
88,55,1789460366.411925,100.0,1,0,1.5464468864468865,1.5536996336996336,-0.77,0.645,-0.105,0.0,0.0,0.0
88,56,1789460366.421925,100.0,1,0,1.5464468864468865,1.5528937728937728,-0.769,0.645,-0.107,0.0,0.0,0.0
88,57,1789460366.431925,100.0,1,0,1.5464468864468865,1.5528937728937728,-0.772,0.646,-0.104,0.0,0.0,0.0
88,58,1789460366.441925,100.0,1,0,1.5464468864468865,1.5528937728937728,-0.774,0.648,-0.103,0.0,0.0,0.0
88,59,1789460366.451925,100.0,1,0,1.5456410256410256,1.5528937728937728,-0.773,0.654,-0.1,0.0,0.0,0.0
88,60,1789460366.461925,100.0,1,0,1.5456410256410256,1.5528937728937728,-0.77,0.65,-0.099,0.0,0.0,0.0
88,61,1789460366.471925,100.0,1,0,1.5464468864468865,1.552087912087912,-0.762,0.65,-0.102,0.0,0.0,0.0
88,62,1789460366.481925,100.0,1,0,1.5496703296703296,1.5536996336996336,-0.761,0.649,-0.106,0.0,0.0,0.0
88,63,1789460366.491925,100.0,1,0,1.5512820512820513,1.5528937728937728,-0.765,0.645,-0.107,0.0,0.0,0.0
88,64,1789460366.501925,100.0,1,0,1.5488644688644688,1.5528937728937728,-0.771,0.646,-0.103,0.0,0.0,0.0
88,65,1789460366.511925,100.0,1,0,1.5488644688644688,1.552087912087912,-0.775,0.647,-0.102,1.0,0.0,1.0
88,66,1789460366.521925,100.0,1,0,1.5504761904761906,1.552087912087912,-0.776,0.65,-0.105,1.0,0.0,1.0
88,67,1789460366.531925,100.0,1,0,1.5512820512820513,1.5512820512820513,-0.77,0.657,-0.107,1.0,-1.0,1.0
88,68,1789460366.541925,100.0,1,0,1.5528937728937728,1.5512820512820513,-0.763,0.662,-0.11,0.0,0.0,1.0
88,69,1789460366.551925,100.0,1,0,1.552087912087912,1.5512820512820513,-0.761,0.665,-0.108,0.0,0.0,0.0
88,70,1789460366.561925,100.0,1,0,1.552087912087912,1.5504761904761906,-0.762,0.664,-0.106,0.0,0.0,0.0
88,71,1789460366.571925,100.0,1,0,1.5512820512820513,1.552087912087912,-0.764,0.658,-0.104,0.0,0.0,0.0
88,72,1789460366.581925,100.0,1,0,1.5512820512820513,1.552087912087912,-0.768,0.652,-0.103,0.0,0.0,0.0
88,73,1789460366.591925,100.0,1,0,1.552087912087912,1.5512820512820513,-0.773,0.648,-0.103,0.0,0.0,0.0
88,74,1789460366.601925,100.0,1,0,1.5512820512820513,1.5496703296703296,-0.777,0.645,-0.103,0.0,0.0,0.0
88,75,1789460366.611925,100.0,1,0,1.552087912087912,1.5504761904761906,-0.776,0.641,-0.103,0.0,0.0,0.0
88,76,1789460366.621925,100.0,1,0,1.552087912087912,1.5512820512820513,-0.769,0.642,-0.104,0.0,0.0,0.0
88,77,1789460366.631925,100.0,1,0,1.552087912087912,1.5504761904761906,-0.766,0.646,-0.106,0.0,0.0,0.0
88,78,1789460366.641925,100.0,1,0,1.5512820512820513,1.5504761904761906,-0.771,0.651,-0.107,0.0,0.0,0.0
88,79,1789460366.651925,100.0,1,0,1.5512820512820513,1.552087912087912,-0.777,0.654,-0.106,0.0,0.0,0.0
88,80,1789460366.661925,100.0,1,0,1.5488644688644688,1.5512820512820513,-0.778,0.659,-0.101,0.0,0.0,0.0
88,81,1789460366.671925,100.0,1,0,1.5512820512820513,1.5512820512820513,-0.776,0.66,-0.103,0.0,0.0,1.0
88,82,1789460366.681925,100.0,1,0,1.5512820512820513,1.5512820512820513,-0.766,0.66,-0.11,0.0,0.0,1.0
88,83,1789460366.691925,100.0,1,0,1.5512820512820513,1.5512820512820513,-0.759,0.662,-0.11,0.0,0.0,1.0
88,84,1789460366.701925,100.0,1,0,1.552087912087912,1.5512820512820513,-0.754,0.659,-0.111,0.0,0.0,0.0
88,85,1789460366.711925,100.0,1,0,1.5512820512820513,1.552087912087912,-0.753,0.655,-0.112,0.0,1.0,0.0
88,86,1789460366.721925,100.0,1,0,1.552087912087912,1.5488644688644688,-0.76,0.655,-0.11,-1.0,1.0,0.0
88,87,1789460366.731925,100.0,1,0,1.552087912087912,1.5512820512820513,-0.768,0.657,-0.109,0.0,0.0,0.0
88,88,1789460366.741925,100.0,1,0,1.552087912087912,1.5512820512820513,-0.768,0.657,-0.104,0.0,0.0,0.0
88,89,1789460366.751925,100.0,1,0,1.552087912087912,1.548058608058608,-0.767,0.656,-0.103,0.0,0.0,0.0
88,90,1789460366.761925,100.0,1,0,1.5496703296703296,1.5504761904761906,-0.767,0.653,-0.103,0.0,0.0,0.0
88,91,1789460366.771925,100.0,1,0,1.552087912087912,1.5504761904761906,-0.769,0.652,-0.106,0.0,0.0,0.0
88,92,1789460366.781925,100.0,1,0,1.5504761904761906,1.5504761904761906,-0.77,0.65,-0.108,0.0,0.0,0.0
88,93,1789460366.791925,100.0,1,0,1.5528937728937728,1.5512820512820513,-0.766,0.647,-0.109,0.0,0.0,0.0
88,94,1789460366.801925,100.0,1,0,1.5528937728937728,1.5472527472527473,-0.766,0.647,-0.109,0.0,0.0,0.0
88,95,1789460366.811925,100.0,1,0,1.552087912087912,1.5472527472527473,-0.768,0.645,-0.107,0.0,0.0,0.0
88,96,1789460366.821925,100.0,1,0,1.552087912087912,1.5472527472527473,-0.772,0.65,-0.106,0.0,0.0,0.0
88,97,1789460366.831925,100.0,1,0,1.5528937728937728,1.5464468864468865,-0.771,0.651,-0.102,0.0,0.0,0.0
88,98,1789460366.841925,100.0,1,0,1.552087912087912,1.5496703296703296,-0.767,0.65,-0.106,0.0,0.0,0.0
88,99,1789460366.851925,100.0,1,0,1.552087912087912,1.5456410256410256,-0.762,0.65,-0.111,0.0,0.0,0.0
89,0,1789460367.010432,100.0,1,0,1.5528937728937728,1.5456410256410256,-0.762,0.65,-0.108,0.0,0.0,0.0
89,1,1789460367.020432,100.0,1,0,1.5528937728937728,1.5464468864468865,-0.77,0.65,-0.105,0.0,0.0,0.0
89,2,1789460367.030432,100.0,1,0,1.552087912087912,1.5456410256410256,-0.777,0.648,-0.102,0.0,0.0,0.0
89,3,1789460367.040431,100.0,1,0,1.552087912087912,1.5464468864468865,-0.777,0.647,-0.095,0.0,0.0,0.0
89,4,1789460367.050431,100.0,1,0,1.5528937728937728,1.5456410256410256,-0.772,0.65,-0.109,0.0,-1.0,0.0
89,5,1789460367.060431,100.0,1,0,1.5528937728937728,1.5456410256410256,-0.772,0.65,-0.109,0.0,-1.0,0.0
89,6,1789460367.070431,100.0,1,0,1.5536996336996336,1.5456410256410256,-0.771,0.651,-0.111,0.0,0.0,0.0
89,7,1789460367.080431,100.0,1,0,1.5528937728937728,1.5456410256410256,-0.772,0.653,-0.112,0.0,0.0,0.0
89,8,1789460367.090431,100.0,1,0,1.5536996336996336,1.5456410256410256,-0.768,0.657,-0.112,0.0,0.0,0.0
89,9,1789460367.100431,100.0,1,0,1.5536996336996336,1.5456410256410256,-0.762,0.659,-0.107,0.0,0.0,0.0
89,10,1789460367.110431,100.0,1,0,1.5536996336996336,1.5456410256410256,-0.76,0.66,-0.104,0.0,0.0,0.0
89,11,1789460367.120431,100.0,1,0,1.5528937728937728,1.5456410256410256,-0.762,0.66,-0.106,0.0,0.0,0.0
89,12,1789460367.130432,100.0,1,0,1.5536996336996336,1.5464468864468865,-0.767,0.656,-0.107,0.0,0.0,0.0
89,13,1789460367.140432,100.0,1,0,1.552087912087912,1.5464468864468865,-0.769,0.653,-0.106,0.0,0.0,0.0
89,14,1789460367.150432,100.0,1,0,1.552087912087912,1.5472527472527473,-0.774,0.647,-0.106,0.0,0.0,0.0
89,15,1789460367.160432,100.0,1,0,1.5528937728937728,1.5472527472527473,-0.778,0.648,-0.106,0.0,0.0,0.0
89,16,1789460367.170432,100.0,1,0,1.552087912087912,1.5488644688644688,-0.774,0.648,-0.103,0.0,-1.0,0.0
89,17,1789460367.180432,100.0,1,0,1.552087912087912,1.5472527472527473,-0.77,0.648,-0.103,0.0,0.0,0.0
89,18,1789460367.190432,100.0,1,0,1.552087912087912,1.5464468864468865,-0.767,0.652,-0.107,0.0,0.0,1.0
89,19,1789460367.200432,100.0,1,0,1.552087912087912,1.5472527472527473,-0.76,0.653,-0.109,0.0,0.0,0.0
89,20,1789460367.210432,100.0,1,0,1.552087912087912,1.5464468864468865,-0.76,0.654,-0.105,0.0,0.0,0.0
89,21,1789460367.220432,100.0,1,0,1.552087912087912,1.5472527472527473,-0.761,0.653,-0.105,0.0,0.0,0.0
89,22,1789460367.230432,100.0,1,0,1.5512820512820513,1.5488644688644688,-0.766,0.652,-0.106,0.0,0.0,0.0
89,23,1789460367.240432,100.0,1,0,1.552087912087912,1.5464468864468865,-0.768,0.65,-0.104,0.0,0.0,0.0
89,24,1789460367.250432,100.0,1,0,1.552087912087912,1.5472527472527473,-0.77,0.65,-0.102,0.0,0.0,0.0
89,25,1789460367.260432,100.0,1,0,1.5528937728937728,1.548058608058608,-0.773,0.65,-0.104,0.0,0.0,0.0
89,26,1789460367.270432,100.0,1,0,1.552087912087912,1.5488644688644688,-0.77,0.652,-0.102,0.0,0.0,0.0
89,27,1789460367.280432,100.0,1,0,1.5528937728937728,1.5464468864468865,-0.767,0.654,-0.105,0.0,0.0,0.0
89,28,1789460367.290431,100.0,1,0,1.5528937728937728,1.5472527472527473,-0.762,0.658,-0.108,0.0,0.0,0.0
89,29,1789460367.300431,100.0,1,0,1.552087912087912,1.5464468864468865,-0.763,0.658,-0.108,0.0,0.0,0.0
89,30,1789460367.310431,100.0,1,0,1.5512820512820513,1.5464468864468865,-0.762,0.658,-0.107,0.0,0.0,0.0
89,31,1789460367.320431,100.0,1,0,1.552087912087912,1.5464468864468865,-0.764,0.657,-0.105,0.0,0.0,0.0
89,32,1789460367.330431,100.0,1,0,1.5528937728937728,1.5464468864468865,-0.766,0.654,-0.103,0.0,0.0,0.0
89,33,1789460367.340431,100.0,1,0,1.5528937728937728,1.5464468864468865,-0.767,0.649,-0.107,0.0,0.0,0.0
89,34,1789460367.350431,100.0,1,0,1.5528937728937728,1.5464468864468865,-0.769,0.648,-0.105,0.0,0.0,0.0
89,35,1789460367.360431,100.0,1,0,1.5528937728937728,1.5464468864468865,-0.767,0.646,-0.103,0.0,0.0,0.0
89,36,1789460367.370431,100.0,1,0,1.552087912087912,1.5464468864468865,-0.769,0.644,-0.105,0.0,0.0,0.0
89,37,1789460367.380432,100.0,1,0,1.552087912087912,1.5472527472527473,-0.771,0.647,-0.105,0.0,0.0,0.0
89,38,1789460367.390432,100.0,1,0,1.552087912087912,1.5472527472527473,-0.771,0.651,-0.107,0.0,0.0,0.0
89,39,1789460367.400432,100.0,1,0,1.5528937728937728,1.5456410256410256,-0.771,0.654,-0.109,0.0,0.0,0.0
89,40,1789460367.410432,100.0,1,0,1.5512820512820513,1.5464468864468865,-0.768,0.658,-0.107,0.0,0.0,0.0
89,41,1789460367.420432,100.0,1,0,1.552087912087912,1.5464468864468865,-0.767,0.66,-0.102,0.0,0.0,0.0
89,42,1789460367.430432,100.0,1,0,1.552087912087912,1.5464468864468865,-0.766,0.662,-0.103,0.0,1.0,0.0
89,43,1789460367.440432,100.0,1,0,1.5512820512820513,1.5504761904761906,-0.769,0.659,-0.103,0.0,1.0,0.0
89,44,1789460367.450432,100.0,1,0,1.5512820512820513,1.548058608058608,-0.775,0.653,-0.105,0.0,0.0,0.0
89,45,1789460367.460432,100.0,1,0,1.5496703296703296,1.5464468864468865,-0.778,0.653,-0.104,0.0,0.0,0.0
89,46,1789460367.470432,100.0,1,0,1.5496703296703296,1.5472527472527473,-0.77,0.654,-0.107,0.0,0.0,1.0
89,47,1789460367.480432,100.0,1,0,1.5512820512820513,1.5488644688644688,-0.763,0.653,-0.111,0.0,0.0,0.0
89,48,1789460367.490432,100.0,1,0,1.5528937728937728,1.5456410256410256,-0.758,0.657,-0.115,0.0,0.0,0.0
89,49,1789460367.500432,100.0,1,0,1.552087912087912,1.5472527472527473,-0.755,0.662,-0.114,0.0,0.0,0.0
89,50,1789460367.510432,100.0,1,0,1.5528937728937728,1.5472527472527473,-0.756,0.667,-0.111,0.0,0.0,0.0
89,51,1789460367.520432,100.0,1,0,1.5504761904761906,1.5456410256410256,-0.759,0.67,-0.107,0.0,0.0,0.0
89,52,1789460367.530432,100.0,1,0,1.5528937728937728,1.5456410256410256,-0.762,0.666,-0.104,0.0,0.0,0.0
89,53,1789460367.540431,100.0,1,0,1.552087912087912,1.5464468864468865,-0.762,0.663,-0.104,0.0,0.0,0.0
89,54,1789460367.550431,100.0,1,0,1.552087912087912,1.5456410256410256,-0.764,0.656,-0.106,-1.0,0.0,0.0
89,55,1789460367.560431,100.0,1,0,1.5528937728937728,1.5464468864468865,-0.77,0.652,-0.106,0.0,0.0,0.0
89,56,1789460367.570431,100.0,1,0,1.5528937728937728,1.5448351648351648,-0.77,0.648,-0.105,-1.0,0.0,0.0
89,57,1789460367.580431,100.0,1,0,1.552087912087912,1.5448351648351648,-0.767,0.645,-0.108,0.0,0.0,0.0
89,58,1789460367.590431,100.0,1,0,1.5536996336996336,1.5448351648351648,-0.77,0.644,-0.11,0.0,0.0,0.0
89,59,1789460367.600431,100.0,1,0,1.5528937728937728,1.5448351648351648,-0.774,0.649,-0.109,0.0,0.0,0.0
89,60,1789460367.610431,100.0,1,0,1.552087912087912,1.5448351648351648,-0.765,0.655,-0.107,0.0,0.0,0.0
89,61,1789460367.620431,100.0,1,0,1.5528937728937728,1.5448351648351648,-0.76,0.657,-0.105,0.0,0.0,0.0
89,62,1789460367.630432,100.0,1,0,1.552087912087912,1.544029304029304,-0.76,0.658,-0.108,0.0,0.0,0.0
89,63,1789460367.640432,100.0,1,0,1.552087912087912,1.5448351648351648,-0.764,0.659,-0.111,0.0,0.0,0.0
89,64,1789460367.650432,100.0,1,0,1.5528937728937728,1.5456410256410256,-0.767,0.656,-0.107,0.0,1.0,0.0
89,65,1789460367.660432,100.0,1,0,1.552087912087912,1.5464468864468865,-0.767,0.653,-0.105,0.0,0.0,0.0
89,66,1789460367.670432,100.0,1,0,1.552087912087912,1.5448351648351648,-0.773,0.653,-0.104,0.0,0.0,0.0
89,67,1789460367.680432,100.0,1,0,1.5528937728937728,1.5448351648351648,-0.773,0.653,-0.104,0.0,0.0,0.0
89,68,1789460367.690432,100.0,1,0,1.552087912087912,1.5456410256410256,-0.78,0.652,-0.101,0.0,0.0,0.0
89,69,1789460367.700432,100.0,1,0,1.5528937728937728,1.5464468864468865,-0.776,0.654,-0.099,0.0,0.0,0.0
89,70,1789460367.710432,100.0,1,0,1.5512820512820513,1.5472527472527473,-0.768,0.654,-0.103,0.0,0.0,0.0
89,71,1789460367.720432,100.0,1,0,1.552087912087912,1.5464468864468865,-0.764,0.654,-0.109,0.0,0.0,0.0
89,72,1789460367.730432,100.0,1,0,1.5512820512820513,1.5464468864468865,-0.76,0.652,-0.116,0.0,0.0,0.0
89,73,1789460367.740432,100.0,1,0,1.5512820512820513,1.5456410256410256,-0.761,0.649,-0.114,0.0,0.0,0.0
89,74,1789460367.750432,100.0,1,0,1.5512820512820513,1.5464468864468865,-0.767,0.647,-0.108,0.0,0.0,0.0
89,75,1789460367.760432,100.0,1,0,1.5512820512820513,1.5456410256410256,-0.773,0.645,-0.103,0.0,0.0,0.0
89,76,1789460367.770432,100.0,1,0,1.5496703296703296,1.5456410256410256,-0.778,0.645,-0.104,1.0,0.0,0.0
89,77,1789460367.780432,100.0,1,0,1.552087912087912,1.5456410256410256,-0.776,0.647,-0.106,1.0,-1.0,0.0
89,78,1789460367.790431,100.0,1,0,1.5512820512820513,1.5464468864468865,-0.771,0.647,-0.104,1.0,-1.0,0.0
89,79,1789460367.800431,100.0,1,0,1.5496703296703296,1.5456410256410256,-0.768,0.65,-0.106,1.0,0.0,1.0
89,80,1789460367.810431,100.0,1,0,1.5512820512820513,1.5464468864468865,-0.76,0.655,-0.111,0.0,0.0,0.0
89,81,1789460367.820431,100.0,1,0,1.552087912087912,1.5464468864468865,-0.756,0.659,-0.11,0.0,0.0,0.0
89,82,1789460367.830431,100.0,1,0,1.548058608058608,1.5456410256410256,-0.76,0.66,-0.112,0.0,0.0,0.0
89,83,1789460367.840431,100.0,1,0,1.5496703296703296,1.5464468864468865,-0.763,0.658,-0.11,0.0,1.0,0.0
89,84,1789460367.850431,100.0,1,0,1.5512820512820513,1.5464468864468865,-0.769,0.656,-0.107,0.0,0.0,0.0
89,85,1789460367.860431,100.0,1,0,1.5488644688644688,1.5464468864468865,-0.773,0.653,-0.107,0.0,0.0,0.0
89,86,1789460367.870431,100.0,1,0,1.5504761904761906,1.5496703296703296,-0.777,0.65,-0.108,0.0,0.0,0.0
89,87,1789460367.880432,100.0,1,0,1.5496703296703296,1.548058608058608,-0.771,0.651,-0.107,0.0,0.0,0.0
89,88,1789460367.890432,100.0,1,0,1.5512820512820513,1.5488644688644688,-0.767,0.654,-0.11,0.0,0.0,0.0
89,89,1789460367.900432,100.0,1,0,1.5512820512820513,1.5472527472527473,-0.766,0.658,-0.111,0.0,0.0,0.0
89,90,1789460367.910432,100.0,1,0,1.548058608058608,1.5464468864468865,-0.763,0.661,-0.111,0.0,0.0,0.0
89,91,1789460367.920432,100.0,1,0,1.5496703296703296,1.5472527472527473,-0.759,0.661,-0.107,0.0,0.0,0.0
89,92,1789460367.930432,100.0,1,0,1.5488644688644688,1.5504761904761906,-0.759,0.657,-0.106,0.0,0.0,0.0
89,93,1789460367.940432,100.0,1,0,1.5496703296703296,1.5488644688644688,-0.763,0.657,-0.111,-1.0,0.0,0.0
89,94,1789460367.950432,100.0,1,0,1.5488644688644688,1.5496703296703296,-0.763,0.656,-0.108,-1.0,0.0,0.0
89,95,1789460367.960432,100.0,1,0,1.548058608058608,1.5488644688644688,-0.766,0.654,-0.103,0.0,0.0,0.0
89,96,1789460367.970432,100.0,1,0,1.5464468864468865,1.5464468864468865,-0.769,0.654,-0.103,0.0,0.0,0.0
89,97,1789460367.980432,100.0,1,0,1.548058608058608,1.5472527472527473,-0.77,0.654,-0.104,0.0,0.0,0.0
89,98,1789460367.990432,100.0,1,0,1.5472527472527473,1.548058608058608,-0.767,0.652,-0.108,0.0,0.0,0.0
89,99,1789460368.000432,100.0,1,0,1.5488644688644688,1.548058608058608,-0.766,0.652,-0.109,0.0,0.0,0.0
90,0,1789460367.843028,100.0,1,0,1.5456410256410256,1.5464468864468865,-0.763,0.655,-0.108,0.0,0.0,0.0
90,1,1789460367.853028,100.0,1,0,1.5488644688644688,1.5472527472527473,-0.763,0.657,-0.111,0.0,0.0,0.0
90,2,1789460367.863028,100.0,1,0,1.5472527472527473,1.5512820512820513,-0.765,0.656,-0.107,0.0,0.0,0.0
90,3,1789460367.873028,100.0,1,0,1.5456410256410256,1.5496703296703296,-0.766,0.656,-0.102,0.0,0.0,0.0
90,4,1789460367.883028,100.0,1,0,1.5456410256410256,1.5504761904761906,-0.768,0.652,-0.099,0.0,0.0,0.0
90,5,1789460367.893028,100.0,1,0,1.5448351648351648,1.5512820512820513,-0.77,0.651,-0.101,0.0,0.0,0.0
90,6,1789460367.903028,100.0,1,0,1.5456410256410256,1.5496703296703296,-0.768,0.649,-0.108,0.0,0.0,0.0
90,7,1789460367.913028,100.0,1,0,1.5464468864468865,1.5512820512820513,-0.766,0.65,-0.106,0.0,0.0,0.0
90,8,1789460367.923028,100.0,1,0,1.5448351648351648,1.552087912087912,-0.763,0.656,-0.102,0.0,0.0,0.0
90,9,1789460367.933028,100.0,1,0,1.5456410256410256,1.5512820512820513,-0.766,0.657,-0.101,0.0,0.0,0.0
90,10,1789460367.943028,100.0,1,0,1.5456410256410256,1.552087912087912,-0.77,0.655,-0.104,0.0,0.0,0.0
90,11,1789460367.953028,100.0,1,0,1.5456410256410256,1.5512820512820513,-0.776,0.653,-0.103,0.0,0.0,0.0
90,12,1789460367.963028,100.0,1,0,1.5456410256410256,1.5528937728937728,-0.776,0.656,-0.1,0.0,0.0,0.0
90,13,1789460367.973028,100.0,1,0,1.5464468864468865,1.5512820512820513,-0.765,0.652,-0.105,0.0,0.0,0.0
90,14,1789460367.983028,100.0,1,0,1.5464468864468865,1.5504761904761906,-0.76,0.65,-0.113,0.0,0.0,0.0
90,15,1789460367.993028,100.0,1,0,1.5464468864468865,1.552087912087912,-0.759,0.655,-0.117,0.0,0.0,0.0
90,16,1789460368.003028,100.0,1,0,1.5488644688644688,1.5512820512820513,-0.761,0.661,-0.11,0.0,0.0,0.0
90,17,1789460368.013028,100.0,1,0,1.5472527472527473,1.5488644688644688,-0.764,0.667,-0.105,0.0,0.0,0.0
90,18,1789460368.023028,100.0,1,0,1.5488644688644688,1.5488644688644688,-0.767,0.669,-0.105,0.0,0.0,0.0
90,19,1789460368.033028,100.0,1,0,1.5488644688644688,1.5488644688644688,-0.766,0.668,-0.104,0.0,0.0,0.0
90,20,1789460368.043028,100.0,1,0,1.5488644688644688,1.5472527472527473,-0.763,0.661,-0.105,0.0,0.0,0.0
90,21,1789460368.053028,100.0,1,0,1.5488644688644688,1.548058608058608,-0.76,0.657,-0.109,-1.0,0.0,0.0
90,22,1789460368.063028,100.0,1,0,1.548058608058608,1.5488644688644688,-0.757,0.654,-0.11,-1.0,0.0,0.0
90,23,1789460368.073028,100.0,1,0,1.5488644688644688,1.5496703296703296,-0.761,0.649,-0.109,-1.0,0.0,-1.0
90,24,1789460368.083028,100.0,1,0,1.548058608058608,1.5512820512820513,-0.765,0.649,-0.107,-1.0,0.0,-1.0
90,25,1789460368.093028,100.0,1,0,1.5504761904761906,1.5512820512820513,-0.766,0.647,-0.104,0.0,0.0,0.0
90,26,1789460368.103028,100.0,1,0,1.5496703296703296,1.5504761904761906,-0.769,0.648,-0.103,0.0,0.0,0.0
90,27,1789460368.113028,100.0,1,0,1.5472527472527473,1.5504761904761906,-0.772,0.649,-0.102,0.0,0.0,0.0
90,28,1789460368.123028,100.0,1,0,1.5464468864468865,1.5504761904761906,-0.773,0.653,-0.104,0.0,0.0,0.0
90,29,1789460368.133028,100.0,1,0,1.5464468864468865,1.5512820512820513,-0.77,0.656,-0.107,1.0,0.0,1.0
90,30,1789460368.143028,100.0,1,0,1.5456410256410256,1.5496703296703296,-0.763,0.653,-0.111,0.0,0.0,0.0
90,31,1789460368.153028,100.0,1,0,1.5472527472527473,1.5496703296703296,-0.756,0.653,-0.112,0.0,0.0,0.0
90,32,1789460368.163028,100.0,1,0,1.5464468864468865,1.5504761904761906,-0.756,0.655,-0.107,0.0,0.0,0.0
90,33,1789460368.173028,100.0,1,0,1.5464468864468865,1.5512820512820513,-0.768,0.652,-0.105,0.0,0.0,0.0
90,34,1789460368.183028,100.0,1,0,1.5464468864468865,1.552087912087912,-0.778,0.655,-0.099,0.0,0.0,0.0
90,35,1789460368.193028,100.0,1,0,1.5456410256410256,1.552087912087912,-0.78,0.656,-0.098,0.0,0.0,0.0
90,36,1789460368.203028,100.0,1,0,1.5456410256410256,1.552087912087912,-0.776,0.654,-0.103,0.0,0.0,0.0
90,37,1789460368.213028,100.0,1,0,1.5456410256410256,1.552087912087912,-0.767,0.652,-0.111,0.0,0.0,0.0
90,38,1789460368.223028,100.0,1,0,1.5448351648351648,1.552087912087912,-0.763,0.65,-0.114,0.0,0.0,0.0
90,39,1789460368.233028,100.0,1,0,1.5448351648351648,1.552087912087912,-0.762,0.65,-0.112,0.0,0.0,0.0
90,40,1789460368.243028,100.0,1,0,1.5456410256410256,1.5528937728937728,-0.762,0.65,-0.112,0.0,0.0,0.0
90,41,1789460368.253028,100.0,1,0,1.5456410256410256,1.552087912087912,-0.768,0.652,-0.111,0.0,0.0,0.0
90,42,1789460368.263028,100.0,1,0,1.5448351648351648,1.5528937728937728,-0.77,0.656,-0.106,0.0,0.0,0.0
90,43,1789460368.273028,100.0,1,0,1.5456410256410256,1.5528937728937728,-0.771,0.658,-0.102,0.0,0.0,0.0
90,44,1789460368.283028,100.0,1,0,1.5448351648351648,1.5528937728937728,-0.772,0.659,-0.105,0.0,0.0,0.0
90,45,1789460368.293028,100.0,1,0,1.5448351648351648,1.5536996336996336,-0.768,0.66,-0.104,0.0,0.0,0.0
90,46,1789460368.303028,100.0,1,0,1.5448351648351648,1.5536996336996336,-0.759,0.66,-0.105,0.0,0.0,0.0
90,47,1789460368.313028,100.0,1,0,1.5448351648351648,1.5528937728937728,-0.751,0.651,-0.11,0.0,0.0,0.0
90,48,1789460368.323028,100.0,1,0,1.5448351648351648,1.5528937728937728,-0.754,0.645,-0.114,0.0,0.0,0.0
90,49,1789460368.333028,100.0,1,0,1.5456410256410256,1.5528937728937728,-0.761,0.643,-0.111,0.0,0.0,0.0
90,50,1789460368.343028,100.0,1,0,1.544029304029304,1.5528937728937728,-0.77,0.642,-0.105,0.0,0.0,0.0
90,51,1789460368.353028,100.0,1,0,1.544029304029304,1.5545054945054946,-0.776,0.646,-0.103,1.0,0.0,0.0
90,52,1789460368.363028,100.0,1,0,1.544029304029304,1.5536996336996336,-0.775,0.649,-0.104,1.0,-1.0,1.0
90,53,1789460368.373028,100.0,1,0,1.5448351648351648,1.5545054945054946,-0.773,0.653,-0.106,1.0,-1.0,1.0
90,54,1789460368.383028,100.0,1,0,1.544029304029304,1.5536996336996336,-0.769,0.654,-0.108,1.0,0.0,1.0
90,55,1789460368.393028,100.0,1,0,1.5448351648351648,1.5536996336996336,-0.763,0.656,-0.111,0.0,0.0,0.0
90,56,1789460368.403028,100.0,1,0,1.544029304029304,1.5536996336996336,-0.762,0.66,-0.112,0.0,0.0,0.0
90,57,1789460368.413028,100.0,1,0,1.5448351648351648,1.5528937728937728,-0.764,0.663,-0.109,0.0,0.0,0.0
90,58,1789460368.423028,100.0,1,0,1.5448351648351648,1.5528937728937728,-0.761,0.664,-0.107,0.0,0.0,0.0
90,59,1789460368.433028,100.0,1,0,1.544029304029304,1.5536996336996336,-0.763,0.662,-0.109,-1.0,0.0,0.0
90,60,1789460368.443028,100.0,1,0,1.544029304029304,1.5545054945054946,-0.763,0.66,-0.108,0.0,0.0,0.0
90,61,1789460368.453028,100.0,1,0,1.544029304029304,1.5545054945054946,-0.765,0.656,-0.107,0.0,0.0,0.0
90,62,1789460368.463028,100.0,1,0,1.5448351648351648,1.5536996336996336,-0.767,0.655,-0.107,0.0,0.0,0.0
90,63,1789460368.473028,100.0,1,0,1.544029304029304,1.5553113553113553,-0.772,0.655,-0.108,0.0,0.0,0.0
90,64,1789460368.483028,100.0,1,0,1.5448351648351648,1.5553113553113553,-0.771,0.656,-0.107,0.0,0.0,0.0
90,65,1789460368.493028,100.0,1,0,1.5432234432234433,1.5545054945054946,-0.77,0.657,-0.107,0.0,0.0,0.0
90,66,1789460368.503028,100.0,1,0,1.544029304029304,1.5545054945054946,-0.77,0.655,-0.108,0.0,0.0,0.0
90,67,1789460368.513028,100.0,1,0,1.544029304029304,1.5545054945054946,-0.77,0.655,-0.108,0.0,0.0,0.0
90,68,1789460368.523028,100.0,1,0,1.5432234432234433,1.5553113553113553,-0.765,0.657,-0.107,0.0,0.0,0.0
90,69,1789460368.533028,100.0,1,0,1.544029304029304,1.5545054945054946,-0.759,0.657,-0.107,0.0,0.0,0.0
90,70,1789460368.543028,100.0,1,0,1.5432234432234433,1.5553113553113553,-0.756,0.655,-0.104,0.0,0.0,0.0
90,71,1789460368.553028,100.0,1,0,1.5432234432234433,1.5553113553113553,-0.762,0.651,-0.107,0.0,0.0,-1.0
90,72,1789460368.563028,100.0,1,0,1.5424175824175823,1.5545054945054946,-0.769,0.646,-0.11,0.0,0.0,0.0
90,73,1789460368.573028,100.0,1,0,1.5432234432234433,1.5545054945054946,-0.767,0.643,-0.106,0.0,0.0,0.0
90,74,1789460368.583028,100.0,1,0,1.5432234432234433,1.5545054945054946,-0.767,0.64,-0.099,0.0,0.0,0.0
90,75,1789460368.593028,100.0,1,0,1.5432234432234433,1.5553113553113553,-0.772,0.641,-0.099,0.0,0.0,0.0
90,76,1789460368.603028,100.0,1,0,1.5432234432234433,1.5536996336996336,-0.781,0.644,-0.104,1.0,0.0,0.0
90,77,1789460368.613028,100.0,1,0,1.5432234432234433,1.5536996336996336,-0.78,0.65,-0.109,1.0,0.0,1.0
90,78,1789460368.623028,100.0,1,0,1.544029304029304,1.5536996336996336,-0.774,0.657,-0.106,1.0,-1.0,2.0
90,79,1789460368.633028,100.0,1,0,1.5432234432234433,1.5536996336996336,-0.763,0.664,-0.11,1.0,0.0,1.0
90,80,1789460368.643028,100.0,1,0,1.5448351648351648,1.5536996336996336,-0.757,0.667,-0.116,0.0,0.0,1.0
90,81,1789460368.653028,100.0,1,0,1.5432234432234433,1.5536996336996336,-0.753,0.67,-0.113,0.0,0.0,0.0
90,82,1789460368.663028,100.0,1,0,1.5448351648351648,1.5528937728937728,-0.753,0.669,-0.112,-1.0,0.0,0.0
90,83,1789460368.673028,100.0,1,0,1.5448351648351648,1.5528937728937728,-0.754,0.667,-0.107,-1.0,1.0,0.0
90,84,1789460368.683028,100.0,1,0,1.5448351648351648,1.5536996336996336,-0.758,0.664,-0.107,-1.0,1.0,-1.0
90,85,1789460368.693028,100.0,1,0,1.5448351648351648,1.5528937728937728,-0.766,0.66,-0.107,-1.0,1.0,-1.0
90,86,1789460368.703028,100.0,1,0,1.5448351648351648,1.5528937728937728,-0.769,0.657,-0.108,0.0,0.0,-1.0
90,87,1789460368.713028,100.0,1,0,1.5448351648351648,1.5528937728937728,-0.77,0.652,-0.106,0.0,0.0,0.0
90,88,1789460368.723028,100.0,1,0,1.5448351648351648,1.552087912087912,-0.77,0.649,-0.108,0.0,0.0,0.0
90,89,1789460368.733028,100.0,1,0,1.5456410256410256,1.552087912087912,-0.77,0.652,-0.107,0.0,0.0,0.0
90,90,1789460368.743028,100.0,1,0,1.5456410256410256,1.552087912087912,-0.771,0.653,-0.107,0.0,0.0,0.0
90,91,1789460368.753028,100.0,1,0,1.544029304029304,1.5528937728937728,-0.766,0.655,-0.108,0.0,0.0,0.0
90,92,1789460368.763028,100.0,1,0,1.5456410256410256,1.552087912087912,-0.762,0.656,-0.106,0.0,0.0,0.0
90,93,1789460368.773028,100.0,1,0,1.5448351648351648,1.552087912087912,-0.758,0.654,-0.106,0.0,0.0,0.0
90,94,1789460368.783028,100.0,1,0,1.544029304029304,1.552087912087912,-0.761,0.649,-0.105,0.0,0.0,-1.0
90,95,1789460368.793028,100.0,1,0,1.544029304029304,1.5488644688644688,-0.771,0.644,-0.104,0.0,0.0,0.0
90,96,1789460368.803028,100.0,1,0,1.5456410256410256,1.5504761904761906,-0.777,0.638,-0.108,0.0,0.0,0.0
90,97,1789460368.813028,100.0,1,0,1.5448351648351648,1.552087912087912,-0.774,0.636,-0.1,0.0,0.0,0.0
90,98,1789460368.823028,100.0,1,0,1.5448351648351648,1.5512820512820513,-0.777,0.64,-0.098,1.0,0.0,0.0
90,99,1789460368.833028,100.0,1,0,1.5448351648351648,1.5512820512820513,-0.782,0.645,-0.102,1.0,-1.0,0.0
91,0,1789460368.880349,100.0,1,0,1.544029304029304,1.552087912087912,-0.778,0.653,-0.096,2.0,-1.0,1.0
91,1,1789460368.890349,100.0,1,0,1.544029304029304,1.552087912087912,-0.766,0.661,-0.101,2.0,-1.0,1.0
91,2,1789460368.900349,100.0,1,0,1.5456410256410256,1.552087912087912,-0.759,0.665,-0.113,1.0,0.0,1.0
91,3,1789460368.910349,100.0,1,0,1.5448351648351648,1.552087912087912,-0.75,0.663,-0.119,0.0,0.0,0.0
91,4,1789460368.920349,100.0,1,0,1.5448351648351648,1.5528937728937728,-0.746,0.663,-0.117,0.0,1.0,0.0
91,5,1789460368.930349,100.0,1,0,1.544029304029304,1.552087912087912,-0.758,0.657,-0.112,-1.0,2.0,-1.0
91,6,1789460368.940349,100.0,1,0,1.5432234432234433,1.5536996336996336,-0.773,0.654,-0.105,-1.0,1.0,-1.0
91,7,1789460368.950349,100.0,1,0,1.544029304029304,1.5536996336996336,-0.786,0.655,-0.098,0.0,0.0,0.0
91,8,1789460368.960349,100.0,1,0,1.5448351648351648,1.5545054945054946,-0.79,0.652,-0.099,0.0,0.0,0.0
91,9,1789460368.970349,100.0,1,0,1.544029304029304,1.5536996336996336,-0.782,0.651,-0.102,0.0,-1.0,1.0
91,10,1789460368.980349,100.0,1,0,1.5432234432234433,1.5545054945054946,-0.768,0.65,-0.108,1.0,-1.0,1.0
91,11,1789460368.990349,100.0,1,0,1.5448351648351648,1.5545054945054946,-0.753,0.655,-0.112,0.0,-1.0,0.0
91,12,1789460369.000349,100.0,1,0,1.544029304029304,1.5545054945054946,-0.753,0.655,-0.112,0.0,0.0,0.0
91,13,1789460369.010349,100.0,1,0,1.544029304029304,1.5545054945054946,-0.753,0.655,-0.112,0.0,0.0,0.0
91,14,1789460369.020349,100.0,1,0,1.5432234432234433,1.5553113553113553,-0.748,0.661,-0.112,0.0,0.0,0.0
91,15,1789460369.030349,100.0,1,0,1.5448351648351648,1.5553113553113553,-0.757,0.661,-0.111,-1.0,1.0,0.0
91,16,1789460369.040349,100.0,1,0,1.5432234432234433,1.5545054945054946,-0.765,0.659,-0.105,-1.0,1.0,0.0
91,17,1789460369.050349,100.0,1,0,1.5432234432234433,1.5545054945054946,-0.771,0.651,-0.102,-1.0,0.0,0.0
91,18,1789460369.060349,100.0,1,0,1.544029304029304,1.5545054945054946,-0.777,0.646,-0.1,0.0,0.0,0.0
91,19,1789460369.070349,100.0,1,0,1.5432234432234433,1.5545054945054946,-0.779,0.647,-0.105,0.0,0.0,0.0
91,20,1789460369.080349,100.0,1,0,1.544029304029304,1.5545054945054946,-0.776,0.645,-0.103,0.0,0.0,0.0
91,21,1789460369.090349,100.0,1,0,1.5448351648351648,1.5528937728937728,-0.77,0.647,-0.107,0.0,0.0,0.0
91,22,1789460369.100349,100.0,1,0,1.5448351648351648,1.5528937728937728,-0.763,0.653,-0.109,0.0,0.0,0.0
91,23,1789460369.110349,100.0,1,0,1.544029304029304,1.5536996336996336,-0.76,0.659,-0.109,0.0,0.0,0.0
91,24,1789460369.120349,100.0,1,0,1.544029304029304,1.5528937728937728,-0.762,0.663,-0.109,0.0,0.0,0.0
91,25,1789460369.130349,100.0,1,0,1.5448351648351648,1.5528937728937728,-0.761,0.666,-0.108,0.0,0.0,0.0
91,26,1789460369.140349,100.0,1,0,1.5456410256410256,1.552087912087912,-0.759,0.661,-0.106,0.0,0.0,0.0
91,27,1789460369.150349,100.0,1,0,1.5448351648351648,1.552087912087912,-0.761,0.66,-0.107,0.0,0.0,0.0
91,28,1789460369.160349,100.0,1,0,1.5448351648351648,1.5528937728937728,-0.766,0.656,-0.105,0.0,0.0,0.0
91,29,1789460369.170349,100.0,1,0,1.5456410256410256,1.5504761904761906,-0.77,0.653,-0.104,0.0,0.0,0.0
91,30,1789460369.180349,100.0,1,0,1.5456410256410256,1.5528937728937728,-0.769,0.65,-0.107,0.0,0.0,0.0
91,31,1789460369.190349,100.0,1,0,1.5456410256410256,1.552087912087912,-0.769,0.647,-0.107,0.0,0.0,0.0
91,32,1789460369.200349,100.0,1,0,1.5456410256410256,1.552087912087912,-0.771,0.647,-0.106,0.0,0.0,0.0
91,33,1789460369.210349,100.0,1,0,1.5456410256410256,1.552087912087912,-0.772,0.65,-0.106,1.0,0.0,0.0
91,34,1789460369.220349,100.0,1,0,1.5464468864468865,1.5512820512820513,-0.768,0.655,-0.107,1.0,0.0,0.0
91,35,1789460369.230349,100.0,1,0,1.5456410256410256,1.5512820512820513,-0.765,0.658,-0.108,1.0,0.0,0.0
91,36,1789460369.240349,100.0,1,0,1.5456410256410256,1.5512820512820513,-0.761,0.661,-0.109,0.0,0.0,0.0
91,37,1789460369.250349,100.0,1,0,1.5464468864468865,1.5512820512820513,-0.758,0.66,-0.112,0.0,0.0,0.0
91,38,1789460369.260349,100.0,1,0,1.5464468864468865,1.5504761904761906,-0.757,0.656,-0.107,0.0,0.0,0.0
91,39,1789460369.270349,100.0,1,0,1.5456410256410256,1.5512820512820513,-0.764,0.65,-0.103,0.0,1.0,0.0
91,40,1789460369.280349,100.0,1,0,1.5464468864468865,1.552087912087912,-0.769,0.647,-0.101,0.0,1.0,0.0
91,41,1789460369.290349,100.0,1,0,1.5456410256410256,1.5512820512820513,-0.775,0.646,-0.099,0.0,0.0,0.0
91,42,1789460369.300349,100.0,1,0,1.5456410256410256,1.5496703296703296,-0.781,0.648,-0.105,0.0,0.0,0.0
91,43,1789460369.310349,100.0,1,0,1.5464468864468865,1.5512820512820513,-0.78,0.652,-0.106,0.0,0.0,0.0
91,44,1789460369.320349,100.0,1,0,1.5472527472527473,1.5512820512820513,-0.776,0.655,-0.108,0.0,0.0,1.0
91,45,1789460369.330349,100.0,1,0,1.5488644688644688,1.5496703296703296,-0.768,0.661,-0.115,0.0,0.0,1.0
91,46,1789460369.340349,100.0,1,0,1.5512820512820513,1.5488644688644688,-0.758,0.664,-0.115,0.0,0.0,1.0
91,47,1789460369.350349,100.0,1,0,1.5528937728937728,1.5472527472527473,-0.746,0.664,-0.117,0.0,0.0,0.0
91,48,1789460369.360349,100.0,1,0,1.552087912087912,1.5472527472527473,-0.746,0.663,-0.112,-1.0,1.0,0.0
91,49,1789460369.370349,100.0,1,0,1.5528937728937728,1.5456410256410256,-0.756,0.665,-0.109,-1.0,1.0,0.0
91,50,1789460369.380349,100.0,1,0,1.552087912087912,1.5472527472527473,-0.768,0.662,-0.102,-1.0,1.0,0.0
91,51,1789460369.390349,100.0,1,0,1.5528937728937728,1.5472527472527473,-0.773,0.66,-0.102,-1.0,0.0,0.0
91,52,1789460369.400349,100.0,1,0,1.552087912087912,1.5464468864468865,-0.775,0.657,-0.104,0.0,0.0,0.0
91,53,1789460369.410349,100.0,1,0,1.552087912087912,1.5472527472527473,-0.772,0.656,-0.108,0.0,0.0,0.0
91,54,1789460369.420349,100.0,1,0,1.5528937728937728,1.5464468864468865,-0.764,0.655,-0.112,0.0,0.0,0.0
91,55,1789460369.430349,100.0,1,0,1.552087912087912,1.5456410256410256,-0.757,0.653,-0.11,0.0,0.0,0.0
91,56,1789460369.440349,100.0,1,0,1.5528937728937728,1.5456410256410256,-0.752,0.65,-0.111,0.0,0.0,0.0
91,57,1789460369.450349,100.0,1,0,1.5504761904761906,1.5464468864468865,-0.758,0.65,-0.11,0.0,0.0,0.0
91,58,1789460369.460349,100.0,1,0,1.5512820512820513,1.5456410256410256,-0.768,0.646,-0.107,0.0,0.0,0.0
91,59,1789460369.470349,100.0,1,0,1.552087912087912,1.544029304029304,-0.776,0.647,-0.103,0.0,0.0,0.0
91,60,1789460369.480349,100.0,1,0,1.552087912087912,1.5448351648351648,-0.783,0.647,-0.103,0.0,0.0,0.0
91,61,1789460369.490349,100.0,1,0,1.5512820512820513,1.5432234432234433,-0.78,0.646,-0.109,0.0,-1.0,1.0
91,62,1789460369.500349,100.0,1,0,1.552087912087912,1.5456410256410256,-0.772,0.649,-0.108,0.0,0.0,1.0
91,63,1789460369.510349,100.0,1,0,1.552087912087912,1.5448351648351648,-0.758,0.651,-0.104,0.0,0.0,1.0
91,64,1789460369.520349,100.0,1,0,1.552087912087912,1.5448351648351648,-0.757,0.656,-0.108,0.0,0.0,0.0
91,65,1789460369.530349,100.0,1,0,1.552087912087912,1.5448351648351648,-0.763,0.66,-0.108,0.0,0.0,0.0
91,66,1789460369.540349,100.0,1,0,1.5528937728937728,1.544029304029304,-0.763,0.665,-0.103,0.0,0.0,0.0
91,67,1789460369.550349,100.0,1,0,1.552087912087912,1.544029304029304,-0.766,0.662,-0.105,0.0,0.0,0.0
91,68,1789460369.560349,100.0,1,0,1.5528937728937728,1.5448351648351648,-0.769,0.66,-0.109,0.0,0.0,0.0
91,69,1789460369.570349,100.0,1,0,1.552087912087912,1.5448351648351648,-0.769,0.656,-0.109,0.0,0.0,0.0
91,70,1789460369.580349,100.0,1,0,1.5512820512820513,1.5448351648351648,-0.766,0.653,-0.108,0.0,0.0,0.0
91,71,1789460369.590349,100.0,1,0,1.552087912087912,1.5448351648351648,-0.767,0.651,-0.105,0.0,0.0,0.0
91,72,1789460369.600349,100.0,1,0,1.5528937728937728,1.5448351648351648,-0.768,0.651,-0.103,0.0,0.0,0.0
91,73,1789460369.610349,100.0,1,0,1.5528937728937728,1.544029304029304,-0.769,0.652,-0.105,0.0,0.0,0.0
91,74,1789460369.620349,100.0,1,0,1.5528937728937728,1.5448351648351648,-0.766,0.654,-0.105,0.0,0.0,0.0
91,75,1789460369.630349,100.0,1,0,1.552087912087912,1.5448351648351648,-0.767,0.658,-0.106,0.0,0.0,0.0
91,76,1789460369.640349,100.0,1,0,1.552087912087912,1.5456410256410256,-0.766,0.659,-0.106,0.0,0.0,0.0
91,77,1789460369.650349,100.0,1,0,1.552087912087912,1.5464468864468865,-0.76,0.658,-0.104,0.0,0.0,0.0
91,78,1789460369.660349,100.0,1,0,1.5512820512820513,1.5456410256410256,-0.761,0.656,-0.106,0.0,0.0,0.0
91,79,1789460369.670349,100.0,1,0,1.552087912087912,1.5456410256410256,-0.761,0.652,-0.108,0.0,0.0,0.0
91,80,1789460369.680349,100.0,1,0,1.5504761904761906,1.5456410256410256,-0.765,0.649,-0.105,0.0,0.0,0.0
91,81,1789460369.690349,100.0,1,0,1.552087912087912,1.5456410256410256,-0.77,0.645,-0.104,0.0,0.0,0.0
91,82,1789460369.700349,100.0,1,0,1.5496703296703296,1.5456410256410256,-0.774,0.645,-0.105,1.0,0.0,1.0
91,83,1789460369.710349,100.0,1,0,1.5504761904761906,1.5456410256410256,-0.774,0.647,-0.104,1.0,0.0,1.0
91,84,1789460369.720349,100.0,1,0,1.5512820512820513,1.5448351648351648,-0.768,0.654,-0.107,1.0,0.0,1.0
91,85,1789460369.730349,100.0,1,0,1.5512820512820513,1.5448351648351648,-0.768,0.654,-0.107,1.0,0.0,1.0
91,86,1789460369.740349,100.0,1,0,1.5504761904761906,1.544029304029304,-0.768,0.654,-0.107,0.0,0.0,1.0
91,87,1789460369.750349,100.0,1,0,1.552087912087912,1.544029304029304,-0.756,0.665,-0.11,0.0,0.0,0.0
91,88,1789460369.760349,100.0,1,0,1.5512820512820513,1.544029304029304,-0.756,0.668,-0.11,0.0,0.0,0.0
91,89,1789460369.770349,100.0,1,0,1.5512820512820513,1.5448351648351648,-0.758,0.668,-0.112,-1.0,1.0,0.0
91,90,1789460369.780349,100.0,1,0,1.5504761904761906,1.544029304029304,-0.761,0.666,-0.106,-1.0,1.0,0.0
91,91,1789460369.790349,100.0,1,0,1.552087912087912,1.5448351648351648,-0.763,0.658,-0.105,-1.0,0.0,0.0
91,92,1789460369.800349,100.0,1,0,1.5512820512820513,1.5456410256410256,-0.768,0.653,-0.105,-1.0,0.0,0.0
91,93,1789460369.810349,100.0,1,0,1.5512820512820513,1.5448351648351648,-0.771,0.652,-0.105,0.0,0.0,0.0
91,94,1789460369.820349,100.0,1,0,1.5512820512820513,1.5448351648351648,-0.771,0.654,-0.105,0.0,0.0,0.0
91,95,1789460369.830349,100.0,1,0,1.5512820512820513,1.5456410256410256,-0.771,0.656,-0.109,0.0,0.0,0.0
91,96,1789460369.840349,100.0,1,0,1.5512820512820513,1.5456410256410256,-0.768,0.661,-0.111,0.0,0.0,0.0
91,97,1789460369.850349,100.0,1,0,1.5512820512820513,1.5456410256410256,-0.764,0.665,-0.107,0.0,0.0,0.0
91,98,1789460369.860349,100.0,1,0,1.5512820512820513,1.5456410256410256,-0.762,0.667,-0.107,0.0,0.0,0.0
91,99,1789460369.870349,100.0,1,0,1.5472527472527473,1.5464468864468865,-0.757,0.663,-0.106,0.0,0.0,0.0
92,0,1789460369.837188,100.0,1,0,1.5504761904761906,1.5456410256410256,-0.757,0.657,-0.106,0.0,0.0,0.0
92,1,1789460369.847188,100.0,1,0,1.5472527472527473,1.5464468864468865,-0.76,0.65,-0.109,0.0,0.0,0.0
92,2,1789460369.857188,100.0,1,0,1.5464468864468865,1.5472527472527473,-0.768,0.646,-0.109,0.0,0.0,0.0
92,3,1789460369.867188,100.0,1,0,1.5472527472527473,1.5456410256410256,-0.774,0.647,-0.104,0.0,0.0,0.0
92,4,1789460369.877188,100.0,1,0,1.5456410256410256,1.5472527472527473,-0.773,0.652,-0.105,0.0,0.0,0.0
92,5,1789460369.887188,100.0,1,0,1.5456410256410256,1.5488644688644688,-0.773,0.652,-0.105,0.0,0.0,0.0
92,6,1789460369.897188,100.0,1,0,1.5448351648351648,1.5464468864468865,-0.764,0.653,-0.109,0.0,0.0,0.0
92,7,1789460369.907188,100.0,1,0,1.5456410256410256,1.552087912087912,-0.758,0.653,-0.108,0.0,0.0,0.0
92,8,1789460369.917188,100.0,1,0,1.5456410256410256,1.5504761904761906,-0.754,0.654,-0.103,0.0,0.0,0.0
92,9,1789460369.927188,100.0,1,0,1.5448351648351648,1.5512820512820513,-0.759,0.655,-0.104,0.0,1.0,0.0
92,10,1789460369.937188,100.0,1,0,1.5448351648351648,1.552087912087912,-0.772,0.654,-0.105,0.0,0.0,0.0
92,11,1789460369.947188,100.0,1,0,1.5456410256410256,1.552087912087912,-0.78,0.651,-0.099,0.0,0.0,0.0
92,12,1789460369.957188,100.0,1,0,1.5456410256410256,1.5512820512820513,-0.781,0.652,-0.1,0.0,0.0,1.0
92,13,1789460369.967188,100.0,1,0,1.5456410256410256,1.5504761904761906,-0.772,0.655,-0.108,0.0,0.0,1.0
92,14,1789460369.977188,100.0,1,0,1.5472527472527473,1.5496703296703296,-0.761,0.658,-0.115,0.0,0.0,1.0
92,15,1789460369.987188,100.0,1,0,1.5472527472527473,1.5496703296703296,-0.754,0.658,-0.118,0.0,0.0,0.0
92,16,1789460369.997188,100.0,1,0,1.548058608058608,1.5512820512820513,-0.75,0.661,-0.112,0.0,0.0,0.0
92,17,1789460370.007188,100.0,1,0,1.5488644688644688,1.5472527472527473,-0.751,0.663,-0.11,0.0,0.0,0.0
92,18,1789460370.017188,100.0,1,0,1.5488644688644688,1.548058608058608,-0.759,0.666,-0.109,0.0,0.0,0.0
92,19,1789460370.027188,100.0,1,0,1.5488644688644688,1.5496703296703296,-0.765,0.665,-0.103,0.0,0.0,0.0
92,20,1789460370.037188,100.0,1,0,1.5504761904761906,1.5496703296703296,-0.767,0.662,-0.103,0.0,0.0,0.0
92,21,1789460370.047188,100.0,1,0,1.5472527472527473,1.5488644688644688,-0.766,0.659,-0.109,0.0,0.0,0.0
92,22,1789460370.057188,100.0,1,0,1.5504761904761906,1.5472527472527473,-0.766,0.654,-0.112,0.0,0.0,0.0
92,23,1789460370.067188,100.0,1,0,1.5512820512820513,1.5472527472527473,-0.766,0.653,-0.114,0.0,0.0,0.0
92,24,1789460370.077188,100.0,1,0,1.5512820512820513,1.5456410256410256,-0.766,0.652,-0.109,0.0,0.0,0.0
92,25,1789460370.087188,100.0,1,0,1.5496703296703296,1.5472527472527473,-0.765,0.654,-0.11,0.0,0.0,0.0
92,26,1789460370.097188,100.0,1,0,1.5488644688644688,1.5464468864468865,-0.766,0.654,-0.111,0.0,0.0,0.0
92,27,1789460370.107188,100.0,1,0,1.552087912087912,1.5464468864468865,-0.767,0.653,-0.109,0.0,0.0,0.0
92,28,1789460370.117188,100.0,1,0,1.5496703296703296,1.5464468864468865,-0.769,0.656,-0.107,0.0,0.0,0.0
92,29,1789460370.127188,100.0,1,0,1.5472527472527473,1.5472527472527473,-0.766,0.655,-0.105,0.0,0.0,0.0
92,30,1789460370.137188,100.0,1,0,1.5464468864468865,1.5472527472527473,-0.764,0.651,-0.107,0.0,0.0,0.0
92,31,1789460370.147188,100.0,1,0,1.5464468864468865,1.5456410256410256,-0.761,0.653,-0.111,0.0,0.0,0.0
92,32,1789460370.157188,100.0,1,0,1.5464468864468865,1.5464468864468865,-0.761,0.651,-0.106,0.0,0.0,0.0
92,33,1789460370.167188,100.0,1,0,1.5472527472527473,1.5456410256410256,-0.768,0.652,-0.108,0.0,0.0,0.0
92,34,1789460370.177188,100.0,1,0,1.5472527472527473,1.5464468864468865,-0.77,0.654,-0.107,0.0,0.0,0.0
92,35,1789460370.187188,100.0,1,0,1.5464468864468865,1.5472527472527473,-0.77,0.657,-0.103,0.0,0.0,0.0
92,36,1789460370.197188,100.0,1,0,1.5472527472527473,1.5464468864468865,-0.77,0.656,-0.105,0.0,0.0,0.0
92,37,1789460370.207188,100.0,1,0,1.5472527472527473,1.5472527472527473,-0.765,0.654,-0.109,0.0,0.0,0.0
92,38,1789460370.217188,100.0,1,0,1.548058608058608,1.5472527472527473,-0.764,0.65,-0.112,0.0,0.0,0.0
92,39,1789460370.227188,100.0,1,0,1.5504761904761906,1.5464468864468865,-0.766,0.653,-0.109,0.0,0.0,0.0
92,40,1789460370.237188,100.0,1,0,1.5472527472527473,1.5488644688644688,-0.765,0.659,-0.107,0.0,0.0,0.0
92,41,1789460370.247188,100.0,1,0,1.5472527472527473,1.5464468864468865,-0.767,0.664,-0.105,0.0,0.0,0.0
92,42,1789460370.257188,100.0,1,0,1.5512820512820513,1.548058608058608,-0.767,0.665,-0.106,0.0,0.0,0.0
92,43,1789460370.267188,100.0,1,0,1.5496703296703296,1.5488644688644688,-0.762,0.665,-0.106,0.0,0.0,0.0
92,44,1789460370.277188,100.0,1,0,1.5504761904761906,1.5504761904761906,-0.758,0.663,-0.11,0.0,0.0,0.0
92,45,1789460370.287188,100.0,1,0,1.5464468864468865,1.5504761904761906,-0.758,0.658,-0.11,0.0,0.0,0.0
92,46,1789460370.297188,100.0,1,0,1.5496703296703296,1.5512820512820513,-0.763,0.654,-0.106,0.0,0.0,0.0
92,47,1789460370.307188,100.0,1,0,1.5504761904761906,1.5512820512820513,-0.768,0.651,-0.103,0.0,0.0,-1.0
92,48,1789460370.317188,100.0,1,0,1.5464468864468865,1.5504761904761906,-0.773,0.646,-0.105,0.0,0.0,0.0
92,49,1789460370.327188,100.0,1,0,1.5488644688644688,1.5512820512820513,-0.778,0.646,-0.106,0.0,0.0,0.0
92,50,1789460370.337188,100.0,1,0,1.5472527472527473,1.5512820512820513,-0.775,0.649,-0.105,1.0,-1.0,0.0
92,51,1789460370.347188,100.0,1,0,1.5472527472527473,1.5496703296703296,-0.767,0.655,-0.103,1.0,-1.0,0.0
92,52,1789460370.357188,100.0,1,0,1.5464468864468865,1.5504761904761906,-0.756,0.658,-0.108,0.0,0.0,0.0
92,53,1789460370.367188,100.0,1,0,1.5472527472527473,1.5488644688644688,-0.754,0.659,-0.111,0.0,0.0,0.0
92,54,1789460370.377188,100.0,1,0,1.5464468864468865,1.5488644688644688,-0.756,0.659,-0.112,0.0,0.0,0.0
92,55,1789460370.387188,100.0,1,0,1.5464468864468865,1.5512820512820513,-0.761,0.658,-0.106,0.0,0.0,0.0
92,56,1789460370.397188,100.0,1,0,1.5464468864468865,1.5512820512820513,-0.765,0.657,-0.1,0.0,0.0,0.0
92,57,1789460370.407188,100.0,1,0,1.5472527472527473,1.5512820512820513,-0.769,0.654,-0.103,0.0,0.0,0.0
92,58,1789460370.417188,100.0,1,0,1.5456410256410256,1.552087912087912,-0.769,0.654,-0.103,0.0,0.0,0.0
92,59,1789460370.427188,100.0,1,0,1.5456410256410256,1.5512820512820513,-0.774,0.649,-0.105,0.0,0.0,0.0
92,60,1789460370.437188,100.0,1,0,1.5456410256410256,1.5512820512820513,-0.773,0.648,-0.104,0.0,0.0,0.0
92,61,1789460370.447188,100.0,1,0,1.5456410256410256,1.5512820512820513,-0.773,0.652,-0.104,0.0,0.0,0.0
92,62,1789460370.457188,100.0,1,0,1.5448351648351648,1.5504761904761906,-0.766,0.656,-0.105,0.0,0.0,0.0
92,63,1789460370.467188,100.0,1,0,1.5456410256410256,1.552087912087912,-0.76,0.657,-0.105,0.0,0.0,0.0
92,64,1789460370.477188,100.0,1,0,1.5456410256410256,1.552087912087912,-0.76,0.66,-0.107,0.0,0.0,0.0
92,65,1789460370.487188,100.0,1,0,1.5456410256410256,1.552087912087912,-0.762,0.662,-0.11,0.0,0.0,0.0
92,66,1789460370.497188,100.0,1,0,1.5448351648351648,1.552087912087912,-0.763,0.66,-0.108,0.0,0.0,0.0
92,67,1789460370.507188,100.0,1,0,1.5456410256410256,1.5512820512820513,-0.761,0.659,-0.105,0.0,0.0,0.0
92,68,1789460370.517188,100.0,1,0,1.5464468864468865,1.5512820512820513,-0.764,0.657,-0.107,0.0,0.0,0.0
92,69,1789460370.527188,100.0,1,0,1.5448351648351648,1.552087912087912,-0.767,0.66,-0.105,0.0,0.0,0.0
92,70,1789460370.537188,100.0,1,0,1.5448351648351648,1.5528937728937728,-0.775,0.656,-0.104,0.0,0.0,0.0
92,71,1789460370.547188,100.0,1,0,1.544029304029304,1.5528937728937728,-0.775,0.657,-0.101,0.0,0.0,0.0
92,72,1789460370.557188,100.0,1,0,1.5448351648351648,1.5528937728937728,-0.77,0.656,-0.096,0.0,0.0,0.0
92,73,1789460370.567188,100.0,1,0,1.5456410256410256,1.5528937728937728,-0.765,0.657,-0.101,0.0,0.0,0.0
92,74,1789460370.577188,100.0,1,0,1.5448351648351648,1.5528937728937728,-0.759,0.655,-0.112,0.0,0.0,0.0
92,75,1789460370.587188,100.0,1,0,1.544029304029304,1.552087912087912,-0.755,0.651,-0.11,0.0,0.0,0.0
92,76,1789460370.597188,100.0,1,0,1.5432234432234433,1.5528937728937728,-0.757,0.654,-0.104,0.0,0.0,-1.0
92,77,1789460370.607188,100.0,1,0,1.544029304029304,1.5536996336996336,-0.765,0.653,-0.1,0.0,0.0,-1.0
92,78,1789460370.617188,100.0,1,0,1.544029304029304,1.552087912087912,-0.773,0.652,-0.103,0.0,0.0,0.0
92,79,1789460370.627188,100.0,1,0,1.544029304029304,1.5528937728937728,-0.782,0.651,-0.102,0.0,0.0,0.0
92,80,1789460370.637188,100.0,1,0,1.544029304029304,1.5528937728937728,-0.782,0.652,-0.097,0.0,0.0,0.0
92,81,1789460370.647188,100.0,1,0,1.544029304029304,1.5536996336996336,-0.773,0.653,-0.1,1.0,0.0,1.0
92,82,1789460370.657188,100.0,1,0,1.544029304029304,1.552087912087912,-0.761,0.654,-0.11,1.0,-1.0,1.0
92,83,1789460370.667188,100.0,1,0,1.5448351648351648,1.552087912087912,-0.753,0.654,-0.116,0.0,0.0,0.0
92,84,1789460370.677188,100.0,1,0,1.5448351648351648,1.552087912087912,-0.754,0.658,-0.115,0.0,0.0,0.0
92,85,1789460370.687188,100.0,1,0,1.5448351648351648,1.5512820512820513,-0.758,0.665,-0.108,0.0,0.0,0.0
92,86,1789460370.697188,100.0,1,0,1.5456410256410256,1.5512820512820513,-0.761,0.67,-0.104,0.0,0.0,0.0
92,87,1789460370.707188,100.0,1,0,1.5448351648351648,1.5512820512820513,-0.76,0.668,-0.105,0.0,0.0,0.0
92,88,1789460370.717188,100.0,1,0,1.5448351648351648,1.5512820512820513,-0.76,0.668,-0.105,0.0,0.0,0.0
92,89,1789460370.727188,100.0,1,0,1.5448351648351648,1.552087912087912,-0.761,0.662,-0.107,-1.0,0.0,0.0
92,90,1789460370.737188,100.0,1,0,1.5448351648351648,1.552087912087912,-0.761,0.656,-0.105,0.0,0.0,-1.0
92,91,1789460370.747188,100.0,1,0,1.5448351648351648,1.5512820512820513,-0.764,0.652,-0.107,0.0,0.0,-1.0
92,92,1789460370.757188,100.0,1,0,1.5456410256410256,1.5512820512820513,-0.769,0.649,-0.11,0.0,0.0,0.0
92,93,1789460370.767188,100.0,1,0,1.5448351648351648,1.552087912087912,-0.773,0.648,-0.108,0.0,0.0,0.0
92,94,1789460370.777188,100.0,1,0,1.5464468864468865,1.5512820512820513,-0.774,0.654,-0.106,0.0,0.0,0.0
92,95,1789460370.787188,100.0,1,0,1.5448351648351648,1.5512820512820513,-0.772,0.66,-0.105,0.0,0.0,0.0
92,96,1789460370.797188,100.0,1,0,1.5448351648351648,1.552087912087912,-0.766,0.661,-0.108,0.0,0.0,0.0
92,97,1789460370.807188,100.0,1,0,1.544029304029304,1.552087912087912,-0.76,0.659,-0.11,0.0,0.0,0.0
92,98,1789460370.817188,100.0,1,0,1.5448351648351648,1.552087912087912,-0.757,0.655,-0.111,0.0,0.0,0.0
92,99,1789460370.827188,100.0,1,0,1.5448351648351648,1.5512820512820513,-0.76,0.646,-0.105,-1.0,0.0,-1.0
93,0,1789460370.849620,100.0,1,0,1.544029304029304,1.552087912087912,-0.771,0.644,-0.101,0.0,0.0,-1.0
93,1,1789460370.859620,100.0,1,0,1.544029304029304,1.552087912087912,-0.782,0.644,-0.102,0.0,0.0,0.0
93,2,1789460370.869620,100.0,1,0,1.5424175824175823,1.5528937728937728,-0.783,0.646,-0.096,0.0,0.0,0.0
93,3,1789460370.879620,100.0,1,0,1.544029304029304,1.5512820512820513,-0.776,0.651,-0.099,1.0,-1.0,0.0
93,4,1789460370.889620,100.0,1,0,1.5432234432234433,1.5528937728937728,-0.767,0.654,-0.109,0.0,-1.0,0.0
93,5,1789460370.899620,100.0,1,0,1.5432234432234433,1.5528937728937728,-0.759,0.654,-0.114,0.0,0.0,0.0
93,6,1789460370.909620,100.0,1,0,1.5432234432234433,1.5528937728937728,-0.753,0.656,-0.114,0.0,0.0,0.0
93,7,1789460370.919620,100.0,1,0,1.544029304029304,1.5528937728937728,-0.759,0.657,-0.112,0.0,0.0,0.0
93,8,1789460370.929620,100.0,1,0,1.544029304029304,1.5528937728937728,-0.771,0.657,-0.106,0.0,0.0,0.0
93,9,1789460370.939620,100.0,1,0,1.544029304029304,1.5528937728937728,-0.778,0.657,-0.1,0.0,0.0,0.0
93,10,1789460370.949620,100.0,1,0,1.544029304029304,1.5536996336996336,-0.779,0.654,-0.099,0.0,0.0,0.0
93,11,1789460370.959620,100.0,1,0,1.5432234432234433,1.5536996336996336,-0.77,0.655,-0.101,0.0,-1.0,0.0
93,12,1789460370.969620,100.0,1,0,1.5432234432234433,1.5545054945054946,-0.763,0.656,-0.106,0.0,0.0,0.0
93,13,1789460370.979620,100.0,1,0,1.544029304029304,1.5536996336996336,-0.755,0.656,-0.109,0.0,0.0,0.0
93,14,1789460370.989620,100.0,1,0,1.5432234432234433,1.5536996336996336,-0.754,0.654,-0.114,0.0,0.0,-1.0
93,15,1789460370.999620,100.0,1,0,1.5432234432234433,1.5545054945054946,-0.762,0.655,-0.114,0.0,0.0,-1.0
93,16,1789460371.009620,100.0,1,0,1.5432234432234433,1.5536996336996336,-0.77,0.653,-0.108,-1.0,0.0,0.0
93,17,1789460371.019620,100.0,1,0,1.5432234432234433,1.5536996336996336,-0.778,0.648,-0.103,0.0,0.0,0.0
93,18,1789460371.029620,100.0,1,0,1.5432234432234433,1.5536996336996336,-0.78,0.646,-0.1,0.0,0.0,0.0
93,19,1789460371.039620,100.0,1,0,1.5432234432234433,1.5536996336996336,-0.778,0.644,-0.102,0.0,0.0,1.0
93,20,1789460371.049620,100.0,1,0,1.5424175824175823,1.5536996336996336,-0.772,0.647,-0.104,0.0,-1.0,1.0
93,21,1789460371.059620,100.0,1,0,1.5432234432234433,1.5536996336996336,-0.763,0.652,-0.104,0.0,0.0,1.0
93,22,1789460371.069620,100.0,1,0,1.5432234432234433,1.5528937728937728,-0.758,0.657,-0.106,0.0,0.0,0.0
93,23,1789460371.079620,100.0,1,0,1.5432234432234433,1.5528937728937728,-0.756,0.66,-0.106,0.0,0.0,0.0
93,24,1789460371.089620,100.0,1,0,1.544029304029304,1.5536996336996336,-0.756,0.66,-0.106,0.0,0.0,0.0
93,25,1789460371.099620,100.0,1,0,1.5432234432234433,1.5536996336996336,-0.76,0.659,-0.105,0.0,0.0,0.0
93,26,1789460371.109620,100.0,1,0,1.5432234432234433,1.5528937728937728,-0.763,0.655,-0.104,0.0,0.0,0.0
93,27,1789460371.119620,100.0,1,0,1.5432234432234433,1.5536996336996336,-0.767,0.651,-0.104,0.0,0.0,0.0
93,28,1789460371.129620,100.0,1,0,1.544029304029304,1.5528937728937728,-0.774,0.654,-0.103,0.0,0.0,0.0
93,29,1789460371.139620,100.0,1,0,1.544029304029304,1.5536996336996336,-0.776,0.655,-0.104,0.0,0.0,0.0
93,30,1789460371.149620,100.0,1,0,1.5448351648351648,1.5528937728937728,-0.775,0.659,-0.104,0.0,-1.0,0.0
93,31,1789460371.159620,100.0,1,0,1.5448351648351648,1.552087912087912,-0.775,0.659,-0.104,0.0,-1.0,0.0
93,32,1789460371.169620,100.0,1,0,1.544029304029304,1.552087912087912,-0.769,0.657,-0.107,0.0,-1.0,0.0
93,33,1789460371.179620,100.0,1,0,1.5448351648351648,1.552087912087912,-0.762,0.66,-0.106,0.0,0.0,0.0
93,34,1789460371.189620,100.0,1,0,1.5448351648351648,1.552087912087912,-0.759,0.663,-0.105,0.0,0.0,0.0
93,35,1789460371.199620,100.0,1,0,1.544029304029304,1.5528937728937728,-0.76,0.658,-0.104,0.0,0.0,0.0
93,36,1789460371.209620,100.0,1,0,1.5448351648351648,1.552087912087912,-0.765,0.656,-0.106,0.0,0.0,0.0
93,37,1789460371.219620,100.0,1,0,1.5448351648351648,1.552087912087912,-0.768,0.652,-0.105,0.0,0.0,0.0
93,38,1789460371.229620,100.0,1,0,1.544029304029304,1.552087912087912,-0.769,0.65,-0.104,0.0,0.0,0.0
93,39,1789460371.239620,100.0,1,0,1.544029304029304,1.5528937728937728,-0.771,0.648,-0.105,0.0,0.0,0.0
93,40,1789460371.249620,100.0,1,0,1.544029304029304,1.5528937728937728,-0.771,0.645,-0.105,0.0,0.0,0.0
93,41,1789460371.259620,100.0,1,0,1.544029304029304,1.552087912087912,-0.768,0.648,-0.101,0.0,0.0,0.0
93,42,1789460371.269620,100.0,1,0,1.544029304029304,1.552087912087912,-0.762,0.649,-0.099,0.0,0.0,0.0
93,43,1789460371.279620,100.0,1,0,1.544029304029304,1.552087912087912,-0.762,0.652,-0.103,0.0,0.0,0.0
93,44,1789460371.289620,100.0,1,0,1.5432234432234433,1.5528937728937728,-0.771,0.653,-0.104,0.0,0.0,0.0
93,45,1789460371.299620,100.0,1,0,1.544029304029304,1.5528937728937728,-0.777,0.653,-0.103,0.0,0.0,0.0
93,46,1789460371.309620,100.0,1,0,1.5432234432234433,1.5528937728937728,-0.772,0.656,-0.101,0.0,0.0,1.0
93,47,1789460371.319620,100.0,1,0,1.5448351648351648,1.552087912087912,-0.767,0.656,-0.108,0.0,0.0,1.0
93,48,1789460371.329620,100.0,1,0,1.544029304029304,1.5528937728937728,-0.759,0.655,-0.113,0.0,0.0,0.0
93,49,1789460371.339620,100.0,1,0,1.5448351648351648,1.552087912087912,-0.753,0.658,-0.111,0.0,0.0,0.0
93,50,1789460371.349620,100.0,1,0,1.5448351648351648,1.552087912087912,-0.753,0.66,-0.106,-1.0,0.0,0.0
93,51,1789460371.359620,100.0,1,0,1.5456410256410256,1.5512820512820513,-0.76,0.661,-0.102,0.0,1.0,0.0
93,52,1789460371.369620,100.0,1,0,1.5456410256410256,1.552087912087912,-0.765,0.662,-0.102,0.0,0.0,0.0
93,53,1789460371.379620,100.0,1,0,1.5456410256410256,1.552087912087912,-0.767,0.659,-0.103,0.0,0.0,0.0
93,54,1789460371.389620,100.0,1,0,1.5456410256410256,1.5512820512820513,-0.766,0.658,-0.104,0.0,0.0,0.0
93,55,1789460371.399620,100.0,1,0,1.5456410256410256,1.552087912087912,-0.764,0.656,-0.107,0.0,0.0,0.0
93,56,1789460371.409620,100.0,1,0,1.5464468864468865,1.5512820512820513,-0.762,0.657,-0.109,-1.0,0.0,0.0
93,57,1789460371.419620,100.0,1,0,1.5472527472527473,1.5504761904761906,-0.762,0.659,-0.104,-1.0,0.0,0.0
93,58,1789460371.429620,100.0,1,0,1.5464468864468865,1.5512820512820513,-0.766,0.658,-0.102,-1.0,0.0,0.0
93,59,1789460371.439620,100.0,1,0,1.5472527472527473,1.5504761904761906,-0.769,0.657,-0.103,0.0,0.0,0.0
93,60,1789460371.449620,100.0,1,0,1.5464468864468865,1.5504761904761906,-0.771,0.656,-0.102,0.0,0.0,0.0
93,61,1789460371.459620,100.0,1,0,1.5472527472527473,1.5496703296703296,-0.772,0.652,-0.102,0.0,0.0,0.0
93,62,1789460371.469620,100.0,1,0,1.5488644688644688,1.5488644688644688,-0.77,0.652,-0.107,0.0,0.0,0.0
93,63,1789460371.479620,100.0,1,0,1.5504761904761906,1.548058608058608,-0.767,0.649,-0.111,0.0,0.0,0.0
93,64,1789460371.489620,100.0,1,0,1.5512820512820513,1.5456410256410256,-0.766,0.645,-0.106,0.0,0.0,0.0
93,65,1789460371.499620,100.0,1,0,1.5488644688644688,1.5464468864468865,-0.766,0.646,-0.103,0.0,0.0,0.0
93,66,1789460371.509620,100.0,1,0,1.5496703296703296,1.5488644688644688,-0.77,0.65,-0.103,0.0,0.0,0.0
93,67,1789460371.519620,100.0,1,0,1.5472527472527473,1.5472527472527473,-0.775,0.65,-0.098,0.0,0.0,0.0
93,68,1789460371.529620,100.0,1,0,1.5496703296703296,1.5472527472527473,-0.771,0.649,-0.095,0.0,0.0,0.0
93,69,1789460371.539620,100.0,1,0,1.548058608058608,1.5472527472527473,-0.77,0.648,-0.1,0.0,0.0,0.0
93,70,1789460371.549620,100.0,1,0,1.5488644688644688,1.5504761904761906,-0.769,0.651,-0.108,0.0,-1.0,0.0
93,71,1789460371.559620,100.0,1,0,1.5496703296703296,1.5512820512820513,-0.768,0.654,-0.109,0.0,0.0,0.0
93,72,1789460371.569620,100.0,1,0,1.5488644688644688,1.5456410256410256,-0.764,0.655,-0.103,0.0,0.0,0.0
93,73,1789460371.579620,100.0,1,0,1.5496703296703296,1.5488644688644688,-0.759,0.655,-0.102,0.0,0.0,0.0
93,74,1789460371.589620,100.0,1,0,1.552087912087912,1.548058608058608,-0.763,0.654,-0.104,0.0,0.0,0.0
93,75,1789460371.599620,100.0,1,0,1.5504761904761906,1.5464468864468865,-0.768,0.651,-0.101,1.0,0.0,0.0
93,76,1789460371.609620,100.0,1,0,1.5528937728937728,1.5456410256410256,-0.773,0.646,-0.098,1.0,0.0,0.0
93,77,1789460371.619620,100.0,1,0,1.552087912087912,1.5464468864468865,-0.775,0.64,-0.099,1.0,-1.0,0.0
93,78,1789460371.629620,100.0,1,0,1.5528937728937728,1.5456410256410256,-0.776,0.64,-0.106,2.0,-1.0,1.0
93,79,1789460371.639620,100.0,1,0,1.552087912087912,1.5448351648351648,-0.774,0.646,-0.109,2.0,-1.0,2.0
93,80,1789460371.649620,100.0,1,0,1.5528937728937728,1.5448351648351648,-0.765,0.658,-0.11,2.0,-1.0,2.0
93,81,1789460371.659620,100.0,1,0,1.5536996336996336,1.544029304029304,-0.755,0.668,-0.114,1.0,0.0,1.0
93,82,1789460371.669620,100.0,1,0,1.5553113553113553,1.5432234432234433,-0.745,0.668,-0.111,0.0,0.0,1.0
93,83,1789460371.679620,100.0,1,0,1.5553113553113553,1.5432234432234433,-0.748,0.669,-0.11,0.0,1.0,0.0
93,84,1789460371.689620,100.0,1,0,1.5553113553113553,1.5432234432234433,-0.76,0.668,-0.108,0.0,1.0,0.0
93,85,1789460371.699620,100.0,1,0,1.5536996336996336,1.544029304029304,-0.769,0.665,-0.103,-1.0,1.0,0.0
93,86,1789460371.709620,100.0,1,0,1.5545054945054946,1.5432234432234433,-0.777,0.658,-0.099,-1.0,1.0,0.0
93,87,1789460371.719620,100.0,1,0,1.5553113553113553,1.5432234432234433,-0.783,0.655,-0.102,0.0,0.0,0.0
93,88,1789460371.729620,100.0,1,0,1.5545054945054946,1.544029304029304,-0.781,0.654,-0.102,0.0,0.0,0.0
93,89,1789460371.739620,100.0,1,0,1.5545054945054946,1.544029304029304,-0.773,0.652,-0.105,0.0,0.0,0.0
93,90,1789460371.749620,100.0,1,0,1.5536996336996336,1.5432234432234433,-0.758,0.653,-0.109,0.0,0.0,0.0
93,91,1789460371.759620,100.0,1,0,1.5545054945054946,1.544029304029304,-0.753,0.658,-0.111,0.0,0.0,0.0
93,92,1789460371.769620,100.0,1,0,1.5536996336996336,1.5432234432234433,-0.755,0.659,-0.11,0.0,0.0,0.0
93,93,1789460371.779620,100.0,1,0,1.5528937728937728,1.5432234432234433,-0.76,0.661,-0.106,0.0,0.0,0.0
93,94,1789460371.789620,100.0,1,0,1.5528937728937728,1.544029304029304,-0.762,0.661,-0.104,0.0,0.0,0.0
93,95,1789460371.799620,100.0,1,0,1.5528937728937728,1.5432234432234433,-0.765,0.657,-0.103,0.0,0.0,0.0
93,96,1789460371.809620,100.0,1,0,1.5528937728937728,1.5448351648351648,-0.767,0.656,-0.101,0.0,0.0,0.0
93,97,1789460371.819620,100.0,1,0,1.5528937728937728,1.5448351648351648,-0.767,0.655,-0.104,0.0,0.0,0.0
93,98,1789460371.829620,100.0,1,0,1.552087912087912,1.5448351648351648,-0.766,0.653,-0.107,0.0,0.0,0.0
93,99,1789460371.839620,100.0,1,0,1.5536996336996336,1.544029304029304,-0.765,0.652,-0.107,0.0,0.0,0.0
94,0,1789460371.863445,100.0,1,0,1.552087912087912,1.544029304029304,-0.766,0.656,-0.106,0.0,0.0,0.0
94,1,1789460371.873445,100.0,1,0,1.552087912087912,1.5448351648351648,-0.763,0.656,-0.105,0.0,0.0,0.0
94,2,1789460371.883445,100.0,1,0,1.552087912087912,1.5448351648351648,-0.763,0.654,-0.102,0.0,0.0,0.0
94,3,1789460371.893445,100.0,1,0,1.552087912087912,1.5448351648351648,-0.764,0.652,-0.104,0.0,0.0,0.0
94,4,1789460371.903445,100.0,1,0,1.552087912087912,1.5424175824175823,-0.762,0.652,-0.108,0.0,0.0,0.0
94,5,1789460371.913445,100.0,1,0,1.552087912087912,1.5448351648351648,-0.762,0.652,-0.108,0.0,0.0,0.0
94,6,1789460371.923445,100.0,1,0,1.5512820512820513,1.5448351648351648,-0.764,0.654,-0.111,0.0,0.0,0.0
94,7,1789460371.933444,100.0,1,0,1.552087912087912,1.544029304029304,-0.766,0.652,-0.103,0.0,0.0,0.0
94,8,1789460371.943444,100.0,1,0,1.552087912087912,1.544029304029304,-0.767,0.652,-0.098,0.0,0.0,0.0
94,9,1789460371.953444,100.0,1,0,1.552087912087912,1.5448351648351648,-0.77,0.654,-0.098,0.0,0.0,0.0
94,10,1789460371.963444,100.0,1,0,1.5512820512820513,1.5448351648351648,-0.776,0.653,-0.103,0.0,0.0,0.0
94,11,1789460371.973444,100.0,1,0,1.5512820512820513,1.5456410256410256,-0.78,0.652,-0.104,0.0,0.0,0.0
94,12,1789460371.983445,100.0,1,0,1.552087912087912,1.544029304029304,-0.778,0.654,-0.106,1.0,0.0,1.0
94,13,1789460371.993445,100.0,1,0,1.5528937728937728,1.544029304029304,-0.767,0.658,-0.111,1.0,0.0,1.0
94,14,1789460372.003445,100.0,1,0,1.5528937728937728,1.544029304029304,-0.757,0.664,-0.114,0.0,0.0,0.0
94,15,1789460372.013445,100.0,1,0,1.5528937728937728,1.5432234432234433,-0.753,0.666,-0.117,0.0,0.0,0.0
94,16,1789460372.023445,100.0,1,0,1.5536996336996336,1.5432234432234433,-0.751,0.667,-0.114,-1.0,1.0,0.0
94,17,1789460372.033445,100.0,1,0,1.5536996336996336,1.5432234432234433,-0.755,0.666,-0.106,-1.0,1.0,-1.0
94,18,1789460372.043445,100.0,1,0,1.5528937728937728,1.5432234432234433,-0.764,0.662,-0.104,-1.0,1.0,-1.0
94,19,1789460372.053445,100.0,1,0,1.5528937728937728,1.5432234432234433,-0.771,0.658,-0.1,-1.0,0.0,0.0
94,20,1789460372.063445,100.0,1,0,1.5536996336996336,1.544029304029304,-0.775,0.655,-0.104,-1.0,0.0,0.0
94,21,1789460372.073445,100.0,1,0,1.5528937728937728,1.5448351648351648,-0.772,0.655,-0.106,0.0,0.0,0.0
94,22,1789460372.083445,100.0,1,0,1.5528937728937728,1.544029304029304,-0.77,0.656,-0.109,0.0,0.0,0.0
94,23,1789460372.093445,100.0,1,0,1.5528937728937728,1.544029304029304,-0.759,0.658,-0.108,-1.0,0.0,0.0
94,24,1789460372.103445,100.0,1,0,1.552087912087912,1.544029304029304,-0.753,0.656,-0.109,-1.0,0.0,-1.0
94,25,1789460372.113445,100.0,1,0,1.5528937728937728,1.5432234432234433,-0.756,0.653,-0.108,-1.0,0.0,-1.0
94,26,1789460372.123445,100.0,1,0,1.5528937728937728,1.5432234432234433,-0.761,0.651,-0.105,-1.0,0.0,-1.0
94,27,1789460372.133445,100.0,1,0,1.5528937728937728,1.5432234432234433,-0.768,0.649,-0.099,0.0,0.0,0.0
94,28,1789460372.143445,100.0,1,0,1.552087912087912,1.544029304029304,-0.776,0.647,-0.1,0.0,0.0,0.0
94,29,1789460372.153445,100.0,1,0,1.5528937728937728,1.5432234432234433,-0.774,0.647,-0.103,0.0,0.0,1.0
94,30,1789460372.163445,100.0,1,0,1.5528937728937728,1.5432234432234433,-0.767,0.647,-0.107,0.0,0.0,1.0
94,31,1789460372.173445,100.0,1,0,1.5528937728937728,1.5432234432234433,-0.766,0.646,-0.106,0.0,0.0,0.0
94,32,1789460372.183444,100.0,1,0,1.5528937728937728,1.5432234432234433,-0.769,0.647,-0.107,0.0,0.0,0.0
94,33,1789460372.193444,100.0,1,0,1.5528937728937728,1.5432234432234433,-0.774,0.647,-0.103,0.0,0.0,0.0
94,34,1789460372.203444,100.0,1,0,1.552087912087912,1.5424175824175823,-0.773,0.647,-0.095,0.0,0.0,1.0
94,35,1789460372.213444,100.0,1,0,1.5528937728937728,1.5424175824175823,-0.769,0.648,-0.096,1.0,0.0,1.0
94,36,1789460372.223444,100.0,1,0,1.552087912087912,1.544029304029304,-0.763,0.651,-0.106,1.0,0.0,1.0
94,37,1789460372.233445,100.0,1,0,1.5528937728937728,1.5416117216117216,-0.763,0.656,-0.112,0.0,0.0,0.0
94,38,1789460372.243445,100.0,1,0,1.5536996336996336,1.5416117216117216,-0.766,0.659,-0.114,0.0,0.0,0.0
94,39,1789460372.253445,100.0,1,0,1.5545054945054946,1.5416117216117216,-0.768,0.665,-0.111,0.0,0.0,0.0
94,40,1789460372.263445,100.0,1,0,1.5545054945054946,1.5424175824175823,-0.767,0.668,-0.108,0.0,0.0,0.0
94,41,1789460372.273445,100.0,1,0,1.5545054945054946,1.5416117216117216,-0.77,0.665,-0.104,0.0,0.0,0.0
94,42,1789460372.283445,100.0,1,0,1.5536996336996336,1.5432234432234433,-0.768,0.664,-0.102,0.0,0.0,0.0
94,43,1789460372.293445,100.0,1,0,1.5545054945054946,1.5432234432234433,-0.767,0.663,-0.099,0.0,0.0,0.0
94,44,1789460372.303445,100.0,1,0,1.5545054945054946,1.5432234432234433,-0.764,0.659,-0.102,0.0,0.0,0.0
94,45,1789460372.313445,100.0,1,0,1.5536996336996336,1.5432234432234433,-0.766,0.655,-0.107,0.0,0.0,0.0
94,46,1789460372.323445,100.0,1,0,1.5536996336996336,1.5432234432234433,-0.765,0.653,-0.107,0.0,0.0,0.0
94,47,1789460372.333445,100.0,1,0,1.5545054945054946,1.5432234432234433,-0.762,0.652,-0.108,0.0,0.0,0.0
94,48,1789460372.343445,100.0,1,0,1.5536996336996336,1.5432234432234433,-0.763,0.649,-0.106,0.0,0.0,0.0
94,49,1789460372.353445,100.0,1,0,1.5536996336996336,1.5432234432234433,-0.766,0.649,-0.104,0.0,0.0,0.0
94,50,1789460372.363445,100.0,1,0,1.5536996336996336,1.5432234432234433,-0.765,0.653,-0.102,0.0,0.0,0.0
94,51,1789460372.373445,100.0,1,0,1.5545054945054946,1.5432234432234433,-0.765,0.652,-0.101,0.0,0.0,0.0
94,52,1789460372.383445,100.0,1,0,1.5545054945054946,1.5432234432234433,-0.763,0.653,-0.103,1.0,0.0,0.0
94,53,1789460372.393445,100.0,1,0,1.5545054945054946,1.5416117216117216,-0.76,0.654,-0.106,1.0,0.0,0.0
94,54,1789460372.403445,100.0,1,0,1.5536996336996336,1.5424175824175823,-0.76,0.657,-0.108,0.0,0.0,0.0
94,55,1789460372.413445,100.0,1,0,1.5528937728937728,1.5408058608058608,-0.764,0.658,-0.108,0.0,0.0,0.0
94,56,1789460372.423445,100.0,1,0,1.5536996336996336,1.5408058608058608,-0.763,0.656,-0.107,0.0,0.0,0.0
94,57,1789460372.433444,100.0,1,0,1.5536996336996336,1.5424175824175823,-0.763,0.657,-0.104,0.0,0.0,0.0
94,58,1789460372.443444,100.0,1,0,1.5536996336996336,1.5424175824175823,-0.767,0.658,-0.103,0.0,0.0,0.0
94,59,1789460372.453444,100.0,1,0,1.5536996336996336,1.5424175824175823,-0.77,0.658,-0.104,0.0,0.0,0.0
94,60,1789460372.463444,100.0,1,0,1.5536996336996336,1.5424175824175823,-0.768,0.66,-0.104,0.0,0.0,0.0
94,61,1789460372.473444,100.0,1,0,1.5536996336996336,1.5424175824175823,-0.764,0.663,-0.105,0.0,0.0,0.0
94,62,1789460372.483445,100.0,1,0,1.5536996336996336,1.5424175824175823,-0.759,0.665,-0.108,0.0,0.0,0.0
94,63,1789460372.493445,100.0,1,0,1.5528937728937728,1.5424175824175823,-0.759,0.669,-0.11,0.0,0.0,0.0
94,64,1789460372.503445,100.0,1,0,1.5536996336996336,1.5424175824175823,-0.76,0.669,-0.105,0.0,0.0,0.0
94,65,1789460372.513445,100.0,1,0,1.5528937728937728,1.5416117216117216,-0.761,0.669,-0.103,-1.0,0.0,0.0
94,66,1789460372.523445,100.0,1,0,1.5536996336996336,1.5424175824175823,-0.765,0.664,-0.104,-1.0,0.0,-1.0
94,67,1789460372.533445,100.0,1,0,1.5536996336996336,1.5424175824175823,-0.766,0.658,-0.104,-1.0,0.0,0.0
94,68,1789460372.543445,100.0,1,0,1.5528937728937728,1.5432234432234433,-0.768,0.654,-0.105,-1.0,0.0,-1.0
94,69,1789460372.553445,100.0,1,0,1.5528937728937728,1.5432234432234433,-0.769,0.649,-0.106,0.0,0.0,0.0
94,70,1789460372.563445,100.0,1,0,1.552087912087912,1.544029304029304,-0.766,0.649,-0.104,0.0,0.0,0.0
94,71,1789460372.573445,100.0,1,0,1.5528937728937728,1.5432234432234433,-0.762,0.649,-0.102,0.0,0.0,0.0
94,72,1789460372.583445,100.0,1,0,1.5504761904761906,1.544029304029304,-0.762,0.647,-0.101,0.0,0.0,-1.0
94,73,1789460372.593445,100.0,1,0,1.5512820512820513,1.544029304029304,-0.767,0.648,-0.102,0.0,0.0,0.0
94,74,1789460372.603445,100.0,1,0,1.5512820512820513,1.5448351648351648,-0.771,0.65,-0.108,0.0,0.0,0.0
94,75,1789460372.613445,100.0,1,0,1.5512820512820513,1.544029304029304,-0.767,0.651,-0.106,0.0,0.0,0.0
94,76,1789460372.623445,100.0,1,0,1.5496703296703296,1.5448351648351648,-0.767,0.651,-0.106,0.0,0.0,0.0
94,77,1789460372.633445,100.0,1,0,1.5512820512820513,1.544029304029304,-0.76,0.65,-0.098,0.0,0.0,0.0
94,78,1789460372.643445,100.0,1,0,1.5496703296703296,1.5448351648351648,-0.761,0.648,-0.098,0.0,0.0,0.0
94,79,1789460372.653445,100.0,1,0,1.5488644688644688,1.5448351648351648,-0.77,0.646,-0.102,0.0,0.0,0.0
94,80,1789460372.663445,100.0,1,0,1.5496703296703296,1.5448351648351648,-0.777,0.648,-0.104,0.0,0.0,0.0
94,81,1789460372.673445,100.0,1,0,1.5512820512820513,1.5448351648351648,-0.776,0.654,-0.102,1.0,0.0,1.0
94,82,1789460372.683444,100.0,1,0,1.5512820512820513,1.5448351648351648,-0.769,0.659,-0.105,1.0,0.0,1.0
94,83,1789460372.693444,100.0,1,0,1.552087912087912,1.544029304029304,-0.76,0.663,-0.109,1.0,0.0,1.0
94,84,1789460372.703444,100.0,1,0,1.5512820512820513,1.5448351648351648,-0.756,0.664,-0.116,0.0,0.0,0.0
94,85,1789460372.713444,100.0,1,0,1.552087912087912,1.544029304029304,-0.757,0.667,-0.114,0.0,0.0,0.0
94,86,1789460372.723444,100.0,1,0,1.552087912087912,1.544029304029304,-0.761,0.669,-0.108,0.0,0.0,0.0
94,87,1789460372.733445,100.0,1,0,1.5528937728937728,1.544029304029304,-0.765,0.667,-0.104,0.0,0.0,0.0
94,88,1789460372.743445,100.0,1,0,1.5528937728937728,1.5448351648351648,-0.767,0.666,-0.107,0.0,0.0,0.0
94,89,1789460372.753445,100.0,1,0,1.5528937728937728,1.544029304029304,-0.765,0.666,-0.108,-1.0,0.0,0.0
94,90,1789460372.763445,100.0,1,0,1.552087912087912,1.5456410256410256,-0.76,0.664,-0.106,-1.0,0.0,0.0
94,91,1789460372.773445,100.0,1,0,1.552087912087912,1.5448351648351648,-0.758,0.658,-0.106,0.0,0.0,-1.0
94,92,1789460372.783445,100.0,1,0,1.5528937728937728,1.5448351648351648,-0.757,0.653,-0.109,0.0,0.0,-1.0
94,93,1789460372.793445,100.0,1,0,1.552087912087912,1.544029304029304,-0.76,0.646,-0.111,0.0,0.0,-1.0
94,94,1789460372.803445,100.0,1,0,1.5528937728937728,1.5448351648351648,-0.77,0.643,-0.111,0.0,0.0,0.0
94,95,1789460372.813445,100.0,1,0,1.552087912087912,1.5448351648351648,-0.777,0.65,-0.108,0.0,0.0,0.0
94,96,1789460372.823445,100.0,1,0,1.5512820512820513,1.5456410256410256,-0.779,0.656,-0.105,0.0,0.0,0.0
94,97,1789460372.833445,100.0,1,0,1.5512820512820513,1.5456410256410256,-0.773,0.659,-0.102,0.0,0.0,0.0
94,98,1789460372.843445,100.0,1,0,1.5512820512820513,1.5448351648351648,-0.767,0.658,-0.104,0.0,0.0,0.0
94,99,1789460372.853445,100.0,1,0,1.5504761904761906,1.5456410256410256,-0.76,0.654,-0.11,0.0,0.0,0.0
95,0,1789460372.896616,100.0,1,0,1.5488644688644688,1.5448351648351648,-0.757,0.648,-0.109,0.0,0.0,0.0
95,1,1789460372.906616,100.0,1,0,1.5504761904761906,1.5456410256410256,-0.759,0.646,-0.105,0.0,0.0,0.0
95,2,1789460372.916616,100.0,1,0,1.552087912087912,1.5456410256410256,-0.765,0.647,-0.106,0.0,0.0,0.0
95,3,1789460372.926616,100.0,1,0,1.5504761904761906,1.5448351648351648,-0.773,0.648,-0.102,0.0,0.0,0.0
95,4,1789460372.936616,100.0,1,0,1.5504761904761906,1.5456410256410256,-0.774,0.656,-0.1,0.0,0.0,0.0
95,5,1789460372.946616,100.0,1,0,1.5512820512820513,1.5456410256410256,-0.773,0.659,-0.105,0.0,0.0,0.0
95,6,1789460372.956616,100.0,1,0,1.5504761904761906,1.5456410256410256,-0.774,0.66,-0.11,0.0,0.0,0.0
95,7,1789460372.966616,100.0,1,0,1.552087912087912,1.5472527472527473,-0.77,0.662,-0.111,0.0,0.0,0.0
95,8,1789460372.976616,100.0,1,0,1.5496703296703296,1.5464468864468865,-0.766,0.658,-0.109,0.0,0.0,0.0
95,9,1789460372.986616,100.0,1,0,1.5512820512820513,1.5456410256410256,-0.766,0.656,-0.107,0.0,0.0,0.0
95,10,1789460372.996616,100.0,1,0,1.552087912087912,1.5464468864468865,-0.767,0.653,-0.103,0.0,0.0,0.0
95,11,1789460373.006616,100.0,1,0,1.552087912087912,1.5456410256410256,-0.766,0.653,-0.104,0.0,0.0,0.0
95,12,1789460373.016616,100.0,1,0,1.5488644688644688,1.5464468864468865,-0.761,0.652,-0.101,0.0,0.0,0.0
95,13,1789460373.026616,100.0,1,0,1.5512820512820513,1.5472527472527473,-0.762,0.65,-0.104,0.0,0.0,0.0
95,14,1789460373.036616,100.0,1,0,1.5496703296703296,1.5456410256410256,-0.767,0.653,-0.109,0.0,0.0,0.0
95,15,1789460373.046616,100.0,1,0,1.552087912087912,1.5464468864468865,-0.769,0.655,-0.105,0.0,0.0,0.0
95,16,1789460373.056616,100.0,1,0,1.5512820512820513,1.5456410256410256,-0.767,0.656,-0.103,0.0,0.0,0.0
95,17,1789460373.066616,100.0,1,0,1.552087912087912,1.5456410256410256,-0.764,0.658,-0.104,0.0,0.0,0.0
95,18,1789460373.076616,100.0,1,0,1.5512820512820513,1.5456410256410256,-0.761,0.657,-0.109,0.0,0.0,0.0
95,19,1789460373.086616,100.0,1,0,1.5528937728937728,1.5456410256410256,-0.762,0.655,-0.106,0.0,0.0,0.0
95,20,1789460373.096616,100.0,1,0,1.552087912087912,1.5456410256410256,-0.766,0.655,-0.105,0.0,0.0,0.0
95,21,1789460373.106616,100.0,1,0,1.5512820512820513,1.5456410256410256,-0.766,0.653,-0.106,0.0,0.0,0.0
95,22,1789460373.116616,100.0,1,0,1.552087912087912,1.5464468864468865,-0.764,0.648,-0.105,0.0,0.0,0.0
95,23,1789460373.126616,100.0,1,0,1.552087912087912,1.5456410256410256,-0.767,0.648,-0.104,0.0,0.0,0.0
95,24,1789460373.136616,100.0,1,0,1.552087912087912,1.5448351648351648,-0.771,0.651,-0.103,0.0,0.0,0.0
95,25,1789460373.146616,100.0,1,0,1.552087912087912,1.5456410256410256,-0.773,0.651,-0.102,0.0,0.0,0.0
95,26,1789460373.156616,100.0,1,0,1.552087912087912,1.5456410256410256,-0.771,0.656,-0.104,0.0,0.0,1.0
95,27,1789460373.166616,100.0,1,0,1.552087912087912,1.5456410256410256,-0.767,0.659,-0.107,0.0,-1.0,1.0
95,28,1789460373.176616,100.0,1,0,1.5504761904761906,1.5464468864468865,-0.759,0.657,-0.106,0.0,0.0,0.0
95,29,1789460373.186616,100.0,1,0,1.552087912087912,1.5464468864468865,-0.761,0.657,-0.106,0.0,0.0,0.0
95,30,1789460373.196616,100.0,1,0,1.5528937728937728,1.5456410256410256,-0.765,0.658,-0.103,0.0,0.0,0.0
95,31,1789460373.206616,100.0,1,0,1.552087912087912,1.5456410256410256,-0.767,0.659,-0.102,0.0,0.0,0.0
95,32,1789460373.216616,100.0,1,0,1.552087912087912,1.5448351648351648,-0.769,0.659,-0.104,0.0,0.0,0.0
95,33,1789460373.226616,100.0,1,0,1.5512820512820513,1.5448351648351648,-0.771,0.66,-0.105,0.0,0.0,0.0
95,34,1789460373.236616,100.0,1,0,1.5504761904761906,1.5448351648351648,-0.768,0.663,-0.106,0.0,0.0,0.0
95,35,1789460373.246616,100.0,1,0,1.5512820512820513,1.5448351648351648,-0.766,0.66,-0.109,0.0,0.0,0.0
95,36,1789460373.256616,100.0,1,0,1.552087912087912,1.5456410256410256,-0.763,0.659,-0.109,0.0,0.0,0.0
95,37,1789460373.266616,100.0,1,0,1.552087912087912,1.5448351648351648,-0.762,0.658,-0.11,0.0,0.0,0.0
95,38,1789460373.276616,100.0,1,0,1.5512820512820513,1.5456410256410256,-0.762,0.658,-0.104,0.0,0.0,0.0
95,39,1789460373.286616,100.0,1,0,1.5512820512820513,1.5448351648351648,-0.764,0.653,-0.103,-1.0,0.0,0.0
95,40,1789460373.296616,100.0,1,0,1.5512820512820513,1.5448351648351648,-0.766,0.653,-0.099,0.0,0.0,0.0
95,41,1789460373.306616,100.0,1,0,1.5512820512820513,1.5448351648351648,-0.767,0.649,-0.102,0.0,0.0,0.0
95,42,1789460373.316616,100.0,1,0,1.5504761904761906,1.5448351648351648,-0.767,0.645,-0.106,0.0,0.0,0.0
95,43,1789460373.326616,100.0,1,0,1.5512820512820513,1.5456410256410256,-0.767,0.646,-0.104,0.0,0.0,0.0
95,44,1789460373.336616,100.0,1,0,1.5512820512820513,1.5448351648351648,-0.766,0.648,-0.1,0.0,0.0,0.0
95,45,1789460373.346616,100.0,1,0,1.5504761904761906,1.5448351648351648,-0.771,0.65,-0.099,0.0,0.0,0.0
95,46,1789460373.356616,100.0,1,0,1.5488644688644688,1.5448351648351648,-0.776,0.654,-0.099,0.0,0.0,0.0
95,47,1789460373.366616,100.0,1,0,1.5464468864468865,1.5456410256410256,-0.773,0.657,-0.101,0.0,0.0,0.0
95,48,1789460373.376616,100.0,1,0,1.548058608058608,1.5456410256410256,-0.769,0.658,-0.101,0.0,0.0,1.0
95,49,1789460373.386616,100.0,1,0,1.548058608058608,1.5448351648351648,-0.769,0.658,-0.101,0.0,0.0,1.0
95,50,1789460373.396616,100.0,1,0,1.552087912087912,1.5456410256410256,-0.765,0.663,-0.107,0.0,0.0,1.0
95,51,1789460373.406616,100.0,1,0,1.5512820512820513,1.544029304029304,-0.761,0.662,-0.115,0.0,0.0,0.0
95,52,1789460373.416616,100.0,1,0,1.5496703296703296,1.5432234432234433,-0.758,0.662,-0.111,0.0,0.0,0.0
95,53,1789460373.426616,100.0,1,0,1.552087912087912,1.5432234432234433,-0.755,0.662,-0.11,0.0,0.0,0.0
95,54,1789460373.436616,100.0,1,0,1.552087912087912,1.5424175824175823,-0.756,0.662,-0.108,0.0,0.0,-1.0
95,55,1789460373.446616,100.0,1,0,1.552087912087912,1.5424175824175823,-0.759,0.658,-0.107,-1.0,1.0,-1.0
95,56,1789460373.456616,100.0,1,0,1.552087912087912,1.5424175824175823,-0.763,0.66,-0.103,0.0,0.0,-1.0
95,57,1789460373.466616,100.0,1,0,1.5528937728937728,1.5432234432234433,-0.767,0.661,-0.101,0.0,0.0,-1.0
95,58,1789460373.476616,100.0,1,0,1.552087912087912,1.5424175824175823,-0.771,0.656,-0.107,0.0,0.0,-1.0
95,59,1789460373.486616,100.0,1,0,1.5512820512820513,1.5424175824175823,-0.77,0.656,-0.105,0.0,0.0,0.0
95,60,1789460373.496616,100.0,1,0,1.552087912087912,1.5424175824175823,-0.766,0.654,-0.106,0.0,0.0,0.0
95,61,1789460373.506616,100.0,1,0,1.5512820512820513,1.5424175824175823,-0.762,0.65,-0.107,0.0,0.0,0.0
95,62,1789460373.516616,100.0,1,0,1.5504761904761906,1.5424175824175823,-0.762,0.648,-0.106,0.0,0.0,0.0
95,63,1789460373.526616,100.0,1,0,1.5512820512820513,1.5432234432234433,-0.769,0.646,-0.101,0.0,0.0,0.0
95,64,1789460373.536616,100.0,1,0,1.5512820512820513,1.5432234432234433,-0.773,0.648,-0.101,0.0,0.0,0.0
95,65,1789460373.546616,100.0,1,0,1.5496703296703296,1.5432234432234433,-0.778,0.649,-0.101,0.0,0.0,0.0
95,66,1789460373.556616,100.0,1,0,1.5496703296703296,1.5432234432234433,-0.776,0.65,-0.106,0.0,0.0,0.0
95,67,1789460373.566616,100.0,1,0,1.5488644688644688,1.5432234432234433,-0.766,0.652,-0.11,0.0,0.0,0.0
95,68,1789460373.576616,100.0,1,0,1.5472527472527473,1.5432234432234433,-0.755,0.652,-0.108,0.0,0.0,0.0
95,69,1789460373.586616,100.0,1,0,1.5464468864468865,1.544029304029304,-0.757,0.653,-0.1,0.0,0.0,0.0
95,70,1789460373.596616,100.0,1,0,1.5464468864468865,1.544029304029304,-0.767,0.653,-0.101,0.0,0.0,0.0
95,71,1789460373.606616,100.0,1,0,1.5464468864468865,1.544029304029304,-0.775,0.651,-0.093,0.0,0.0,0.0
95,72,1789460373.616616,100.0,1,0,1.5464468864468865,1.5448351648351648,-0.776,0.651,-0.094,0.0,0.0,0.0
95,73,1789460373.626616,100.0,1,0,1.5464468864468865,1.5448351648351648,-0.773,0.649,-0.104,0.0,0.0,0.0
95,74,1789460373.636616,100.0,1,0,1.5456410256410256,1.5456410256410256,-0.77,0.647,-0.109,0.0,0.0,0.0
95,75,1789460373.646616,100.0,1,0,1.5464468864468865,1.5448351648351648,-0.772,0.648,-0.109,0.0,0.0,0.0
95,76,1789460373.656616,100.0,1,0,1.5488644688644688,1.5448351648351648,-0.77,0.653,-0.104,0.0,0.0,0.0
95,77,1789460373.666616,100.0,1,0,1.5472527472527473,1.5456410256410256,-0.766,0.656,-0.104,0.0,0.0,0.0
95,78,1789460373.676616,100.0,1,0,1.5456410256410256,1.5456410256410256,-0.764,0.66,-0.103,0.0,0.0,0.0
95,79,1789460373.686616,100.0,1,0,1.548058608058608,1.5448351648351648,-0.765,0.661,-0.104,0.0,0.0,0.0
95,80,1789460373.696616,100.0,1,0,1.5464468864468865,1.5456410256410256,-0.761,0.656,-0.103,0.0,0.0,0.0
95,81,1789460373.706616,100.0,1,0,1.5488644688644688,1.5456410256410256,-0.76,0.656,-0.106,0.0,0.0,0.0
95,82,1789460373.716616,100.0,1,0,1.5496703296703296,1.5456410256410256,-0.761,0.654,-0.107,0.0,0.0,0.0
95,83,1789460373.726616,100.0,1,0,1.5488644688644688,1.5456410256410256,-0.765,0.655,-0.104,0.0,0.0,0.0
95,84,1789460373.736616,100.0,1,0,1.5464468864468865,1.5456410256410256,-0.77,0.655,-0.103,0.0,0.0,0.0
95,85,1789460373.746616,100.0,1,0,1.5464468864468865,1.5464468864468865,-0.769,0.653,-0.101,0.0,0.0,0.0
95,86,1789460373.756616,100.0,1,0,1.548058608058608,1.5464468864468865,-0.769,0.652,-0.104,0.0,0.0,0.0
95,87,1789460373.766616,100.0,1,0,1.5488644688644688,1.5464468864468865,-0.769,0.654,-0.104,0.0,0.0,0.0
95,88,1789460373.776616,100.0,1,0,1.5472527472527473,1.5456410256410256,-0.766,0.652,-0.102,0.0,0.0,0.0
95,89,1789460373.786616,100.0,1,0,1.548058608058608,1.5456410256410256,-0.764,0.654,-0.104,0.0,0.0,0.0
95,90,1789460373.796616,100.0,1,0,1.548058608058608,1.5464468864468865,-0.768,0.653,-0.104,0.0,0.0,0.0
95,91,1789460373.806616,100.0,1,0,1.548058608058608,1.5464468864468865,-0.77,0.653,-0.104,0.0,0.0,0.0
95,92,1789460373.816616,100.0,1,0,1.5472527472527473,1.5456410256410256,-0.768,0.654,-0.103,0.0,0.0,0.0
95,93,1789460373.826616,100.0,1,0,1.5504761904761906,1.548058608058608,-0.763,0.656,-0.103,0.0,0.0,0.0
95,94,1789460373.836616,100.0,1,0,1.5512820512820513,1.5472527472527473,-0.759,0.656,-0.104,0.0,0.0,0.0
95,95,1789460373.846616,100.0,1,0,1.5496703296703296,1.5456410256410256,-0.759,0.66,-0.106,0.0,0.0,0.0
95,96,1789460373.856616,100.0,1,0,1.5512820512820513,1.5464468864468865,-0.76,0.662,-0.105,0.0,0.0,0.0
95,97,1789460373.866616,100.0,1,0,1.5496703296703296,1.5456410256410256,-0.764,0.659,-0.105,0.0,0.0,0.0
95,98,1789460373.876616,100.0,1,0,1.5504761904761906,1.5456410256410256,-0.769,0.653,-0.106,0.0,1.0,0.0
95,99,1789460373.886616,100.0,1,0,1.5496703296703296,1.5456410256410256,-0.77,0.652,-0.104,0.0,0.0,0.0
96,0,1789460373.841147,100.0,1,0,1.5488644688644688,1.5464468864468865,-0.775,0.654,-0.106,0.0,0.0,0.0
96,1,1789460373.851147,100.0,1,0,1.5496703296703296,1.5456410256410256,-0.776,0.654,-0.109,0.0,0.0,0.0
96,2,1789460373.861147,100.0,1,0,1.5496703296703296,1.5456410256410256,-0.774,0.656,-0.104,0.0,0.0,0.0
96,3,1789460373.871147,100.0,1,0,1.5464468864468865,1.5456410256410256,-0.77,0.659,-0.103,0.0,0.0,0.0
96,4,1789460373.881147,100.0,1,0,1.5472527472527473,1.5464468864468865,-0.768,0.659,-0.106,0.0,0.0,0.0
96,5,1789460373.891147,100.0,1,0,1.5472527472527473,1.5456410256410256,-0.762,0.658,-0.104,0.0,0.0,0.0
96,6,1789460373.901147,100.0,1,0,1.548058608058608,1.5456410256410256,-0.754,0.656,-0.106,0.0,0.0,0.0
96,7,1789460373.911147,100.0,1,0,1.5472527472527473,1.5456410256410256,-0.755,0.655,-0.109,0.0,0.0,0.0
96,8,1789460373.921147,100.0,1,0,1.5472527472527473,1.5456410256410256,-0.757,0.65,-0.104,0.0,0.0,0.0
96,9,1789460373.931147,100.0,1,0,1.5456410256410256,1.5456410256410256,-0.762,0.648,-0.103,0.0,0.0,0.0
96,10,1789460373.941147,100.0,1,0,1.5472527472527473,1.5456410256410256,-0.768,0.646,-0.099,0.0,0.0,0.0
96,11,1789460373.951147,100.0,1,0,1.5456410256410256,1.544029304029304,-0.776,0.645,-0.099,0.0,0.0,0.0
96,12,1789460373.961147,100.0,1,0,1.5464468864468865,1.5464468864468865,-0.786,0.647,-0.101,0.0,0.0,0.0
96,13,1789460373.971147,100.0,1,0,1.5472527472527473,1.5448351648351648,-0.785,0.648,-0.103,0.0,0.0,1.0
96,14,1789460373.981147,100.0,1,0,1.5456410256410256,1.5472527472527473,-0.775,0.651,-0.103,0.0,0.0,1.0
96,15,1789460373.991147,100.0,1,0,1.5464468864468865,1.5456410256410256,-0.761,0.655,-0.108,1.0,-1.0,1.0
96,16,1789460374.001147,100.0,1,0,1.548058608058608,1.5456410256410256,-0.753,0.659,-0.117,0.0,0.0,1.0
96,17,1789460374.011147,100.0,1,0,1.5488644688644688,1.5448351648351648,-0.747,0.666,-0.116,0.0,0.0,0.0
96,18,1789460374.021147,100.0,1,0,1.552087912087912,1.544029304029304,-0.748,0.668,-0.111,0.0,0.0,0.0
96,19,1789460374.031147,100.0,1,0,1.552087912087912,1.544029304029304,-0.758,0.667,-0.103,0.0,1.0,0.0
96,20,1789460374.041147,100.0,1,0,1.5512820512820513,1.544029304029304,-0.769,0.663,-0.101,0.0,0.0,0.0
96,21,1789460374.051147,100.0,1,0,1.552087912087912,1.5448351648351648,-0.775,0.656,-0.098,0.0,0.0,0.0
96,22,1789460374.061147,100.0,1,0,1.5512820512820513,1.544029304029304,-0.775,0.656,-0.098,0.0,0.0,0.0
96,23,1789460374.071147,100.0,1,0,1.5504761904761906,1.544029304029304,-0.778,0.649,-0.098,0.0,0.0,0.0
96,24,1789460374.081147,100.0,1,0,1.5496703296703296,1.544029304029304,-0.773,0.644,-0.102,1.0,0.0,0.0
96,25,1789460374.091147,100.0,1,0,1.552087912087912,1.544029304029304,-0.771,0.64,-0.106,1.0,-1.0,0.0
96,26,1789460374.101147,100.0,1,0,1.5512820512820513,1.5432234432234433,-0.767,0.639,-0.108,2.0,-1.0,0.0
96,27,1789460374.111147,100.0,1,0,1.5512820512820513,1.5432234432234433,-0.763,0.643,-0.108,2.0,-1.0,1.0
96,28,1789460374.121147,100.0,1,0,1.552087912087912,1.5432234432234433,-0.762,0.651,-0.11,2.0,0.0,1.0
96,29,1789460374.131147,100.0,1,0,1.552087912087912,1.5424175824175823,-0.762,0.658,-0.109,2.0,0.0,1.0
96,30,1789460374.141147,100.0,1,0,1.552087912087912,1.5432234432234433,-0.761,0.662,-0.103,1.0,0.0,1.0
96,31,1789460374.151147,100.0,1,0,1.552087912087912,1.5432234432234433,-0.761,0.663,-0.108,1.0,0.0,1.0
96,32,1789460374.161147,100.0,1,0,1.552087912087912,1.5432234432234433,-0.76,0.667,-0.113,0.0,0.0,0.0
96,33,1789460374.171147,100.0,1,0,1.552087912087912,1.5424175824175823,-0.762,0.666,-0.112,0.0,0.0,0.0
96,34,1789460374.181147,100.0,1,0,1.552087912087912,1.544029304029304,-0.762,0.663,-0.107,-1.0,0.0,0.0
96,35,1789460374.191147,100.0,1,0,1.5512820512820513,1.544029304029304,-0.769,0.663,-0.104,-1.0,0.0,0.0
96,36,1789460374.201147,100.0,1,0,1.552087912087912,1.5432234432234433,-0.774,0.66,-0.106,-1.0,0.0,0.0
96,37,1789460374.211147,100.0,1,0,1.552087912087912,1.5448351648351648,-0.774,0.655,-0.102,-1.0,0.0,0.0
96,38,1789460374.221147,100.0,1,0,1.5512820512820513,1.5448351648351648,-0.772,0.656,-0.102,0.0,0.0,0.0
96,39,1789460374.231147,100.0,1,0,1.552087912087912,1.5448351648351648,-0.766,0.655,-0.11,0.0,0.0,0.0
96,40,1789460374.241147,100.0,1,0,1.5512820512820513,1.5448351648351648,-0.761,0.654,-0.111,0.0,0.0,0.0
96,41,1789460374.251147,100.0,1,0,1.5512820512820513,1.5448351648351648,-0.764,0.653,-0.11,0.0,0.0,0.0
96,42,1789460374.261147,100.0,1,0,1.5512820512820513,1.5448351648351648,-0.767,0.654,-0.109,0.0,0.0,0.0
96,43,1789460374.271147,100.0,1,0,1.5488644688644688,1.5456410256410256,-0.769,0.655,-0.106,0.0,0.0,0.0
96,44,1789460374.281147,100.0,1,0,1.548058608058608,1.5456410256410256,-0.77,0.656,-0.102,0.0,0.0,0.0
96,45,1789460374.291147,100.0,1,0,1.548058608058608,1.5456410256410256,-0.765,0.658,-0.099,0.0,0.0,0.0
96,46,1789460374.301147,100.0,1,0,1.5472527472527473,1.5456410256410256,-0.76,0.657,-0.104,0.0,0.0,0.0
96,47,1789460374.311147,100.0,1,0,1.5464468864468865,1.5464468864468865,-0.754,0.659,-0.108,-1.0,0.0,0.0
96,48,1789460374.321147,100.0,1,0,1.5456410256410256,1.5456410256410256,-0.754,0.658,-0.109,-1.0,0.0,0.0
96,49,1789460374.331147,100.0,1,0,1.5472527472527473,1.5464468864468865,-0.756,0.658,-0.106,-1.0,0.0,0.0
96,50,1789460374.341147,100.0,1,0,1.5472527472527473,1.5456410256410256,-0.761,0.655,-0.104,0.0,0.0,0.0
96,51,1789460374.351147,100.0,1,0,1.5464468864468865,1.5456410256410256,-0.769,0.649,-0.105,0.0,0.0,0.0
96,52,1789460374.361147,100.0,1,0,1.5464468864468865,1.5448351648351648,-0.774,0.646,-0.103,0.0,0.0,0.0
96,53,1789460374.371147,100.0,1,0,1.5456410256410256,1.5456410256410256,-0.78,0.643,-0.1,0.0,0.0,0.0
96,54,1789460374.381147,100.0,1,0,1.5472527472527473,1.5456410256410256,-0.782,0.646,-0.1,1.0,-1.0,1.0
96,55,1789460374.391147,100.0,1,0,1.5472527472527473,1.5456410256410256,-0.777,0.652,-0.1,1.0,-1.0,1.0
96,56,1789460374.401147,100.0,1,0,1.5464468864468865,1.5456410256410256,-0.764,0.656,-0.104,1.0,-1.0,1.0
96,57,1789460374.411147,100.0,1,0,1.5464468864468865,1.5456410256410256,-0.754,0.663,-0.105,0.0,0.0,1.0
96,58,1789460374.421147,100.0,1,0,1.5472527472527473,1.5456410256410256,-0.745,0.664,-0.107,0.0,0.0,0.0
96,59,1789460374.431147,100.0,1,0,1.5472527472527473,1.5456410256410256,-0.743,0.665,-0.107,0.0,0.0,0.0
96,60,1789460374.441147,100.0,1,0,1.548058608058608,1.5472527472527473,-0.754,0.66,-0.105,0.0,1.0,0.0
96,61,1789460374.451147,100.0,1,0,1.5464468864468865,1.5456410256410256,-0.768,0.656,-0.102,0.0,1.0,-1.0
96,62,1789460374.461147,100.0,1,0,1.5488644688644688,1.5464468864468865,-0.782,0.651,-0.101,0.0,0.0,0.0
96,63,1789460374.471147,100.0,1,0,1.5464468864468865,1.5472527472527473,-0.786,0.65,-0.102,0.0,0.0,0.0
96,64,1789460374.481147,100.0,1,0,1.5488644688644688,1.5456410256410256,-0.782,0.648,-0.103,0.0,-1.0,0.0
96,65,1789460374.491147,100.0,1,0,1.5464468864468865,1.5456410256410256,-0.771,0.653,-0.105,1.0,-1.0,1.0
96,66,1789460374.501147,100.0,1,0,1.5464468864468865,1.5456410256410256,-0.759,0.659,-0.108,0.0,-1.0,1.0
96,67,1789460374.511147,100.0,1,0,1.5464468864468865,1.5456410256410256,-0.749,0.662,-0.109,0.0,0.0,0.0
96,68,1789460374.521147,100.0,1,0,1.548058608058608,1.5464468864468865,-0.748,0.669,-0.11,0.0,0.0,0.0
96,69,1789460374.531147,100.0,1,0,1.5472527472527473,1.5472527472527473,-0.752,0.671,-0.108,0.0,0.0,0.0
96,70,1789460374.541147,100.0,1,0,1.5488644688644688,1.5504761904761906,-0.76,0.668,-0.105,0.0,1.0,0.0
96,71,1789460374.551147,100.0,1,0,1.5456410256410256,1.5496703296703296,-0.767,0.665,-0.103,0.0,1.0,0.0
96,72,1789460374.561147,100.0,1,0,1.5456410256410256,1.5512820512820513,-0.77,0.656,-0.103,0.0,0.0,0.0
96,73,1789460374.571147,100.0,1,0,1.5472527472527473,1.552087912087912,-0.77,0.65,-0.105,0.0,0.0,0.0
96,74,1789460374.581147,100.0,1,0,1.5464468864468865,1.5496703296703296,-0.772,0.647,-0.107,0.0,0.0,0.0
96,75,1789460374.591147,100.0,1,0,1.5456410256410256,1.5512820512820513,-0.773,0.649,-0.107,0.0,0.0,0.0
96,76,1789460374.601147,100.0,1,0,1.5456410256410256,1.552087912087912,-0.772,0.653,-0.103,0.0,0.0,0.0
96,77,1789460374.611147,100.0,1,0,1.5448351648351648,1.552087912087912,-0.763,0.654,-0.103,0.0,0.0,0.0
96,78,1789460374.621147,100.0,1,0,1.544029304029304,1.5528937728937728,-0.756,0.655,-0.107,0.0,0.0,0.0
96,79,1789460374.631147,100.0,1,0,1.544029304029304,1.5528937728937728,-0.753,0.651,-0.11,0.0,0.0,0.0
96,80,1789460374.641147,100.0,1,0,1.5432234432234433,1.5528937728937728,-0.759,0.65,-0.105,-1.0,0.0,0.0
96,81,1789460374.651147,100.0,1,0,1.544029304029304,1.5536996336996336,-0.767,0.65,-0.097,0.0,1.0,0.0
96,82,1789460374.661147,100.0,1,0,1.544029304029304,1.5536996336996336,-0.775,0.65,-0.1,0.0,0.0,0.0
96,83,1789460374.671147,100.0,1,0,1.544029304029304,1.5536996336996336,-0.782,0.654,-0.101,0.0,0.0,0.0
96,84,1789460374.681147,100.0,1,0,1.5432234432234433,1.5536996336996336,-0.783,0.657,-0.101,0.0,0.0,0.0
96,85,1789460374.691147,100.0,1,0,1.5432234432234433,1.5536996336996336,-0.775,0.659,-0.102,0.0,0.0,1.0
96,86,1789460374.701147,100.0,1,0,1.5432234432234433,1.5536996336996336,-0.761,0.658,-0.106,0.0,0.0,1.0
96,87,1789460374.711147,100.0,1,0,1.544029304029304,1.5536996336996336,-0.75,0.656,-0.114,0.0,0.0,1.0
96,88,1789460374.721147,100.0,1,0,1.5448351648351648,1.5528937728937728,-0.75,0.652,-0.114,0.0,0.0,0.0
96,89,1789460374.731147,100.0,1,0,1.5456410256410256,1.5512820512820513,-0.755,0.654,-0.113,0.0,0.0,0.0
96,90,1789460374.741147,100.0,1,0,1.5464468864468865,1.5512820512820513,-0.761,0.659,-0.106,0.0,0.0,0.0
96,91,1789460374.751147,100.0,1,0,1.5472527472527473,1.5504761904761906,-0.763,0.66,-0.103,0.0,0.0,0.0
96,92,1789460374.761147,100.0,1,0,1.5512820512820513,1.5496703296703296,-0.768,0.664,-0.102,0.0,0.0,0.0
96,93,1789460374.771147,100.0,1,0,1.5488644688644688,1.5464468864468865,-0.766,0.664,-0.105,0.0,0.0,0.0
96,94,1789460374.781147,100.0,1,0,1.552087912087912,1.5488644688644688,-0.766,0.664,-0.105,0.0,0.0,0.0
96,95,1789460374.791147,100.0,1,0,1.5504761904761906,1.5456410256410256,-0.766,0.664,-0.105,0.0,0.0,0.0
96,96,1789460374.801147,100.0,1,0,1.5512820512820513,1.5456410256410256,-0.757,0.662,-0.108,0.0,0.0,0.0
96,97,1789460374.811147,100.0,1,0,1.552087912087912,1.5456410256410256,-0.758,0.66,-0.11,0.0,0.0,0.0
96,98,1789460374.821147,100.0,1,0,1.552087912087912,1.5448351648351648,-0.764,0.66,-0.109,0.0,0.0,-1.0
96,99,1789460374.831147,100.0,1,0,1.5528937728937728,1.544029304029304,-0.768,0.66,-0.105,0.0,0.0,-1.0
97,0,1789460374.880734,100.0,1,0,1.5528937728937728,1.5432234432234433,-0.77,0.657,-0.104,0.0,0.0,0.0
97,1,1789460374.890734,100.0,1,0,1.5528937728937728,1.5432234432234433,-0.769,0.657,-0.103,0.0,0.0,0.0
97,2,1789460374.900734,100.0,1,0,1.5528937728937728,1.5432234432234433,-0.767,0.656,-0.107,0.0,0.0,0.0
97,3,1789460374.910734,100.0,1,0,1.5528937728937728,1.544029304029304,-0.766,0.658,-0.111,0.0,0.0,0.0
97,4,1789460374.920734,100.0,1,0,1.5545054945054946,1.5424175824175823,-0.755,0.655,-0.112,0.0,0.0,0.0
97,5,1789460374.930734,100.0,1,0,1.5536996336996336,1.5424175824175823,-0.755,0.655,-0.112,0.0,0.0,0.0
97,6,1789460374.940734,100.0,1,0,1.5536996336996336,1.5416117216117216,-0.758,0.652,-0.109,-1.0,0.0,-1.0
97,7,1789460374.950734,100.0,1,0,1.5536996336996336,1.5416117216117216,-0.77,0.648,-0.108,-1.0,0.0,-1.0
97,8,1789460374.960734,100.0,1,0,1.5536996336996336,1.5408058608058608,-0.778,0.645,-0.097,0.0,0.0,0.0
97,9,1789460374.970734,100.0,1,0,1.5545054945054946,1.5408058608058608,-0.776,0.648,-0.092,0.0,0.0,0.0
97,10,1789460374.980734,100.0,1,0,1.5536996336996336,1.5416117216117216,-0.775,0.647,-0.103,0.0,0.0,0.0
97,11,1789460374.990734,100.0,1,0,1.5536996336996336,1.5408058608058608,-0.771,0.65,-0.111,0.0,0.0,0.0
97,12,1789460375.000734,100.0,1,0,1.5545054945054946,1.5408058608058608,-0.765,0.652,-0.11,0.0,0.0,0.0
97,13,1789460375.010734,100.0,1,0,1.5553113553113553,1.5408058608058608,-0.762,0.653,-0.11,0.0,0.0,0.0
97,14,1789460375.020734,100.0,1,0,1.5553113553113553,1.5408058608058608,-0.759,0.656,-0.107,0.0,0.0,0.0
97,15,1789460375.030734,100.0,1,0,1.5553113553113553,1.5416117216117216,-0.763,0.657,-0.106,0.0,0.0,0.0
97,16,1789460375.040734,100.0,1,0,1.5553113553113553,1.54,-0.768,0.657,-0.104,0.0,0.0,0.0
97,17,1789460375.050734,100.0,1,0,1.5553113553113553,1.5416117216117216,-0.769,0.658,-0.098,0.0,0.0,0.0
97,18,1789460375.060734,100.0,1,0,1.5545054945054946,1.5416117216117216,-0.769,0.656,-0.097,0.0,0.0,0.0
97,19,1789460375.070734,100.0,1,0,1.5553113553113553,1.5408058608058608,-0.766,0.656,-0.105,0.0,0.0,0.0
97,20,1789460375.080734,100.0,1,0,1.5553113553113553,1.5416117216117216,-0.763,0.654,-0.105,0.0,0.0,0.0
97,21,1789460375.090734,100.0,1,0,1.5553113553113553,1.5424175824175823,-0.767,0.653,-0.102,0.0,0.0,0.0
97,22,1789460375.100734,100.0,1,0,1.5545054945054946,1.5424175824175823,-0.768,0.653,-0.104,0.0,0.0,0.0
97,23,1789460375.110734,100.0,1,0,1.5553113553113553,1.5424175824175823,-0.763,0.652,-0.105,0.0,0.0,0.0
97,24,1789460375.120734,100.0,1,0,1.5553113553113553,1.5424175824175823,-0.76,0.649,-0.107,0.0,0.0,0.0
97,25,1789460375.130734,100.0,1,0,1.5536996336996336,1.5424175824175823,-0.762,0.65,-0.107,0.0,0.0,0.0
97,26,1789460375.140734,100.0,1,0,1.5536996336996336,1.544029304029304,-0.766,0.649,-0.105,1.0,0.0,0.0
97,27,1789460375.150734,100.0,1,0,1.5536996336996336,1.5432234432234433,-0.769,0.65,-0.101,1.0,0.0,0.0
97,28,1789460375.160734,100.0,1,0,1.5528937728937728,1.5432234432234433,-0.77,0.654,-0.104,1.0,0.0,1.0
97,29,1789460375.170734,100.0,1,0,1.5528937728937728,1.544029304029304,-0.768,0.661,-0.103,0.0,0.0,1.0
97,30,1789460375.180734,100.0,1,0,1.5512820512820513,1.5448351648351648,-0.764,0.664,-0.105,0.0,0.0,1.0
97,31,1789460375.190734,100.0,1,0,1.552087912087912,1.5456410256410256,-0.755,0.667,-0.108,0.0,0.0,0.0
97,32,1789460375.200734,100.0,1,0,1.5512820512820513,1.5448351648351648,-0.75,0.668,-0.107,0.0,0.0,0.0
97,33,1789460375.210734,100.0,1,0,1.5512820512820513,1.5456410256410256,-0.752,0.663,-0.108,0.0,0.0,0.0
97,34,1789460375.220734,100.0,1,0,1.552087912087912,1.5472527472527473,-0.757,0.662,-0.11,-1.0,1.0,-1.0
97,35,1789460375.230734,100.0,1,0,1.5512820512820513,1.5472527472527473,-0.763,0.657,-0.107,-1.0,1.0,-1.0
97,36,1789460375.240734,100.0,1,0,1.5512820512820513,1.548058608058608,-0.771,0.655,-0.105,-1.0,1.0,-1.0
97,37,1789460375.250734,100.0,1,0,1.5488644688644688,1.5472527472527473,-0.776,0.653,-0.106,0.0,0.0,-1.0
97,38,1789460375.260734,100.0,1,0,1.5504761904761906,1.5496703296703296,-0.781,0.658,-0.106,0.0,0.0,0.0
97,39,1789460375.270734,100.0,1,0,1.5512820512820513,1.5504761904761906,-0.777,0.659,-0.103,0.0,0.0,0.0
97,40,1789460375.280734,100.0,1,0,1.5504761904761906,1.5496703296703296,-0.768,0.656,-0.104,0.0,-1.0,0.0
97,41,1789460375.290734,100.0,1,0,1.552087912087912,1.5512820512820513,-0.759,0.66,-0.108,0.0,-1.0,0.0
97,42,1789460375.300734,100.0,1,0,1.5472527472527473,1.5528937728937728,-0.752,0.658,-0.107,0.0,0.0,0.0
97,43,1789460375.310734,100.0,1,0,1.5464468864468865,1.5512820512820513,-0.751,0.656,-0.107,0.0,0.0,0.0
97,44,1789460375.320734,100.0,1,0,1.5464468864468865,1.552087912087912,-0.757,0.657,-0.105,0.0,0.0,-1.0
97,45,1789460375.330734,100.0,1,0,1.5464468864468865,1.5512820512820513,-0.765,0.655,-0.103,0.0,0.0,-1.0
97,46,1789460375.340734,100.0,1,0,1.5464468864468865,1.552087912087912,-0.768,0.649,-0.1,0.0,1.0,-1.0
97,47,1789460375.350734,100.0,1,0,1.5456410256410256,1.5528937728937728,-0.774,0.646,-0.1,0.0,0.0,0.0
97,48,1789460375.360734,100.0,1,0,1.5456410256410256,1.552087912087912,-0.778,0.648,-0.104,0.0,0.0,0.0
97,49,1789460375.370734,100.0,1,0,1.5456410256410256,1.5528937728937728,-0.773,0.647,-0.105,0.0,0.0,0.0
97,50,1789460375.380734,100.0,1,0,1.5448351648351648,1.5528937728937728,-0.768,0.648,-0.103,0.0,-1.0,0.0
97,51,1789460375.390734,100.0,1,0,1.5456410256410256,1.5528937728937728,-0.763,0.652,-0.099,0.0,0.0,0.0
97,52,1789460375.400734,100.0,1,0,1.5448351648351648,1.552087912087912,-0.76,0.652,-0.1,0.0,0.0,0.0
97,53,1789460375.410734,100.0,1,0,1.5464468864468865,1.552087912087912,-0.769,0.652,-0.103,0.0,0.0,0.0
97,54,1789460375.420734,100.0,1,0,1.5456410256410256,1.5528937728937728,-0.775,0.654,-0.104,0.0,0.0,0.0
97,55,1789460375.430734,100.0,1,0,1.5456410256410256,1.5528937728937728,-0.773,0.656,-0.102,0.0,0.0,0.0
97,56,1789460375.440734,100.0,1,0,1.5456410256410256,1.5536996336996336,-0.766,0.656,-0.104,0.0,0.0,0.0
97,57,1789460375.450734,100.0,1,0,1.5464468864468865,1.5528937728937728,-0.765,0.655,-0.109,0.0,0.0,0.0
97,58,1789460375.460734,100.0,1,0,1.5456410256410256,1.5512820512820513,-0.758,0.655,-0.11,0.0,0.0,0.0
97,59,1789460375.470734,100.0,1,0,1.5472527472527473,1.5512820512820513,-0.756,0.656,-0.109,0.0,0.0,0.0
97,60,1789460375.480734,100.0,1,0,1.5488644688644688,1.552087912087912,-0.762,0.657,-0.106,0.0,0.0,0.0
97,61,1789460375.490734,100.0,1,0,1.5472527472527473,1.5512820512820513,-0.768,0.656,-0.102,0.0,0.0,0.0
97,62,1789460375.500734,100.0,1,0,1.5472527472527473,1.5512820512820513,-0.774,0.655,-0.101,0.0,0.0,0.0
97,63,1789460375.510734,100.0,1,0,1.5504761904761906,1.5528937728937728,-0.775,0.655,-0.104,0.0,0.0,0.0
97,64,1789460375.520734,100.0,1,0,1.5488644688644688,1.552087912087912,-0.772,0.654,-0.104,0.0,-1.0,0.0
97,65,1789460375.530734,100.0,1,0,1.5472527472527473,1.5512820512820513,-0.766,0.652,-0.105,0.0,-1.0,0.0
97,66,1789460375.540734,100.0,1,0,1.5496703296703296,1.552087912087912,-0.757,0.657,-0.11,0.0,-1.0,0.0
97,67,1789460375.550734,100.0,1,0,1.5472527472527473,1.552087912087912,-0.757,0.657,-0.11,0.0,0.0,0.0
97,68,1789460375.560734,100.0,1,0,1.5504761904761906,1.5512820512820513,-0.757,0.657,-0.11,0.0,0.0,0.0
97,69,1789460375.570734,100.0,1,0,1.548058608058608,1.552087912087912,-0.752,0.663,-0.108,0.0,0.0,-1.0
97,70,1789460375.580734,100.0,1,0,1.5464468864468865,1.552087912087912,-0.761,0.659,-0.105,0.0,1.0,-1.0
97,71,1789460375.590734,100.0,1,0,1.5464468864468865,1.552087912087912,-0.769,0.659,-0.103,0.0,0.0,-1.0
97,72,1789460375.600734,100.0,1,0,1.5472527472527473,1.552087912087912,-0.776,0.653,-0.102,0.0,0.0,0.0
97,73,1789460375.610734,100.0,1,0,1.5488644688644688,1.552087912087912,-0.779,0.648,-0.103,0.0,0.0,0.0
97,74,1789460375.620734,100.0,1,0,1.5456410256410256,1.552087912087912,-0.776,0.644,-0.109,0.0,0.0,0.0
97,75,1789460375.630734,100.0,1,0,1.5456410256410256,1.552087912087912,-0.771,0.646,-0.108,0.0,0.0,0.0
97,76,1789460375.640734,100.0,1,0,1.5464468864468865,1.552087912087912,-0.767,0.651,-0.106,0.0,0.0,0.0
97,77,1789460375.650734,100.0,1,0,1.5464468864468865,1.5512820512820513,-0.768,0.654,-0.108,0.0,0.0,0.0
97,78,1789460375.660734,100.0,1,0,1.5464468864468865,1.5528937728937728,-0.768,0.658,-0.103,0.0,0.0,0.0
97,79,1789460375.670734,100.0,1,0,1.5448351648351648,1.5528937728937728,-0.763,0.661,-0.1,0.0,0.0,0.0
97,80,1789460375.680734,100.0,1,0,1.5456410256410256,1.5536996336996336,-0.762,0.66,-0.105,0.0,0.0,0.0
97,81,1789460375.690734,100.0,1,0,1.5456410256410256,1.5528937728937728,-0.764,0.658,-0.11,0.0,0.0,-1.0
97,82,1789460375.700734,100.0,1,0,1.5448351648351648,1.5536996336996336,-0.769,0.656,-0.108,-1.0,0.0,0.0
97,83,1789460375.710734,100.0,1,0,1.5456410256410256,1.5536996336996336,-0.774,0.655,-0.105,0.0,0.0,0.0
97,84,1789460375.720734,100.0,1,0,1.5448351648351648,1.5545054945054946,-0.777,0.653,-0.105,0.0,0.0,0.0
97,85,1789460375.730734,100.0,1,0,1.5448351648351648,1.5545054945054946,-0.774,0.651,-0.101,0.0,0.0,0.0
97,86,1789460375.740734,100.0,1,0,1.544029304029304,1.5536996336996336,-0.768,0.649,-0.102,0.0,0.0,0.0
97,87,1789460375.750734,100.0,1,0,1.544029304029304,1.5536996336996336,-0.76,0.651,-0.106,0.0,0.0,0.0
97,88,1789460375.760734,100.0,1,0,1.544029304029304,1.5536996336996336,-0.756,0.652,-0.109,0.0,0.0,0.0
97,89,1789460375.770734,100.0,1,0,1.5448351648351648,1.5545054945054946,-0.758,0.653,-0.11,0.0,0.0,0.0
97,90,1789460375.780734,100.0,1,0,1.5432234432234433,1.5545054945054946,-0.765,0.65,-0.106,0.0,0.0,0.0
97,91,1789460375.790734,100.0,1,0,1.544029304029304,1.5545054945054946,-0.771,0.648,-0.103,0.0,0.0,0.0
97,92,1789460375.800734,100.0,1,0,1.5432234432234433,1.5545054945054946,-0.773,0.647,-0.103,0.0,0.0,0.0
97,93,1789460375.810734,100.0,1,0,1.5432234432234433,1.5545054945054946,-0.775,0.648,-0.102,0.0,0.0,1.0
97,94,1789460375.820734,100.0,1,0,1.5432234432234433,1.5553113553113553,-0.773,0.65,-0.103,0.0,0.0,1.0
97,95,1789460375.830734,100.0,1,0,1.5432234432234433,1.5553113553113553,-0.764,0.653,-0.105,0.0,0.0,1.0
97,96,1789460375.840734,100.0,1,0,1.5432234432234433,1.5545054945054946,-0.759,0.657,-0.106,0.0,0.0,0.0
97,97,1789460375.850734,100.0,1,0,1.544029304029304,1.5545054945054946,-0.759,0.658,-0.109,0.0,0.0,0.0
97,98,1789460375.860734,100.0,1,0,1.544029304029304,1.5545054945054946,-0.762,0.66,-0.108,0.0,0.0,0.0
97,99,1789460375.870734,100.0,1,0,1.544029304029304,1.5545054945054946,-0.765,0.661,-0.103,0.0,0.0,0.0
98,0,1789460375.839442,100.0,1,0,1.544029304029304,1.5545054945054946,-0.767,0.661,-0.104,0.0,0.0,0.0
98,1,1789460375.849442,100.0,1,0,1.5432234432234433,1.5553113553113553,-0.768,0.659,-0.102,0.0,0.0,0.0
98,2,1789460375.859442,100.0,1,0,1.544029304029304,1.5553113553113553,-0.768,0.654,-0.103,0.0,0.0,0.0
98,3,1789460375.869442,100.0,1,0,1.544029304029304,1.5553113553113553,-0.77,0.651,-0.104,0.0,0.0,0.0
98,4,1789460375.879442,100.0,1,0,1.544029304029304,1.5545054945054946,-0.772,0.65,-0.104,0.0,0.0,0.0
98,5,1789460375.889442,100.0,1,0,1.544029304029304,1.5545054945054946,-0.772,0.651,-0.104,0.0,0.0,0.0
98,6,1789460375.899442,100.0,1,0,1.544029304029304,1.5553113553113553,-0.772,0.655,-0.106,0.0,0.0,0.0
98,7,1789460375.909442,100.0,1,0,1.544029304029304,1.5545054945054946,-0.77,0.659,-0.104,0.0,0.0,0.0
98,8,1789460375.919442,100.0,1,0,1.5448351648351648,1.5545054945054946,-0.763,0.664,-0.104,0.0,0.0,0.0
98,9,1789460375.929442,100.0,1,0,1.544029304029304,1.5545054945054946,-0.757,0.663,-0.107,0.0,0.0,0.0
98,10,1789460375.939442,100.0,1,0,1.544029304029304,1.5553113553113553,-0.754,0.661,-0.106,0.0,0.0,0.0
98,11,1789460375.949442,100.0,1,0,1.544029304029304,1.5553113553113553,-0.757,0.656,-0.105,0.0,0.0,-1.0
98,12,1789460375.959442,100.0,1,0,1.544029304029304,1.5553113553113553,-0.764,0.651,-0.106,0.0,0.0,-1.0
98,13,1789460375.969442,100.0,1,0,1.5432234432234433,1.5553113553113553,-0.774,0.647,-0.102,-1.0,0.0,-1.0
98,14,1789460375.979442,100.0,1,0,1.544029304029304,1.556117216117216,-0.782,0.647,-0.096,0.0,0.0,0.0
98,15,1789460375.989442,100.0,1,0,1.5424175824175823,1.5553113553113553,-0.782,0.647,-0.098,0.0,0.0,0.0
98,16,1789460375.999442,100.0,1,0,1.5432234432234433,1.5553113553113553,-0.774,0.645,-0.099,1.0,-1.0,0.0
98,17,1789460376.009442,100.0,1,0,1.5432234432234433,1.5553113553113553,-0.765,0.649,-0.103,1.0,-2.0,1.0
98,18,1789460376.019442,100.0,1,0,1.5432234432234433,1.5553113553113553,-0.757,0.652,-0.111,1.0,-1.0,0.0
98,19,1789460376.029442,100.0,1,0,1.5432234432234433,1.556117216117216,-0.748,0.651,-0.106,0.0,0.0,0.0
98,20,1789460376.039442,100.0,1,0,1.5432234432234433,1.5553113553113553,-0.75,0.655,-0.103,0.0,0.0,0.0
98,21,1789460376.049442,100.0,1,0,1.5432234432234433,1.5553113553113553,-0.763,0.657,-0.101,0.0,1.0,0.0
98,22,1789460376.059442,100.0,1,0,1.544029304029304,1.556117216117216,-0.777,0.658,-0.098,0.0,1.0,0.0
98,23,1789460376.069442,100.0,1,0,1.5432234432234433,1.556117216117216,-0.785,0.66,-0.097,0.0,0.0,0.0
98,24,1789460376.079442,100.0,1,0,1.5432234432234433,1.556117216117216,-0.785,0.66,-0.099,0.0,0.0,0.0
98,25,1789460376.089442,100.0,1,0,1.544029304029304,1.556117216117216,-0.778,0.656,-0.103,0.0,0.0,0.0
98,26,1789460376.099442,100.0,1,0,1.5432234432234433,1.556117216117216,-0.767,0.655,-0.11,0.0,0.0,0.0
98,27,1789460376.109442,100.0,1,0,1.544029304029304,1.5553113553113553,-0.757,0.655,-0.112,0.0,0.0,0.0
98,28,1789460376.119442,100.0,1,0,1.544029304029304,1.5545054945054946,-0.751,0.656,-0.112,0.0,0.0,0.0
98,29,1789460376.129442,100.0,1,0,1.544029304029304,1.5536996336996336,-0.752,0.657,-0.109,0.0,0.0,-1.0
98,30,1789460376.139442,100.0,1,0,1.5432234432234433,1.5545054945054946,-0.759,0.656,-0.105,0.0,0.0,-1.0
98,31,1789460376.149442,100.0,1,0,1.544029304029304,1.5545054945054946,-0.769,0.655,-0.102,-1.0,0.0,-1.0
98,32,1789460376.159442,100.0,1,0,1.544029304029304,1.5536996336996336,-0.774,0.658,-0.098,0.0,0.0,0.0
98,33,1789460376.169442,100.0,1,0,1.544029304029304,1.5545054945054946,-0.773,0.658,-0.098,0.0,0.0,0.0
98,34,1789460376.179442,100.0,1,0,1.544029304029304,1.5545054945054946,-0.769,0.657,-0.103,0.0,0.0,0.0
98,35,1789460376.189442,100.0,1,0,1.544029304029304,1.5545054945054946,-0.764,0.654,-0.105,0.0,0.0,0.0
98,36,1789460376.199442,100.0,1,0,1.5432234432234433,1.556117216117216,-0.762,0.653,-0.104,0.0,0.0,0.0
98,37,1789460376.209442,100.0,1,0,1.5448351648351648,1.5553113553113553,-0.762,0.648,-0.105,0.0,0.0,0.0
98,38,1789460376.219442,100.0,1,0,1.544029304029304,1.5545054945054946,-0.763,0.649,-0.107,0.0,0.0,0.0
98,39,1789460376.229442,100.0,1,0,1.544029304029304,1.5545054945054946,-0.767,0.65,-0.103,0.0,0.0,0.0
98,40,1789460376.239442,100.0,1,0,1.544029304029304,1.5545054945054946,-0.767,0.65,-0.103,0.0,0.0,0.0
98,41,1789460376.249442,100.0,1,0,1.544029304029304,1.5536996336996336,-0.77,0.649,-0.1,0.0,0.0,0.0
98,42,1789460376.259442,100.0,1,0,1.5432234432234433,1.5536996336996336,-0.77,0.651,-0.103,0.0,0.0,0.0
98,43,1789460376.269442,100.0,1,0,1.544029304029304,1.5528937728937728,-0.771,0.65,-0.106,0.0,0.0,0.0
98,44,1789460376.279442,100.0,1,0,1.544029304029304,1.5528937728937728,-0.768,0.646,-0.107,0.0,0.0,0.0
98,45,1789460376.289442,100.0,1,0,1.544029304029304,1.5536996336996336,-0.765,0.647,-0.104,0.0,0.0,0.0
98,46,1789460376.299442,100.0,1,0,1.544029304029304,1.5536996336996336,-0.773,0.649,-0.104,0.0,0.0,0.0
98,47,1789460376.309442,100.0,1,0,1.544029304029304,1.5545054945054946,-0.781,0.652,-0.098,0.0,0.0,0.0
98,48,1789460376.319442,100.0,1,0,1.544029304029304,1.5528937728937728,-0.778,0.653,-0.09,0.0,0.0,0.0
98,49,1789460376.329442,100.0,1,0,1.544029304029304,1.5536996336996336,-0.772,0.654,-0.096,0.0,-1.0,0.0
98,50,1789460376.339442,100.0,1,0,1.5448351648351648,1.5528937728937728,-0.764,0.657,-0.109,0.0,0.0,0.0
98,51,1789460376.349442,100.0,1,0,1.5448351648351648,1.5536996336996336,-0.759,0.658,-0.113,0.0,0.0,0.0
98,52,1789460376.359442,100.0,1,0,1.5448351648351648,1.5536996336996336,-0.757,0.656,-0.113,0.0,0.0,0.0
98,53,1789460376.369442,100.0,1,0,1.5456410256410256,1.5528937728937728,-0.762,0.656,-0.108,0.0,0.0,0.0
98,54,1789460376.379442,100.0,1,0,1.5456410256410256,1.5528937728937728,-0.772,0.656,-0.104,0.0,0.0,0.0
98,55,1789460376.389442,100.0,1,0,1.5456410256410256,1.5528937728937728,-0.777,0.655,-0.099,0.0,0.0,0.0
98,56,1789460376.399442,100.0,1,0,1.5456410256410256,1.5528937728937728,-0.777,0.652,-0.098,0.0,0.0,0.0
98,57,1789460376.409442,100.0,1,0,1.5456410256410256,1.5528937728937728,-0.774,0.653,-0.101,0.0,0.0,0.0
98,58,1789460376.419442,100.0,1,0,1.5456410256410256,1.5536996336996336,-0.767,0.656,-0.106,0.0,0.0,0.0
98,59,1789460376.429442,100.0,1,0,1.5456410256410256,1.5528937728937728,-0.758,0.655,-0.107,0.0,0.0,0.0
98,60,1789460376.439442,100.0,1,0,1.5456410256410256,1.5528937728937728,-0.754,0.657,-0.109,-1.0,0.0,0.0
98,61,1789460376.449442,100.0,1,0,1.5448351648351648,1.5536996336996336,-0.758,0.655,-0.106,0.0,0.0,0.0
98,62,1789460376.459442,100.0,1,0,1.5456410256410256,1.5528937728937728,-0.766,0.651,-0.103,0.0,0.0,0.0
98,63,1789460376.469442,100.0,1,0,1.5448351648351648,1.5528937728937728,-0.774,0.648,-0.105,0.0,0.0,0.0
98,64,1789460376.479442,100.0,1,0,1.544029304029304,1.5528937728937728,-0.777,0.649,-0.103,0.0,0.0,0.0
98,65,1789460376.489442,100.0,1,0,1.544029304029304,1.5536996336996336,-0.777,0.649,-0.098,0.0,0.0,0.0
98,66,1789460376.499442,100.0,1,0,1.5456410256410256,1.5528937728937728,-0.775,0.649,-0.099,0.0,0.0,0.0
98,67,1789460376.509442,100.0,1,0,1.5448351648351648,1.552087912087912,-0.771,0.652,-0.104,0.0,0.0,1.0
98,68,1789460376.519442,100.0,1,0,1.544029304029304,1.5536996336996336,-0.763,0.656,-0.105,0.0,0.0,0.0
98,69,1789460376.529442,100.0,1,0,1.5448351648351648,1.5528937728937728,-0.753,0.657,-0.107,0.0,0.0,0.0
98,70,1789460376.539442,100.0,1,0,1.5448351648351648,1.5512820512820513,-0.753,0.657,-0.11,-1.0,0.0,0.0
98,71,1789460376.549442,100.0,1,0,1.544029304029304,1.5528937728937728,-0.76,0.658,-0.106,-1.0,1.0,0.0
98,72,1789460376.559442,100.0,1,0,1.544029304029304,1.5528937728937728,-0.766,0.66,-0.106,-1.0,1.0,0.0
98,73,1789460376.569442,100.0,1,0,1.5456410256410256,1.5528937728937728,-0.772,0.663,-0.102,-1.0,0.0,0.0
98,74,1789460376.579442,100.0,1,0,1.5448351648351648,1.552087912087912,-0.775,0.661,-0.1,-1.0,0.0,0.0
98,75,1789460376.589442,100.0,1,0,1.5448351648351648,1.5528937728937728,-0.777,0.658,-0.097,0.0,0.0,0.0
98,76,1789460376.599442,100.0,1,0,1.5448351648351648,1.5528937728937728,-0.773,0.655,-0.102,0.0,0.0,0.0
98,77,1789460376.609442,100.0,1,0,1.5448351648351648,1.5528937728937728,-0.766,0.65,-0.104,0.0,0.0,0.0
98,78,1789460376.619442,100.0,1,0,1.544029304029304,1.5528937728937728,-0.757,0.646,-0.106,0.0,0.0,0.0
98,79,1789460376.629442,100.0,1,0,1.5448351648351648,1.5528937728937728,-0.754,0.646,-0.107,0.0,0.0,0.0
98,80,1789460376.639442,100.0,1,0,1.5448351648351648,1.5528937728937728,-0.759,0.649,-0.107,0.0,0.0,0.0
98,81,1789460376.649442,100.0,1,0,1.544029304029304,1.5528937728937728,-0.769,0.653,-0.103,0.0,0.0,0.0
98,82,1789460376.659442,100.0,1,0,1.5456410256410256,1.552087912087912,-0.774,0.653,-0.099,1.0,0.0,0.0
98,83,1789460376.669442,100.0,1,0,1.5448351648351648,1.5528937728937728,-0.774,0.656,-0.097,1.0,0.0,0.0
98,84,1789460376.679442,100.0,1,0,1.5448351648351648,1.552087912087912,-0.767,0.654,-0.102,1.0,0.0,0.0
98,85,1789460376.689442,100.0,1,0,1.5464468864468865,1.552087912087912,-0.763,0.651,-0.105,0.0,0.0,0.0
98,86,1789460376.699442,100.0,1,0,1.5448351648351648,1.552087912087912,-0.763,0.649,-0.103,0.0,0.0,0.0
98,87,1789460376.709442,100.0,1,0,1.5456410256410256,1.552087912087912,-0.765,0.652,-0.101,0.0,0.0,0.0
98,88,1789460376.719442,100.0,1,0,1.5448351648351648,1.552087912087912,-0.767,0.655,-0.102,0.0,0.0,0.0
98,89,1789460376.729442,100.0,1,0,1.5456410256410256,1.5512820512820513,-0.774,0.657,-0.105,0.0,0.0,0.0
98,90,1789460376.739442,100.0,1,0,1.5464468864468865,1.552087912087912,-0.781,0.66,-0.107,0.0,0.0,0.0
98,91,1789460376.749442,100.0,1,0,1.5456410256410256,1.552087912087912,-0.772,0.661,-0.104,0.0,0.0,0.0
98,92,1789460376.759442,100.0,1,0,1.5464468864468865,1.5512820512820513,-0.767,0.659,-0.103,0.0,0.0,1.0
98,93,1789460376.769442,100.0,1,0,1.5464468864468865,1.552087912087912,-0.76,0.657,-0.111,0.0,0.0,0.0
98,94,1789460376.779442,100.0,1,0,1.5488644688644688,1.5512820512820513,-0.759,0.656,-0.113,0.0,0.0,0.0
98,95,1789460376.789442,100.0,1,0,1.5488644688644688,1.5504761904761906,-0.762,0.656,-0.113,0.0,0.0,0.0
98,96,1789460376.799442,100.0,1,0,1.548058608058608,1.5512820512820513,-0.768,0.661,-0.105,0.0,0.0,0.0
98,97,1789460376.809442,100.0,1,0,1.5512820512820513,1.5488644688644688,-0.769,0.661,-0.1,0.0,0.0,0.0
98,98,1789460376.819442,100.0,1,0,1.5464468864468865,1.5512820512820513,-0.765,0.662,-0.099,0.0,0.0,0.0
98,99,1789460376.829442,100.0,1,0,1.5472527472527473,1.5512820512820513,-0.756,0.661,-0.103,0.0,0.0,0.0
99,0,1789460376.852648,100.0,1,0,1.5504761904761906,1.5512820512820513,-0.751,0.658,-0.109,-1.0,0.0,0.0
99,1,1789460376.862648,100.0,1,0,1.548058608058608,1.5504761904761906,-0.753,0.655,-0.11,-1.0,0.0,-1.0
99,2,1789460376.872648,100.0,1,0,1.5504761904761906,1.5512820512820513,-0.761,0.65,-0.108,-1.0,1.0,-1.0
99,3,1789460376.882648,100.0,1,0,1.5504761904761906,1.5496703296703296,-0.77,0.647,-0.107,-1.0,1.0,-1.0
99,4,1789460376.892648,100.0,1,0,1.5512820512820513,1.5488644688644688,-0.778,0.645,-0.107,0.0,0.0,0.0
99,5,1789460376.902648,100.0,1,0,1.548058608058608,1.5464468864468865,-0.781,0.649,-0.105,0.0,0.0,0.0
99,6,1789460376.912648,100.0,1,0,1.5512820512820513,1.5464468864468865,-0.778,0.653,-0.103,0.0,0.0,1.0
99,7,1789460376.922648,100.0,1,0,1.5504761904761906,1.5472527472527473,-0.771,0.659,-0.1,0.0,0.0,1.0
99,8,1789460376.932648,100.0,1,0,1.552087912087912,1.5464468864468865,-0.762,0.662,-0.102,0.0,-1.0,1.0
99,9,1789460376.942648,100.0,1,0,1.5512820512820513,1.5456410256410256,-0.757,0.664,-0.11,0.0,0.0,0.0
99,10,1789460376.952648,100.0,1,0,1.5496703296703296,1.5456410256410256,-0.751,0.659,-0.111,0.0,0.0,0.0
99,11,1789460376.962648,100.0,1,0,1.5496703296703296,1.5456410256410256,-0.752,0.655,-0.105,-1.0,1.0,0.0
99,12,1789460376.972648,100.0,1,0,1.5512820512820513,1.5456410256410256,-0.764,0.652,-0.104,-1.0,1.0,-1.0
99,13,1789460376.982648,100.0,1,0,1.552087912087912,1.5456410256410256,-0.764,0.652,-0.104,0.0,0.0,0.0
99,14,1789460376.992648,100.0,1,0,1.5512820512820513,1.5456410256410256,-0.779,0.651,-0.099,0.0,0.0,0.0
99,15,1789460377.002648,100.0,1,0,1.5528937728937728,1.5456410256410256,-0.784,0.649,-0.094,0.0,0.0,0.0
99,16,1789460377.012648,100.0,1,0,1.552087912087912,1.5456410256410256,-0.782,0.651,-0.097,0.0,-1.0,0.0
99,17,1789460377.022648,100.0,1,0,1.5512820512820513,1.5456410256410256,-0.776,0.651,-0.104,0.0,-1.0,0.0
99,18,1789460377.032648,100.0,1,0,1.552087912087912,1.5448351648351648,-0.768,0.651,-0.108,0.0,-1.0,0.0
99,19,1789460377.042648,100.0,1,0,1.552087912087912,1.5448351648351648,-0.76,0.653,-0.107,0.0,0.0,0.0
99,20,1789460377.052648,100.0,1,0,1.5528937728937728,1.5464468864468865,-0.758,0.653,-0.11,0.0,0.0,0.0
99,21,1789460377.062648,100.0,1,0,1.5528937728937728,1.5448351648351648,-0.759,0.658,-0.106,0.0,0.0,0.0
99,22,1789460377.072648,100.0,1,0,1.552087912087912,1.544029304029304,-0.763,0.659,-0.102,0.0,0.0,0.0
99,23,1789460377.082648,100.0,1,0,1.5512820512820513,1.5448351648351648,-0.769,0.659,-0.099,0.0,0.0,0.0
99,24,1789460377.092648,100.0,1,0,1.552087912087912,1.5464468864468865,-0.771,0.66,-0.099,0.0,0.0,0.0
99,25,1789460377.102648,100.0,1,0,1.5488644688644688,1.5456410256410256,-0.769,0.657,-0.099,0.0,0.0,0.0
99,26,1789460377.112648,100.0,1,0,1.5512820512820513,1.5464468864468865,-0.767,0.65,-0.104,0.0,0.0,0.0
99,27,1789460377.122648,100.0,1,0,1.5504761904761906,1.5464468864468865,-0.768,0.648,-0.106,0.0,0.0,0.0
99,28,1789460377.132648,100.0,1,0,1.5472527472527473,1.5456410256410256,-0.766,0.646,-0.104,0.0,0.0,0.0
99,29,1789460377.142648,100.0,1,0,1.552087912087912,1.5464468864468865,-0.763,0.647,-0.103,1.0,0.0,0.0
99,30,1789460377.152648,100.0,1,0,1.5504761904761906,1.5456410256410256,-0.762,0.647,-0.107,1.0,0.0,0.0
99,31,1789460377.162648,100.0,1,0,1.5512820512820513,1.5456410256410256,-0.764,0.649,-0.107,1.0,0.0,1.0
99,32,1789460377.172648,100.0,1,0,1.5504761904761906,1.5464468864468865,-0.767,0.655,-0.103,0.0,0.0,1.0
99,33,1789460377.182648,100.0,1,0,1.5512820512820513,1.5456410256410256,-0.769,0.658,-0.102,0.0,0.0,1.0
99,34,1789460377.192648,100.0,1,0,1.5504761904761906,1.5456410256410256,-0.768,0.659,-0.104,0.0,0.0,1.0
99,35,1789460377.202648,100.0,1,0,1.5512820512820513,1.5464468864468865,-0.764,0.664,-0.104,0.0,0.0,0.0
99,36,1789460377.212648,100.0,1,0,1.552087912087912,1.5456410256410256,-0.761,0.664,-0.103,-1.0,0.0,0.0
99,37,1789460377.222648,100.0,1,0,1.5496703296703296,1.5464468864468865,-0.76,0.663,-0.107,-1.0,0.0,0.0
99,38,1789460377.232648,100.0,1,0,1.5512820512820513,1.5464468864468865,-0.757,0.662,-0.108,-1.0,0.0,0.0
99,39,1789460377.242648,100.0,1,0,1.552087912087912,1.5456410256410256,-0.757,0.661,-0.103,-1.0,0.0,0.0
99,40,1789460377.252648,100.0,1,0,1.5512820512820513,1.5456410256410256,-0.765,0.658,-0.104,-1.0,0.0,0.0
99,41,1789460377.262648,100.0,1,0,1.552087912087912,1.5456410256410256,-0.777,0.654,-0.102,0.0,0.0,0.0
99,42,1789460377.272648,100.0,1,0,1.5512820512820513,1.5464468864468865,-0.779,0.654,-0.099,0.0,0.0,0.0
99,43,1789460377.282648,100.0,1,0,1.5504761904761906,1.5464468864468865,-0.775,0.654,-0.097,0.0,-1.0,1.0
99,44,1789460377.292648,100.0,1,0,1.5512820512820513,1.5456410256410256,-0.773,0.658,-0.098,0.0,-1.0,1.0
99,45,1789460377.302648,100.0,1,0,1.552087912087912,1.548058608058608,-0.768,0.659,-0.098,0.0,0.0,1.0
99,46,1789460377.312648,100.0,1,0,1.5512820512820513,1.5496703296703296,-0.756,0.661,-0.099,0.0,0.0,0.0
99,47,1789460377.322648,100.0,1,0,1.5504761904761906,1.5496703296703296,-0.75,0.664,-0.107,0.0,0.0,0.0
99,48,1789460377.332648,100.0,1,0,1.5512820512820513,1.5472527472527473,-0.752,0.667,-0.109,0.0,0.0,0.0
99,49,1789460377.342648,100.0,1,0,1.5512820512820513,1.548058608058608,-0.754,0.665,-0.105,-1.0,1.0,0.0
99,50,1789460377.352648,100.0,1,0,1.5496703296703296,1.548058608058608,-0.76,0.657,-0.104,-1.0,1.0,0.0
99,51,1789460377.362648,100.0,1,0,1.5472527472527473,1.548058608058608,-0.766,0.652,-0.101,-1.0,0.0,-1.0
99,52,1789460377.372648,100.0,1,0,1.548058608058608,1.5472527472527473,-0.774,0.648,-0.099,0.0,0.0,0.0
99,53,1789460377.382648,100.0,1,0,1.5504761904761906,1.548058608058608,-0.775,0.647,-0.102,0.0,0.0,0.0
99,54,1789460377.392648,100.0,1,0,1.548058608058608,1.5456410256410256,-0.773,0.648,-0.1,0.0,0.0,0.0
99,55,1789460377.402648,100.0,1,0,1.548058608058608,1.5456410256410256,-0.772,0.654,-0.104,1.0,0.0,0.0
99,56,1789460377.412648,100.0,1,0,1.548058608058608,1.5456410256410256,-0.769,0.66,-0.107,0.0,0.0,0.0
99,57,1789460377.422648,100.0,1,0,1.5464468864468865,1.5496703296703296,-0.76,0.66,-0.103,0.0,0.0,0.0
99,58,1789460377.432648,100.0,1,0,1.5488644688644688,1.5464468864468865,-0.751,0.661,-0.096,0.0,0.0,0.0
99,59,1789460377.442648,100.0,1,0,1.5456410256410256,1.5464468864468865,-0.753,0.659,-0.1,0.0,0.0,0.0
99,60,1789460377.452648,100.0,1,0,1.5456410256410256,1.5488644688644688,-0.762,0.659,-0.102,-1.0,1.0,0.0
99,61,1789460377.462648,100.0,1,0,1.5456410256410256,1.5472527472527473,-0.772,0.657,-0.101,0.0,1.0,0.0
99,62,1789460377.472648,100.0,1,0,1.5464468864468865,1.5472527472527473,-0.779,0.657,-0.099,0.0,0.0,0.0
99,63,1789460377.482648,100.0,1,0,1.5488644688644688,1.5464468864468865,-0.774,0.655,-0.102,0.0,0.0,0.0
99,64,1789460377.492648,100.0,1,0,1.5512820512820513,1.5464468864468865,-0.765,0.654,-0.112,0.0,0.0,0.0
99,65,1789460377.502648,100.0,1,0,1.5504761904761906,1.5456410256410256,-0.754,0.656,-0.117,0.0,0.0,0.0
99,66,1789460377.512648,100.0,1,0,1.5512820512820513,1.5456410256410256,-0.752,0.659,-0.113,0.0,0.0,0.0
99,67,1789460377.522648,100.0,1,0,1.5488644688644688,1.5456410256410256,-0.757,0.664,-0.104,-1.0,0.0,0.0
99,68,1789460377.532648,100.0,1,0,1.5496703296703296,1.5456410256410256,-0.76,0.663,-0.098,-1.0,0.0,0.0
99,69,1789460377.542648,100.0,1,0,1.5488644688644688,1.5464468864468865,-0.765,0.663,-0.096,0.0,0.0,0.0
99,70,1789460377.552648,100.0,1,0,1.5496703296703296,1.5448351648351648,-0.77,0.659,-0.1,0.0,0.0,0.0
99,71,1789460377.562648,100.0,1,0,1.5504761904761906,1.5464468864468865,-0.77,0.656,-0.103,0.0,0.0,0.0
99,72,1789460377.572648,100.0,1,0,1.5504761904761906,1.5456410256410256,-0.763,0.652,-0.103,0.0,0.0,0.0
99,73,1789460377.582648,100.0,1,0,1.5504761904761906,1.5464468864468865,-0.757,0.652,-0.105,0.0,0.0,0.0
99,74,1789460377.592648,100.0,1,0,1.5512820512820513,1.5464468864468865,-0.758,0.649,-0.11,0.0,0.0,0.0
99,75,1789460377.602648,100.0,1,0,1.5512820512820513,1.5456410256410256,-0.767,0.649,-0.108,0.0,0.0,0.0
99,76,1789460377.612648,100.0,1,0,1.5512820512820513,1.5456410256410256,-0.775,0.652,-0.104,0.0,0.0,0.0
99,77,1789460377.622648,100.0,1,0,1.5504761904761906,1.5448351648351648,-0.776,0.655,-0.096,0.0,0.0,0.0
99,78,1789460377.632648,100.0,1,0,1.5488644688644688,1.5448351648351648,-0.771,0.659,-0.097,0.0,0.0,0.0
99,79,1789460377.642648,100.0,1,0,1.5512820512820513,1.5448351648351648,-0.763,0.662,-0.103,0.0,0.0,0.0
99,80,1789460377.652648,100.0,1,0,1.552087912087912,1.5448351648351648,-0.756,0.665,-0.11,0.0,0.0,0.0
99,81,1789460377.662648,100.0,1,0,1.5512820512820513,1.5456410256410256,-0.754,0.666,-0.111,0.0,0.0,0.0
99,82,1789460377.672648,100.0,1,0,1.552087912087912,1.5456410256410256,-0.756,0.664,-0.104,-1.0,0.0,-1.0
99,83,1789460377.682648,100.0,1,0,1.5512820512820513,1.5456410256410256,-0.769,0.659,-0.101,-1.0,1.0,-1.0
99,84,1789460377.692648,100.0,1,0,1.5512820512820513,1.5456410256410256,-0.781,0.656,-0.097,-1.0,0.0,-1.0
99,85,1789460377.702648,100.0,1,0,1.5504761904761906,1.5456410256410256,-0.781,0.656,-0.097,0.0,0.0,0.0
99,86,1789460377.712648,100.0,1,0,1.5488644688644688,1.548058608058608,-0.781,0.656,-0.097,0.0,0.0,0.0
99,87,1789460377.722648,100.0,1,0,1.5496703296703296,1.5496703296703296,-0.773,0.648,-0.093,0.0,0.0,0.0
99,88,1789460377.732648,100.0,1,0,1.548058608058608,1.5472527472527473,-0.768,0.646,-0.105,0.0,-1.0,0.0
99,89,1789460377.742648,100.0,1,0,1.5496703296703296,1.5496703296703296,-0.764,0.649,-0.112,0.0,0.0,0.0
99,90,1789460377.752648,100.0,1,0,1.5472527472527473,1.5472527472527473,-0.763,0.651,-0.11,0.0,0.0,0.0
99,91,1789460377.762648,100.0,1,0,1.5456410256410256,1.5456410256410256,-0.768,0.657,-0.105,0.0,0.0,0.0
99,92,1789460377.772648,100.0,1,0,1.5464468864468865,1.5496703296703296,-0.77,0.659,-0.1,0.0,0.0,0.0
99,93,1789460377.782648,100.0,1,0,1.5456410256410256,1.5496703296703296,-0.77,0.66,-0.099,0.0,0.0,0.0
99,94,1789460377.792648,100.0,1,0,1.5464468864468865,1.5504761904761906,-0.765,0.659,-0.099,0.0,0.0,0.0
99,95,1789460377.802648,100.0,1,0,1.5456410256410256,1.5512820512820513,-0.761,0.656,-0.105,0.0,0.0,0.0
99,96,1789460377.812648,100.0,1,0,1.5456410256410256,1.552087912087912,-0.757,0.655,-0.105,0.0,0.0,0.0
99,97,1789460377.822648,100.0,1,0,1.5448351648351648,1.552087912087912,-0.756,0.655,-0.103,0.0,0.0,0.0
99,98,1789460377.832648,100.0,1,0,1.5448351648351648,1.552087912087912,-0.764,0.652,-0.103,0.0,0.0,0.0
99,99,1789460377.842648,100.0,1,0,1.5448351648351648,1.5512820512820513,-0.773,0.653,-0.103,0.0,0.0,0.0
100,0,1789460377.926297,100.0,1,0,1.5448351648351648,1.5528937728937728,-0.779,0.653,-0.1,0.0,0.0,0.0
100,1,1789460377.936297,100.0,1,0,1.5448351648351648,1.5528937728937728,-0.777,0.652,-0.1,0.0,-1.0,1.0
100,2,1789460377.946297,100.0,1,0,1.544029304029304,1.5528937728937728,-0.767,0.652,-0.099,0.0,0.0,1.0
100,3,1789460377.956297,100.0,1,0,1.5448351648351648,1.552087912087912,-0.758,0.655,-0.103,0.0,0.0,1.0
100,4,1789460377.966297,100.0,1,0,1.5448351648351648,1.5528937728937728,-0.752,0.663,-0.105,0.0,0.0,0.0
100,5,1789460377.976297,100.0,1,0,1.5448351648351648,1.552087912087912,-0.752,0.663,-0.105,0.0,0.0,0.0
100,6,1789460377.986297,100.0,1,0,1.544029304029304,1.552087912087912,-0.752,0.665,-0.104,0.0,1.0,0.0
100,7,1789460377.996297,100.0,1,0,1.5448351648351648,1.552087912087912,-0.761,0.664,-0.102,0.0,1.0,0.0
100,8,1789460378.006297,100.0,1,0,1.5448351648351648,1.552087912087912,-0.767,0.66,-0.101,0.0,0.0,0.0
100,9,1789460378.016297,100.0,1,0,1.544029304029304,1.5528937728937728,-0.773,0.657,-0.102,0.0,0.0,0.0
100,10,1789460378.026297,100.0,1,0,1.5448351648351648,1.552087912087912,-0.775,0.654,-0.103,0.0,0.0,0.0
100,11,1789460378.036297,100.0,1,0,1.5448351648351648,1.552087912087912,-0.778,0.655,-0.102,0.0,0.0,0.0
100,12,1789460378.046297,100.0,1,0,1.544029304029304,1.5512820512820513,-0.777,0.655,-0.102,0.0,0.0,0.0
100,13,1789460378.056297,100.0,1,0,1.5448351648351648,1.5512820512820513,-0.77,0.656,-0.102,0.0,0.0,0.0
100,14,1789460378.066297,100.0,1,0,1.544029304029304,1.5528937728937728,-0.762,0.656,-0.104,0.0,0.0,0.0
100,15,1789460378.076297,100.0,1,0,1.5448351648351648,1.552087912087912,-0.758,0.655,-0.104,0.0,0.0,0.0
100,16,1789460378.086297,100.0,1,0,1.5448351648351648,1.5528937728937728,-0.759,0.657,-0.103,0.0,0.0,0.0
100,17,1789460378.096297,100.0,1,0,1.5448351648351648,1.5528937728937728,-0.762,0.656,-0.103,0.0,0.0,0.0
100,18,1789460378.106297,100.0,1,0,1.5456410256410256,1.5528937728937728,-0.77,0.656,-0.104,0.0,0.0,0.0
100,19,1789460378.116297,100.0,1,0,1.5448351648351648,1.5528937728937728,-0.768,0.656,-0.103,0.0,0.0,0.0
100,20,1789460378.126297,100.0,1,0,1.544029304029304,1.5528937728937728,-0.766,0.655,-0.103,0.0,0.0,0.0
100,21,1789460378.136297,100.0,1,0,1.5456410256410256,1.5536996336996336,-0.767,0.656,-0.103,0.0,0.0,0.0
100,22,1789460378.146297,100.0,1,0,1.5448351648351648,1.5536996336996336,-0.764,0.656,-0.106,0.0,0.0,0.0
100,23,1789460378.156297,100.0,1,0,1.5456410256410256,1.5528937728937728,-0.761,0.652,-0.104,0.0,0.0,0.0
100,24,1789460378.166297,100.0,1,0,1.5448351648351648,1.5528937728937728,-0.763,0.652,-0.102,0.0,0.0,0.0
100,25,1789460378.176297,100.0,1,0,1.544029304029304,1.5528937728937728,-0.767,0.653,-0.102,0.0,0.0,0.0
100,26,1789460378.186297,100.0,1,0,1.5448351648351648,1.5528937728937728,-0.772,0.652,-0.102,0.0,0.0,0.0
100,27,1789460378.196297,100.0,1,0,1.5424175824175823,1.5528937728937728,-0.771,0.651,-0.102,0.0,0.0,0.0
100,28,1789460378.206297,100.0,1,0,1.544029304029304,1.5536996336996336,-0.77,0.654,-0.102,0.0,-1.0,0.0
100,29,1789460378.216297,100.0,1,0,1.544029304029304,1.5528937728937728,-0.766,0.654,-0.106,0.0,0.0,0.0
100,30,1789460378.226297,100.0,1,0,1.5432234432234433,1.5545054945054946,-0.761,0.653,-0.107,0.0,0.0,0.0
100,31,1789460378.236297,100.0,1,0,1.544029304029304,1.5528937728937728,-0.76,0.654,-0.1,0.0,0.0,0.0
100,32,1789460378.246297,100.0,1,0,1.5432234432234433,1.5545054945054946,-0.762,0.652,-0.094,0.0,0.0,0.0
100,33,1789460378.256297,100.0,1,0,1.5432234432234433,1.5536996336996336,-0.768,0.651,-0.094,0.0,0.0,0.0
100,34,1789460378.266297,100.0,1,0,1.544029304029304,1.5536996336996336,-0.78,0.65,-0.098,0.0,0.0,0.0
100,35,1789460378.276297,100.0,1,0,1.5432234432234433,1.5545054945054946,-0.782,0.652,-0.1,0.0,0.0,1.0
100,36,1789460378.286297,100.0,1,0,1.544029304029304,1.5528937728937728,-0.775,0.658,-0.102,1.0,-1.0,1.0
100,37,1789460378.296297,100.0,1,0,1.544029304029304,1.5536996336996336,-0.762,0.666,-0.108,0.0,-1.0,1.0
100,38,1789460378.306297,100.0,1,0,1.5448351648351648,1.5528937728937728,-0.75,0.67,-0.113,0.0,0.0,0.0
100,39,1789460378.316297,100.0,1,0,1.5456410256410256,1.552087912087912,-0.748,0.671,-0.113,0.0,0.0,0.0
100,40,1789460378.326297,100.0,1,0,1.5448351648351648,1.552087912087912,-0.751,0.672,-0.108,-1.0,1.0,-1.0
100,41,1789460378.336297,100.0,1,0,1.5448351648351648,1.5528937728937728,-0.761,0.669,-0.104,-1.0,1.0,-1.0
100,42,1789460378.346297,100.0,1,0,1.5448351648351648,1.5528937728937728,-0.767,0.663,-0.102,-1.0,0.0,-1.0
100,43,1789460378.356297,100.0,1,0,1.5448351648351648,1.5512820512820513,-0.773,0.658,-0.102,-1.0,0.0,-1.0
100,44,1789460378.366297,100.0,1,0,1.5448351648351648,1.5528937728937728,-0.771,0.65,-0.099,-1.0,0.0,-1.0
100,45,1789460378.376297,100.0,1,0,1.5456410256410256,1.552087912087912,-0.772,0.647,-0.1,0.0,0.0,-1.0
100,46,1789460378.386297,100.0,1,0,1.5456410256410256,1.5528937728937728,-0.774,0.647,-0.102,0.0,0.0,0.0
100,47,1789460378.396297,100.0,1,0,1.5456410256410256,1.552087912087912,-0.772,0.647,-0.102,0.0,0.0,0.0
100,48,1789460378.406297,100.0,1,0,1.5448351648351648,1.552087912087912,-0.765,0.652,-0.101,0.0,-1.0,0.0
100,49,1789460378.416297,100.0,1,0,1.5456410256410256,1.5512820512820513,-0.761,0.654,-0.103,0.0,0.0,0.0
100,50,1789460378.426297,100.0,1,0,1.5448351648351648,1.552087912087912,-0.761,0.653,-0.104,0.0,0.0,0.0
100,51,1789460378.436297,100.0,1,0,1.5456410256410256,1.5512820512820513,-0.765,0.653,-0.102,0.0,0.0,0.0
100,52,1789460378.446297,100.0,1,0,1.5448351648351648,1.5504761904761906,-0.768,0.65,-0.097,0.0,0.0,0.0
100,53,1789460378.456297,100.0,1,0,1.5448351648351648,1.5496703296703296,-0.774,0.644,-0.102,0.0,0.0,0.0
100,54,1789460378.466297,100.0,1,0,1.5456410256410256,1.5504761904761906,-0.779,0.643,-0.103,0.0,-1.0,0.0
100,55,1789460378.476297,100.0,1,0,1.5448351648351648,1.5464468864468865,-0.777,0.644,-0.1,0.0,0.0,0.0
100,56,1789460378.486297,100.0,1,0,1.5464468864468865,1.5472527472527473,-0.771,0.653,-0.098,1.0,-1.0,1.0
100,57,1789460378.496297,100.0,1,0,1.5464468864468865,1.5488644688644688,-0.761,0.662,-0.102,1.0,0.0,1.0
100,58,1789460378.506297,100.0,1,0,1.5472527472527473,1.5488644688644688,-0.761,0.662,-0.102,1.0,0.0,0.0
100,59,1789460378.516297,100.0,1,0,1.5464468864468865,1.5472527472527473,-0.751,0.663,-0.099,0.0,0.0,0.0
100,60,1789460378.526297,100.0,1,0,1.5472527472527473,1.5464468864468865,-0.751,0.666,-0.105,0.0,0.0,0.0
100,61,1789460378.536297,100.0,1,0,1.548058608058608,1.5472527472527473,-0.755,0.662,-0.108,0.0,0.0,0.0
100,62,1789460378.546297,100.0,1,0,1.5472527472527473,1.548058608058608,-0.767,0.657,-0.105,-1.0,0.0,-1.0
100,63,1789460378.556297,100.0,1,0,1.5488644688644688,1.5464468864468865,-0.78,0.653,-0.103,-1.0,0.0,-1.0
100,64,1789460378.566297,100.0,1,0,1.5488644688644688,1.5464468864468865,-0.789,0.651,-0.102,-1.0,0.0,0.0
100,65,1789460378.576297,100.0,1,0,1.5488644688644688,1.5464468864468865,-0.79,0.653,-0.095,0.0,-1.0,0.0
100,66,1789460378.586297,100.0,1,0,1.5512820512820513,1.5464468864468865,-0.781,0.656,-0.093,0.0,-1.0,1.0
100,67,1789460378.596297,100.0,1,0,1.5504761904761906,1.5456410256410256,-0.763,0.66,-0.097,0.0,0.0,0.0
100,68,1789460378.606297,100.0,1,0,1.548058608058608,1.5464468864468865,-0.747,0.659,-0.105,0.0,0.0,0.0
100,69,1789460378.616297,100.0,1,0,1.548058608058608,1.5456410256410256,-0.744,0.656,-0.109,0.0,0.0,-1.0
100,70,1789460378.626297,100.0,1,0,1.5496703296703296,1.5464468864468865,-0.75,0.653,-0.106,-1.0,0.0,-2.0
100,71,1789460378.636297,100.0,1,0,1.5472527472527473,1.5472527472527473,-0.767,0.648,-0.1,0.0,0.0,-1.0
100,72,1789460378.646297,100.0,1,0,1.548058608058608,1.5456410256410256,-0.782,0.65,-0.097,0.0,0.0,0.0
100,73,1789460378.656297,100.0,1,0,1.5488644688644688,1.5488644688644688,-0.788,0.649,-0.095,0.0,0.0,0.0
100,74,1789460378.666297,100.0,1,0,1.5472527472527473,1.5488644688644688,-0.786,0.648,-0.095,0.0,-1.0,1.0
100,75,1789460378.676297,100.0,1,0,1.5464468864468865,1.5496703296703296,-0.773,0.648,-0.095,0.0,-1.0,1.0
100,76,1789460378.686297,100.0,1,0,1.5456410256410256,1.5472527472527473,-0.758,0.649,-0.1,0.0,0.0,1.0
100,77,1789460378.696297,100.0,1,0,1.5456410256410256,1.5496703296703296,-0.748,0.652,-0.105,0.0,0.0,0.0
100,78,1789460378.706297,100.0,1,0,1.5456410256410256,1.5488644688644688,-0.748,0.653,-0.107,0.0,0.0,0.0
100,79,1789460378.716297,100.0,1,0,1.5464468864468865,1.548058608058608,-0.759,0.656,-0.106,0.0,0.0,0.0
100,80,1789460378.726297,100.0,1,0,1.5448351648351648,1.5472527472527473,-0.77,0.656,-0.1,0.0,0.0,0.0
100,81,1789460378.736297,100.0,1,0,1.5456410256410256,1.5512820512820513,-0.775,0.66,-0.095,0.0,0.0,0.0
100,82,1789460378.746297,100.0,1,0,1.5448351648351648,1.5496703296703296,-0.775,0.66,-0.096,0.0,0.0,1.0
100,83,1789460378.756297,100.0,1,0,1.5456410256410256,1.5512820512820513,-0.771,0.657,-0.096,0.0,0.0,1.0
100,84,1789460378.766297,100.0,1,0,1.5456410256410256,1.5504761904761906,-0.767,0.658,-0.097,0.0,0.0,0.0
100,85,1789460378.776297,100.0,1,0,1.5456410256410256,1.552087912087912,-0.763,0.655,-0.101,0.0,0.0,0.0
100,86,1789460378.786297,100.0,1,0,1.5448351648351648,1.5504761904761906,-0.759,0.654,-0.102,0.0,0.0,0.0
100,87,1789460378.796297,100.0,1,0,1.5464468864468865,1.5512820512820513,-0.757,0.655,-0.103,0.0,0.0,0.0
100,88,1789460378.806297,100.0,1,0,1.5456410256410256,1.5464468864468865,-0.763,0.653,-0.102,0.0,0.0,0.0
100,89,1789460378.816297,100.0,1,0,1.5472527472527473,1.5464468864468865,-0.77,0.656,-0.103,0.0,0.0,0.0
100,90,1789460378.826297,100.0,1,0,1.548058608058608,1.5464468864468865,-0.778,0.658,-0.103,0.0,0.0,0.0
100,91,1789460378.836297,100.0,1,0,1.5472527472527473,1.5464468864468865,-0.777,0.659,-0.1,0.0,0.0,0.0
100,92,1789460378.846297,100.0,1,0,1.5496703296703296,1.5456410256410256,-0.775,0.66,-0.101,0.0,0.0,0.0
100,93,1789460378.856297,100.0,1,0,1.5496703296703296,1.5464468864468865,-0.767,0.662,-0.1,0.0,0.0,0.0
100,94,1789460378.866297,100.0,1,0,1.5496703296703296,1.5464468864468865,-0.76,0.66,-0.101,0.0,0.0,0.0
100,95,1789460378.876297,100.0,1,0,1.5504761904761906,1.5464468864468865,-0.757,0.656,-0.102,0.0,0.0,0.0
100,96,1789460378.886297,100.0,1,0,1.5496703296703296,1.5456410256410256,-0.757,0.656,-0.103,0.0,0.0,0.0
100,97,1789460378.896297,100.0,1,0,1.5464468864468865,1.5456410256410256,-0.762,0.655,-0.104,-1.0,1.0,-1.0
100,98,1789460378.906297,100.0,1,0,1.5472527472527473,1.5464468864468865,-0.771,0.651,-0.1,-1.0,1.0,-1.0
100,99,1789460378.916297,100.0,1,0,1.5464468864468865,1.5472527472527473,-0.777,0.647,-0.093,0.0,0.0,0.0
101,0,1789460378.891177,100.0,1,0,1.5488644688644688,1.5472527472527473,-0.775,0.646,-0.093,0.0,0.0,0.0
101,1,1789460378.901177,100.0,1,0,1.5464468864468865,1.548058608058608,-0.773,0.645,-0.099,0.0,0.0,0.0
101,2,1789460378.911177,100.0,1,0,1.5472527472527473,1.5496703296703296,-0.775,0.646,-0.102,0.0,0.0,0.0
101,3,1789460378.921177,100.0,1,0,1.5464468864468865,1.5488644688644688,-0.776,0.65,-0.108,1.0,0.0,0.0
101,4,1789460378.931177,100.0,1,0,1.5496703296703296,1.552087912087912,-0.77,0.658,-0.106,1.0,0.0,1.0
101,5,1789460378.941177,100.0,1,0,1.5488644688644688,1.5488644688644688,-0.76,0.665,-0.105,0.0,0.0,1.0
101,6,1789460378.951177,100.0,1,0,1.5472527472527473,1.5464468864468865,-0.757,0.668,-0.109,0.0,0.0,1.0
101,7,1789460378.961177,100.0,1,0,1.5488644688644688,1.5464468864468865,-0.753,0.669,-0.11,0.0,0.0,0.0
101,8,1789460378.971177,100.0,1,0,1.552087912087912,1.5464468864468865,-0.754,0.668,-0.11,-1.0,1.0,0.0
101,9,1789460378.981177,100.0,1,0,1.552087912087912,1.5464468864468865,-0.759,0.666,-0.103,-1.0,1.0,0.0
101,10,1789460378.991177,100.0,1,0,1.552087912087912,1.5448351648351648,-0.765,0.663,-0.103,-1.0,1.0,0.0
101,11,1789460379.001177,100.0,1,0,1.5512820512820513,1.5456410256410256,-0.768,0.659,-0.102,-1.0,1.0,0.0
101,12,1789460379.011178,100.0,1,0,1.5512820512820513,1.5464468864468865,-0.769,0.656,-0.1,-1.0,0.0,0.0
101,13,1789460379.021178,100.0,1,0,1.552087912087912,1.5456410256410256,-0.77,0.654,-0.099,-1.0,0.0,0.0
101,14,1789460379.031178,100.0,1,0,1.5528937728937728,1.5448351648351648,-0.772,0.651,-0.103,0.0,0.0,0.0
101,15,1789460379.041178,100.0,1,0,1.552087912087912,1.5448351648351648,-0.767,0.654,-0.102,0.0,0.0,0.0
101,16,1789460379.051178,100.0,1,0,1.5528937728937728,1.5448351648351648,-0.761,0.653,-0.104,0.0,0.0,0.0
101,17,1789460379.061177,100.0,1,0,1.552087912087912,1.5448351648351648,-0.76,0.655,-0.107,0.0,0.0,0.0
101,18,1789460379.071177,100.0,1,0,1.552087912087912,1.5448351648351648,-0.76,0.655,-0.104,0.0,0.0,0.0
101,19,1789460379.081177,100.0,1,0,1.5528937728937728,1.544029304029304,-0.762,0.654,-0.101,0.0,1.0,0.0
101,20,1789460379.091177,100.0,1,0,1.5528937728937728,1.544029304029304,-0.769,0.651,-0.102,0.0,0.0,0.0
101,21,1789460379.101177,100.0,1,0,1.5536996336996336,1.544029304029304,-0.775,0.646,-0.107,0.0,0.0,0.0
101,22,1789460379.111177,100.0,1,0,1.5528937728937728,1.544029304029304,-0.778,0.644,-0.106,0.0,0.0,0.0
101,23,1789460379.121177,100.0,1,0,1.552087912087912,1.544029304029304,-0.777,0.646,-0.098,0.0,0.0,0.0
101,24,1789460379.131177,100.0,1,0,1.5528937728937728,1.5432234432234433,-0.78,0.65,-0.096,0.0,0.0,0.0
101,25,1789460379.141177,100.0,1,0,1.5528937728937728,1.5432234432234433,-0.783,0.649,-0.097,0.0,-1.0,0.0
101,26,1789460379.151177,100.0,1,0,1.5528937728937728,1.5432234432234433,-0.776,0.655,-0.095,1.0,-1.0,1.0
101,27,1789460379.161177,100.0,1,0,1.552087912087912,1.5432234432234433,-0.763,0.662,-0.101,1.0,-1.0,1.0
101,28,1789460379.171177,100.0,1,0,1.5528937728937728,1.544029304029304,-0.754,0.663,-0.11,0.0,0.0,0.0
101,29,1789460379.181177,100.0,1,0,1.5536996336996336,1.5432234432234433,-0.752,0.66,-0.115,0.0,0.0,0.0
101,30,1789460379.191177,100.0,1,0,1.5528937728937728,1.5424175824175823,-0.757,0.659,-0.11,0.0,0.0,0.0
101,31,1789460379.201177,100.0,1,0,1.5528937728937728,1.5432234432234433,-0.757,0.659,-0.11,0.0,1.0,0.0
101,32,1789460379.211177,100.0,1,0,1.5536996336996336,1.5432234432234433,-0.762,0.657,-0.103,0.0,0.0,0.0
101,33,1789460379.221177,100.0,1,0,1.5528937728937728,1.5424175824175823,-0.773,0.652,-0.098,0.0,0.0,0.0
101,34,1789460379.231177,100.0,1,0,1.5528937728937728,1.544029304029304,-0.781,0.652,-0.098,0.0,0.0,0.0
101,35,1789460379.241177,100.0,1,0,1.5528937728937728,1.544029304029304,-0.775,0.651,-0.099,0.0,0.0,0.0
101,36,1789460379.251177,100.0,1,0,1.5528937728937728,1.544029304029304,-0.769,0.651,-0.101,0.0,0.0,0.0
101,37,1789460379.261178,100.0,1,0,1.552087912087912,1.544029304029304,-0.765,0.65,-0.106,0.0,0.0,0.0
101,38,1789460379.271178,100.0,1,0,1.552087912087912,1.544029304029304,-0.76,0.655,-0.11,0.0,0.0,0.0
101,39,1789460379.281178,100.0,1,0,1.552087912087912,1.5448351648351648,-0.76,0.659,-0.107,0.0,0.0,0.0
101,40,1789460379.291178,100.0,1,0,1.552087912087912,1.5432234432234433,-0.761,0.659,-0.103,0.0,0.0,0.0
101,41,1789460379.301178,100.0,1,0,1.552087912087912,1.544029304029304,-0.763,0.657,-0.103,0.0,0.0,0.0
101,42,1789460379.311177,100.0,1,0,1.552087912087912,1.544029304029304,-0.765,0.656,-0.103,0.0,0.0,0.0
101,43,1789460379.321177,100.0,1,0,1.552087912087912,1.544029304029304,-0.766,0.656,-0.101,0.0,0.0,0.0
101,44,1789460379.331177,100.0,1,0,1.5528937728937728,1.544029304029304,-0.769,0.649,-0.1,0.0,0.0,0.0
101,45,1789460379.341177,100.0,1,0,1.552087912087912,1.544029304029304,-0.771,0.648,-0.1,0.0,0.0,0.0
101,46,1789460379.351177,100.0,1,0,1.552087912087912,1.544029304029304,-0.77,0.648,-0.099,0.0,0.0,1.0
101,47,1789460379.361177,100.0,1,0,1.552087912087912,1.5432234432234433,-0.768,0.652,-0.103,1.0,0.0,1.0
101,48,1789460379.371177,100.0,1,0,1.5528937728937728,1.544029304029304,-0.767,0.652,-0.104,1.0,0.0,2.0
101,49,1789460379.381177,100.0,1,0,1.5528937728937728,1.5432234432234433,-0.762,0.656,-0.103,1.0,0.0,1.0
101,50,1789460379.391177,100.0,1,0,1.552087912087912,1.5432234432234433,-0.757,0.66,-0.104,0.0,0.0,1.0
101,51,1789460379.401177,100.0,1,0,1.5536996336996336,1.544029304029304,-0.755,0.664,-0.105,0.0,0.0,0.0
101,52,1789460379.411177,100.0,1,0,1.5528937728937728,1.544029304029304,-0.76,0.664,-0.102,0.0,0.0,0.0
101,53,1789460379.421177,100.0,1,0,1.5536996336996336,1.5432234432234433,-0.764,0.663,-0.101,0.0,0.0,0.0
101,54,1789460379.431177,100.0,1,0,1.5536996336996336,1.5424175824175823,-0.77,0.659,-0.101,0.0,0.0,0.0
101,55,1789460379.441177,100.0,1,0,1.5536996336996336,1.5432234432234433,-0.772,0.656,-0.104,0.0,0.0,0.0
101,56,1789460379.451177,100.0,1,0,1.5528937728937728,1.544029304029304,-0.77,0.657,-0.105,0.0,0.0,0.0
101,57,1789460379.461177,100.0,1,0,1.5536996336996336,1.5432234432234433,-0.768,0.66,-0.106,0.0,0.0,0.0
101,58,1789460379.471177,100.0,1,0,1.5528937728937728,1.544029304029304,-0.763,0.663,-0.106,0.0,0.0,0.0
101,59,1789460379.481177,100.0,1,0,1.5545054945054946,1.5432234432234433,-0.761,0.666,-0.104,0.0,0.0,0.0
101,60,1789460379.491177,100.0,1,0,1.5536996336996336,1.544029304029304,-0.76,0.665,-0.104,0.0,0.0,0.0
101,61,1789460379.501177,100.0,1,0,1.5528937728937728,1.544029304029304,-0.761,0.665,-0.102,0.0,0.0,0.0
101,62,1789460379.511178,100.0,1,0,1.5528937728937728,1.544029304029304,-0.764,0.662,-0.102,0.0,0.0,-1.0
101,63,1789460379.521178,100.0,1,0,1.5528937728937728,1.5448351648351648,-0.767,0.662,-0.099,0.0,0.0,0.0
101,64,1789460379.531178,100.0,1,0,1.5528937728937728,1.5448351648351648,-0.766,0.659,-0.098,0.0,0.0,0.0
101,65,1789460379.541178,100.0,1,0,1.5528937728937728,1.5448351648351648,-0.766,0.654,-0.101,0.0,0.0,0.0
101,66,1789460379.551178,100.0,1,0,1.552087912087912,1.5456410256410256,-0.764,0.648,-0.106,0.0,0.0,0.0
101,67,1789460379.561177,100.0,1,0,1.552087912087912,1.5456410256410256,-0.759,0.642,-0.106,0.0,0.0,0.0
101,68,1789460379.571177,100.0,1,0,1.552087912087912,1.5456410256410256,-0.761,0.64,-0.099,0.0,0.0,0.0
101,69,1789460379.581177,100.0,1,0,1.5488644688644688,1.5448351648351648,-0.767,0.641,-0.098,0.0,0.0,0.0
101,70,1789460379.591177,100.0,1,0,1.5488644688644688,1.5448351648351648,-0.777,0.648,-0.098,0.0,0.0,0.0
101,71,1789460379.601177,100.0,1,0,1.5504761904761906,1.5456410256410256,-0.779,0.655,-0.097,0.0,0.0,1.0
101,72,1789460379.611177,100.0,1,0,1.5512820512820513,1.5456410256410256,-0.769,0.66,-0.098,1.0,0.0,2.0
101,73,1789460379.621177,100.0,1,0,1.5512820512820513,1.5456410256410256,-0.758,0.662,-0.105,1.0,0.0,2.0
101,74,1789460379.631177,100.0,1,0,1.5504761904761906,1.5456410256410256,-0.748,0.665,-0.112,0.0,0.0,1.0
101,75,1789460379.641177,100.0,1,0,1.552087912087912,1.544029304029304,-0.747,0.666,-0.112,0.0,0.0,0.0
101,76,1789460379.651177,100.0,1,0,1.5512820512820513,1.5448351648351648,-0.756,0.665,-0.108,-1.0,1.0,0.0
101,77,1789460379.661177,100.0,1,0,1.552087912087912,1.5448351648351648,-0.767,0.663,-0.104,-1.0,1.0,0.0
101,78,1789460379.671177,100.0,1,0,1.552087912087912,1.544029304029304,-0.771,0.66,-0.098,-1.0,1.0,0.0
101,79,1789460379.681177,100.0,1,0,1.5528937728937728,1.544029304029304,-0.773,0.662,-0.099,0.0,0.0,0.0
101,80,1789460379.691177,100.0,1,0,1.552087912087912,1.5448351648351648,-0.77,0.663,-0.103,0.0,0.0,0.0
101,81,1789460379.701177,100.0,1,0,1.552087912087912,1.544029304029304,-0.763,0.666,-0.105,0.0,0.0,0.0
101,82,1789460379.711177,100.0,1,0,1.5528937728937728,1.544029304029304,-0.755,0.666,-0.107,0.0,0.0,0.0
101,83,1789460379.721177,100.0,1,0,1.5528937728937728,1.544029304029304,-0.752,0.667,-0.106,0.0,0.0,0.0
101,84,1789460379.731177,100.0,1,0,1.5528937728937728,1.544029304029304,-0.757,0.664,-0.106,-1.0,0.0,-1.0
101,85,1789460379.741177,100.0,1,0,1.5528937728937728,1.544029304029304,-0.762,0.659,-0.106,-1.0,0.0,-1.0
101,86,1789460379.751177,100.0,1,0,1.552087912087912,1.544029304029304,-0.768,0.655,-0.102,-1.0,0.0,-1.0
101,87,1789460379.761178,100.0,1,0,1.552087912087912,1.544029304029304,-0.771,0.653,-0.098,0.0,0.0,0.0
101,88,1789460379.771178,100.0,1,0,1.552087912087912,1.5448351648351648,-0.77,0.649,-0.097,0.0,0.0,0.0
101,89,1789460379.781178,100.0,1,0,1.5528937728937728,1.544029304029304,-0.766,0.649,-0.105,0.0,0.0,0.0
101,90,1789460379.791178,100.0,1,0,1.5528937728937728,1.5448351648351648,-0.762,0.651,-0.111,0.0,0.0,0.0
101,91,1789460379.801178,100.0,1,0,1.5528937728937728,1.544029304029304,-0.759,0.654,-0.105,0.0,0.0,0.0
101,92,1789460379.811177,100.0,1,0,1.5528937728937728,1.5432234432234433,-0.761,0.652,-0.102,0.0,0.0,0.0
101,93,1789460379.821177,100.0,1,0,1.552087912087912,1.5448351648351648,-0.77,0.655,-0.104,0.0,0.0,0.0
101,94,1789460379.831177,100.0,1,0,1.552087912087912,1.5448351648351648,-0.777,0.653,-0.096,0.0,0.0,0.0
101,95,1789460379.841177,100.0,1,0,1.552087912087912,1.544029304029304,-0.775,0.655,-0.092,0.0,0.0,0.0
101,96,1789460379.851177,100.0,1,0,1.552087912087912,1.5456410256410256,-0.77,0.653,-0.101,0.0,0.0,0.0
101,97,1789460379.861177,100.0,1,0,1.5528937728937728,1.5448351648351648,-0.761,0.653,-0.109,0.0,0.0,1.0
101,98,1789460379.871177,100.0,1,0,1.5528937728937728,1.544029304029304,-0.755,0.654,-0.108,0.0,0.0,0.0
101,99,1789460379.881177,100.0,1,0,1.552087912087912,1.5456410256410256,-0.757,0.653,-0.105,0.0,0.0,0.0
102,0,1789460379.853483,100.0,1,0,1.552087912087912,1.544029304029304,-0.767,0.656,-0.102,0.0,0.0,0.0
102,1,1789460379.863483,100.0,1,0,1.552087912087912,1.5456410256410256,-0.775,0.662,-0.101,0.0,0.0,0.0
102,2,1789460379.873483,100.0,1,0,1.552087912087912,1.5448351648351648,-0.778,0.663,-0.099,1.0,0.0,0.0
102,3,1789460379.883483,100.0,1,0,1.552087912087912,1.5456410256410256,-0.771,0.665,-0.101,1.0,-1.0,0.0
102,4,1789460379.893483,100.0,1,0,1.552087912087912,1.5456410256410256,-0.761,0.664,-0.104,0.0,-1.0,0.0
102,5,1789460379.903483,100.0,1,0,1.5512820512820513,1.5448351648351648,-0.761,0.664,-0.104,0.0,0.0,0.0
102,6,1789460379.913483,100.0,1,0,1.5528937728937728,1.5464468864468865,-0.751,0.663,-0.105,0.0,0.0,0.0
102,7,1789460379.923483,100.0,1,0,1.552087912087912,1.5456410256410256,-0.75,0.659,-0.108,0.0,0.0,-1.0
102,8,1789460379.933483,100.0,1,0,1.5512820512820513,1.5464468864468865,-0.757,0.656,-0.107,0.0,0.0,-1.0
102,9,1789460379.943483,100.0,1,0,1.552087912087912,1.5456410256410256,-0.77,0.654,-0.102,0.0,0.0,-1.0
102,10,1789460379.953483,100.0,1,0,1.552087912087912,1.5448351648351648,-0.779,0.65,-0.101,0.0,0.0,0.0
102,11,1789460379.963483,100.0,1,0,1.5504761904761906,1.5456410256410256,-0.779,0.652,-0.099,0.0,0.0,0.0
102,12,1789460379.973484,100.0,1,0,1.552087912087912,1.5456410256410256,-0.78,0.654,-0.101,0.0,-1.0,1.0
102,13,1789460379.983484,100.0,1,0,1.5488644688644688,1.5456410256410256,-0.768,0.655,-0.104,0.0,-1.0,1.0
102,14,1789460379.993484,100.0,1,0,1.548058608058608,1.5472527472527473,-0.751,0.656,-0.105,0.0,0.0,0.0
102,15,1789460380.003484,100.0,1,0,1.5472527472527473,1.5464468864468865,-0.746,0.656,-0.108,0.0,0.0,0.0
102,16,1789460380.013484,100.0,1,0,1.5472527472527473,1.5456410256410256,-0.75,0.659,-0.11,0.0,0.0,0.0
102,17,1789460380.023484,100.0,1,0,1.548058608058608,1.5464468864468865,-0.758,0.66,-0.105,0.0,1.0,0.0
102,18,1789460380.033484,100.0,1,0,1.5464468864468865,1.5472527472527473,-0.766,0.658,-0.102,0.0,0.0,0.0
102,19,1789460380.043483,100.0,1,0,1.5464468864468865,1.5472527472527473,-0.772,0.656,-0.1,0.0,0.0,0.0
102,20,1789460380.053483,100.0,1,0,1.5464468864468865,1.5464468864468865,-0.775,0.654,-0.101,0.0,0.0,0.0
102,21,1789460380.063483,100.0,1,0,1.5456410256410256,1.5496703296703296,-0.773,0.65,-0.101,0.0,0.0,0.0
102,22,1789460380.073483,100.0,1,0,1.5448351648351648,1.5496703296703296,-0.769,0.651,-0.102,0.0,0.0,0.0
102,23,1789460380.083483,100.0,1,0,1.5456410256410256,1.5504761904761906,-0.764,0.658,-0.101,0.0,0.0,0.0
102,24,1789460380.093483,100.0,1,0,1.5448351648351648,1.5528937728937728,-0.76,0.664,-0.104,0.0,0.0,0.0
102,25,1789460380.103483,100.0,1,0,1.5456410256410256,1.5512820512820513,-0.76,0.666,-0.106,0.0,0.0,0.0
102,26,1789460380.113483,100.0,1,0,1.5448351648351648,1.5528937728937728,-0.761,0.667,-0.106,0.0,0.0,0.0
102,27,1789460380.123483,100.0,1,0,1.544029304029304,1.552087912087912,-0.758,0.666,-0.105,0.0,0.0,0.0
102,28,1789460380.133483,100.0,1,0,1.5456410256410256,1.552087912087912,-0.76,0.664,-0.104,-1.0,0.0,0.0
102,29,1789460380.143483,100.0,1,0,1.5456410256410256,1.5504761904761906,-0.763,0.66,-0.101,0.0,0.0,-1.0
102,30,1789460380.153483,100.0,1,0,1.5448351648351648,1.552087912087912,-0.77,0.656,-0.101,0.0,0.0,-1.0
102,31,1789460380.163483,100.0,1,0,1.5448351648351648,1.5528937728937728,-0.775,0.657,-0.102,0.0,0.0,0.0
102,32,1789460380.173483,100.0,1,0,1.5448351648351648,1.552087912087912,-0.774,0.654,-0.097,0.0,0.0,0.0
102,33,1789460380.183483,100.0,1,0,1.544029304029304,1.5528937728937728,-0.772,0.653,-0.099,0.0,0.0,0.0
102,34,1789460380.193483,100.0,1,0,1.5448351648351648,1.5512820512820513,-0.768,0.654,-0.109,0.0,0.0,0.0
102,35,1789460380.203483,100.0,1,0,1.544029304029304,1.5528937728937728,-0.761,0.649,-0.113,0.0,0.0,0.0
102,36,1789460380.213483,100.0,1,0,1.544029304029304,1.5528937728937728,-0.75,0.651,-0.107,-1.0,0.0,-1.0
102,37,1789460380.223484,100.0,1,0,1.544029304029304,1.5528937728937728,-0.751,0.653,-0.097,0.0,1.0,-1.0
102,38,1789460380.233484,100.0,1,0,1.5432234432234433,1.5528937728937728,-0.765,0.651,-0.096,0.0,1.0,-1.0
102,39,1789460380.243484,100.0,1,0,1.5432234432234433,1.5528937728937728,-0.782,0.649,-0.1,0.0,0.0,0.0
102,40,1789460380.253484,100.0,1,0,1.5432234432234433,1.5536996336996336,-0.789,0.649,-0.097,0.0,0.0,1.0
102,41,1789460380.263484,100.0,1,0,1.544029304029304,1.5528937728937728,-0.783,0.651,-0.095,1.0,-1.0,1.0
102,42,1789460380.273484,100.0,1,0,1.544029304029304,1.5528937728937728,-0.771,0.655,-0.104,1.0,-1.0,2.0
102,43,1789460380.283484,100.0,1,0,1.544029304029304,1.5528937728937728,-0.757,0.662,-0.111,0.0,-1.0,1.0
102,44,1789460380.293483,100.0,1,0,1.5448351648351648,1.5528937728937728,-0.75,0.667,-0.112,0.0,0.0,0.0
102,45,1789460380.303483,100.0,1,0,1.5448351648351648,1.5528937728937728,-0.749,0.668,-0.11,0.0,0.0,0.0
102,46,1789460380.313483,100.0,1,0,1.5456410256410256,1.5528937728937728,-0.755,0.669,-0.106,-1.0,0.0,-1.0
102,47,1789460380.323483,100.0,1,0,1.544029304029304,1.552087912087912,-0.76,0.668,-0.103,-1.0,0.0,-1.0
102,48,1789460380.333483,100.0,1,0,1.544029304029304,1.5528937728937728,-0.763,0.663,-0.098,-1.0,0.0,-1.0
102,49,1789460380.343483,100.0,1,0,1.5448351648351648,1.552087912087912,-0.767,0.658,-0.098,0.0,0.0,-1.0
102,50,1789460380.353483,100.0,1,0,1.5448351648351648,1.5528937728937728,-0.771,0.655,-0.104,0.0,0.0,0.0
102,51,1789460380.363483,100.0,1,0,1.5448351648351648,1.5528937728937728,-0.77,0.654,-0.104,0.0,0.0,0.0
102,52,1789460380.373483,100.0,1,0,1.5448351648351648,1.5528937728937728,-0.766,0.654,-0.103,0.0,0.0,0.0
102,53,1789460380.383483,100.0,1,0,1.544029304029304,1.5528937728937728,-0.762,0.653,-0.106,0.0,0.0,0.0
102,54,1789460380.393483,100.0,1,0,1.5448351648351648,1.5528937728937728,-0.766,0.654,-0.11,0.0,0.0,0.0
102,55,1789460380.403483,100.0,1,0,1.5424175824175823,1.5528937728937728,-0.765,0.656,-0.105,0.0,0.0,0.0
102,56,1789460380.413483,100.0,1,0,1.544029304029304,1.5528937728937728,-0.768,0.655,-0.099,0.0,0.0,0.0
102,57,1789460380.423483,100.0,1,0,1.544029304029304,1.5528937728937728,-0.771,0.651,-0.097,0.0,0.0,0.0
102,58,1789460380.433483,100.0,1,0,1.5432234432234433,1.5528937728937728,-0.772,0.65,-0.101,0.0,0.0,0.0
102,59,1789460380.443483,100.0,1,0,1.544029304029304,1.5528937728937728,-0.77,0.646,-0.104,0.0,0.0,0.0
102,60,1789460380.453483,100.0,1,0,1.5432234432234433,1.5528937728937728,-0.767,0.647,-0.102,0.0,0.0,0.0
102,61,1789460380.463483,100.0,1,0,1.5432234432234433,1.5536996336996336,-0.766,0.651,-0.101,0.0,0.0,0.0
102,62,1789460380.473484,100.0,1,0,1.544029304029304,1.5528937728937728,-0.77,0.65,-0.102,0.0,0.0,0.0
102,63,1789460380.483484,100.0,1,0,1.5432234432234433,1.5536996336996336,-0.771,0.653,-0.097,0.0,0.0,0.0
102,64,1789460380.493484,100.0,1,0,1.5424175824175823,1.5536996336996336,-0.768,0.655,-0.098,0.0,0.0,0.0
102,65,1789460380.503484,100.0,1,0,1.5432234432234433,1.5545054945054946,-0.768,0.655,-0.101,0.0,-1.0,0.0
102,66,1789460380.513484,100.0,1,0,1.544029304029304,1.5536996336996336,-0.77,0.657,-0.105,0.0,0.0,0.0
102,67,1789460380.523484,100.0,1,0,1.5424175824175823,1.5545054945054946,-0.77,0.658,-0.104,0.0,0.0,0.0
102,68,1789460380.533484,100.0,1,0,1.5432234432234433,1.5536996336996336,-0.769,0.662,-0.102,0.0,0.0,0.0
102,69,1789460380.543483,100.0,1,0,1.5432234432234433,1.5536996336996336,-0.765,0.66,-0.103,0.0,0.0,0.0
102,70,1789460380.553483,100.0,1,0,1.5432234432234433,1.5545054945054946,-0.762,0.657,-0.099,0.0,0.0,0.0
102,71,1789460380.563483,100.0,1,0,1.5432234432234433,1.5545054945054946,-0.765,0.652,-0.099,0.0,0.0,0.0
102,72,1789460380.573483,100.0,1,0,1.5432234432234433,1.5545054945054946,-0.767,0.648,-0.1,0.0,0.0,0.0
102,73,1789460380.583483,100.0,1,0,1.5424175824175823,1.5545054945054946,-0.77,0.648,-0.099,0.0,0.0,0.0
102,74,1789460380.593483,100.0,1,0,1.5424175824175823,1.5545054945054946,-0.772,0.648,-0.1,0.0,0.0,0.0
102,75,1789460380.603483,100.0,1,0,1.5424175824175823,1.5553113553113553,-0.77,0.65,-0.102,0.0,0.0,0.0
102,76,1789460380.613483,100.0,1,0,1.5424175824175823,1.5553113553113553,-0.77,0.65,-0.102,0.0,-1.0,0.0
102,77,1789460380.623483,100.0,1,0,1.5424175824175823,1.5545054945054946,-0.767,0.655,-0.1,0.0,0.0,0.0
102,78,1789460380.633483,100.0,1,0,1.5432234432234433,1.5545054945054946,-0.763,0.658,-0.1,0.0,0.0,0.0
102,79,1789460380.643483,100.0,1,0,1.5424175824175823,1.5553113553113553,-0.764,0.658,-0.1,0.0,0.0,0.0
102,80,1789460380.653483,100.0,1,0,1.5432234432234433,1.5553113553113553,-0.764,0.663,-0.101,0.0,0.0,0.0
102,81,1789460380.663483,100.0,1,0,1.5416117216117216,1.5553113553113553,-0.761,0.658,-0.102,0.0,0.0,0.0
102,82,1789460380.673483,100.0,1,0,1.5416117216117216,1.5553113553113553,-0.762,0.655,-0.103,0.0,0.0,0.0
102,83,1789460380.683483,100.0,1,0,1.5416117216117216,1.556117216117216,-0.767,0.649,-0.101,0.0,0.0,0.0
102,84,1789460380.693483,100.0,1,0,1.5424175824175823,1.556117216117216,-0.771,0.649,-0.097,0.0,0.0,0.0
102,85,1789460380.703483,100.0,1,0,1.5416117216117216,1.556117216117216,-0.778,0.65,-0.099,0.0,0.0,0.0
102,86,1789460380.713483,100.0,1,0,1.5424175824175823,1.5545054945054946,-0.772,0.653,-0.097,0.0,0.0,1.0
102,87,1789460380.723484,100.0,1,0,1.5424175824175823,1.5569230769230769,-0.762,0.657,-0.099,0.0,0.0,0.0
102,88,1789460380.733484,100.0,1,0,1.5432234432234433,1.5553113553113553,-0.755,0.661,-0.105,0.0,0.0,0.0
102,89,1789460380.743484,100.0,1,0,1.5416117216117216,1.5553113553113553,-0.757,0.662,-0.105,0.0,0.0,0.0
102,90,1789460380.753484,100.0,1,0,1.5408058608058608,1.5553113553113553,-0.761,0.662,-0.103,0.0,0.0,0.0
102,91,1789460380.763484,100.0,1,0,1.5424175824175823,1.5553113553113553,-0.766,0.66,-0.1,0.0,0.0,0.0
102,92,1789460380.773484,100.0,1,0,1.5424175824175823,1.5545054945054946,-0.769,0.656,-0.098,0.0,0.0,0.0
102,93,1789460380.783484,100.0,1,0,1.5416117216117216,1.5553113553113553,-0.773,0.652,-0.1,0.0,0.0,0.0
102,94,1789460380.793483,100.0,1,0,1.5424175824175823,1.5545054945054946,-0.775,0.651,-0.099,0.0,0.0,0.0
102,95,1789460380.803483,100.0,1,0,1.5416117216117216,1.5545054945054946,-0.773,0.651,-0.096,0.0,0.0,0.0
102,96,1789460380.813483,100.0,1,0,1.5416117216117216,1.5553113553113553,-0.768,0.651,-0.101,0.0,0.0,0.0
102,97,1789460380.823483,100.0,1,0,1.5424175824175823,1.5536996336996336,-0.765,0.654,-0.104,0.0,0.0,0.0
102,98,1789460380.833483,100.0,1,0,1.5424175824175823,1.5553113553113553,-0.763,0.656,-0.099,0.0,0.0,0.0
102,99,1789460380.843483,100.0,1,0,1.5424175824175823,1.5536996336996336,-0.759,0.655,-0.1,0.0,0.0,0.0
103,0,1789460380.873726,100.0,1,0,1.5416117216117216,1.5545054945054946,-0.762,0.654,-0.103,0.0,0.0,0.0
103,1,1789460380.883726,100.0,1,0,1.5424175824175823,1.5545054945054946,-0.766,0.652,-0.1,0.0,0.0,0.0
103,2,1789460380.893726,100.0,1,0,1.5416117216117216,1.5553113553113553,-0.771,0.648,-0.093,0.0,0.0,0.0
103,3,1789460380.903726,100.0,1,0,1.5416117216117216,1.5545054945054946,-0.776,0.648,-0.094,0.0,0.0,0.0
103,4,1789460380.913726,100.0,1,0,1.5424175824175823,1.5545054945054946,-0.777,0.652,-0.1,0.0,0.0,0.0
103,5,1789460380.923726,100.0,1,0,1.5424175824175823,1.5536996336996336,-0.774,0.656,-0.102,0.0,0.0,0.0
103,6,1789460380.933726,100.0,1,0,1.5424175824175823,1.5553113553113553,-0.769,0.659,-0.1,0.0,0.0,0.0
103,7,1789460380.943726,100.0,1,0,1.5424175824175823,1.5545054945054946,-0.763,0.662,-0.101,0.0,0.0,0.0
103,8,1789460380.953726,100.0,1,0,1.5424175824175823,1.5545054945054946,-0.758,0.659,-0.105,0.0,0.0,0.0
103,9,1789460380.963726,100.0,1,0,1.5424175824175823,1.5536996336996336,-0.759,0.658,-0.105,0.0,0.0,0.0
103,10,1789460380.973726,100.0,1,0,1.544029304029304,1.5545054945054946,-0.759,0.659,-0.105,0.0,0.0,0.0
103,11,1789460380.983726,100.0,1,0,1.5432234432234433,1.5528937728937728,-0.763,0.657,-0.102,0.0,0.0,0.0
103,12,1789460380.993726,100.0,1,0,1.5432234432234433,1.5536996336996336,-0.763,0.656,-0.103,0.0,0.0,0.0
103,13,1789460381.003726,100.0,1,0,1.5424175824175823,1.5536996336996336,-0.766,0.66,-0.103,0.0,0.0,0.0
103,14,1789460381.013726,100.0,1,0,1.544029304029304,1.5528937728937728,-0.766,0.662,-0.103,0.0,0.0,0.0
103,15,1789460381.023726,100.0,1,0,1.5432234432234433,1.5536996336996336,-0.766,0.661,-0.101,0.0,0.0,0.0
103,16,1789460381.033726,100.0,1,0,1.544029304029304,1.5528937728937728,-0.766,0.661,-0.099,0.0,0.0,0.0
103,17,1789460381.043726,100.0,1,0,1.5448351648351648,1.5528937728937728,-0.766,0.66,-0.1,-1.0,0.0,0.0
103,18,1789460381.053726,100.0,1,0,1.5456410256410256,1.5536996336996336,-0.764,0.657,-0.104,-1.0,0.0,0.0
103,19,1789460381.063726,100.0,1,0,1.544029304029304,1.552087912087912,-0.768,0.652,-0.102,-1.0,0.0,0.0
103,20,1789460381.073726,100.0,1,0,1.544029304029304,1.5528937728937728,-0.769,0.651,-0.101,-1.0,0.0,0.0
103,21,1789460381.083726,100.0,1,0,1.5456410256410256,1.552087912087912,-0.768,0.652,-0.101,0.0,0.0,0.0
103,22,1789460381.093726,100.0,1,0,1.5448351648351648,1.552087912087912,-0.769,0.651,-0.099,0.0,0.0,0.0
103,23,1789460381.103726,100.0,1,0,1.5448351648351648,1.552087912087912,-0.772,0.651,-0.098,0.0,0.0,0.0
103,24,1789460381.113726,100.0,1,0,1.5456410256410256,1.5512820512820513,-0.775,0.651,-0.102,0.0,0.0,0.0
103,25,1789460381.123726,100.0,1,0,1.5456410256410256,1.5512820512820513,-0.774,0.651,-0.103,0.0,0.0,0.0
103,26,1789460381.133726,100.0,1,0,1.5448351648351648,1.5512820512820513,-0.77,0.653,-0.094,0.0,0.0,0.0
103,27,1789460381.143726,100.0,1,0,1.5456410256410256,1.552087912087912,-0.768,0.652,-0.097,0.0,0.0,0.0
103,28,1789460381.153726,100.0,1,0,1.5456410256410256,1.552087912087912,-0.771,0.65,-0.099,0.0,0.0,0.0
103,29,1789460381.163726,100.0,1,0,1.5464468864468865,1.5512820512820513,-0.77,0.653,-0.093,0.0,0.0,0.0
103,30,1789460381.173726,100.0,1,0,1.5456410256410256,1.5512820512820513,-0.765,0.652,-0.098,0.0,0.0,0.0
103,31,1789460381.183726,100.0,1,0,1.5456410256410256,1.5512820512820513,-0.763,0.651,-0.104,0.0,0.0,0.0
103,32,1789460381.193726,100.0,1,0,1.5456410256410256,1.5512820512820513,-0.769,0.651,-0.107,0.0,0.0,0.0
103,33,1789460381.203726,100.0,1,0,1.5464468864468865,1.5488644688644688,-0.774,0.652,-0.106,0.0,0.0,0.0
103,34,1789460381.213726,100.0,1,0,1.5464468864468865,1.548058608058608,-0.774,0.654,-0.101,0.0,0.0,0.0
103,35,1789460381.223726,100.0,1,0,1.5464468864468865,1.5472527472527473,-0.77,0.656,-0.099,0.0,0.0,0.0
103,36,1789460381.233726,100.0,1,0,1.5504761904761906,1.5464468864468865,-0.763,0.657,-0.097,1.0,0.0,0.0
103,37,1789460381.243726,100.0,1,0,1.5504761904761906,1.5464468864468865,-0.763,0.657,-0.101,0.0,0.0,0.0
103,38,1789460381.253726,100.0,1,0,1.5472527472527473,1.548058608058608,-0.761,0.66,-0.104,0.0,0.0,0.0
103,39,1789460381.263726,100.0,1,0,1.548058608058608,1.5496703296703296,-0.762,0.661,-0.101,0.0,0.0,0.0
103,40,1789460381.273726,100.0,1,0,1.5488644688644688,1.5472527472527473,-0.765,0.658,-0.101,0.0,0.0,0.0
103,41,1789460381.283726,100.0,1,0,1.5464468864468865,1.5496703296703296,-0.768,0.656,-0.1,0.0,0.0,0.0
103,42,1789460381.293726,100.0,1,0,1.5472527472527473,1.548058608058608,-0.77,0.653,-0.099,0.0,0.0,0.0
103,43,1789460381.303726,100.0,1,0,1.5464468864468865,1.5464468864468865,-0.773,0.648,-0.101,0.0,0.0,0.0
103,44,1789460381.313726,100.0,1,0,1.5488644688644688,1.5472527472527473,-0.77,0.647,-0.102,0.0,0.0,0.0
103,45,1789460381.323726,100.0,1,0,1.5488644688644688,1.5464468864468865,-0.767,0.649,-0.101,0.0,0.0,0.0
103,46,1789460381.333726,100.0,1,0,1.5472527472527473,1.5488644688644688,-0.767,0.651,-0.103,0.0,0.0,0.0
103,47,1789460381.343726,100.0,1,0,1.548058608058608,1.5464468864468865,-0.764,0.653,-0.103,0.0,0.0,0.0
103,48,1789460381.353726,100.0,1,0,1.5472527472527473,1.5456410256410256,-0.765,0.656,-0.101,0.0,0.0,0.0
103,49,1789460381.363726,100.0,1,0,1.5496703296703296,1.5456410256410256,-0.765,0.656,-0.101,0.0,0.0,1.0
103,50,1789460381.373726,100.0,1,0,1.548058608058608,1.5448351648351648,-0.765,0.656,-0.101,0.0,0.0,1.0
103,51,1789460381.383726,100.0,1,0,1.5488644688644688,1.5456410256410256,-0.764,0.656,-0.101,0.0,0.0,1.0
103,52,1789460381.393726,100.0,1,0,1.5488644688644688,1.5456410256410256,-0.761,0.658,-0.102,0.0,0.0,1.0
103,53,1789460381.403726,100.0,1,0,1.5496703296703296,1.5456410256410256,-0.76,0.658,-0.102,0.0,0.0,0.0
103,54,1789460381.413726,100.0,1,0,1.5512820512820513,1.5456410256410256,-0.765,0.659,-0.102,0.0,0.0,0.0
103,55,1789460381.423726,100.0,1,0,1.5512820512820513,1.5456410256410256,-0.768,0.662,-0.1,0.0,0.0,0.0
103,56,1789460381.433726,100.0,1,0,1.552087912087912,1.5456410256410256,-0.767,0.666,-0.101,0.0,0.0,0.0
103,57,1789460381.443726,100.0,1,0,1.552087912087912,1.5448351648351648,-0.763,0.664,-0.1,0.0,0.0,0.0
103,58,1789460381.453726,100.0,1,0,1.552087912087912,1.5456410256410256,-0.76,0.662,-0.102,0.0,0.0,0.0
103,59,1789460381.463726,100.0,1,0,1.552087912087912,1.5456410256410256,-0.759,0.66,-0.104,0.0,0.0,0.0
103,60,1789460381.473726,100.0,1,0,1.552087912087912,1.5448351648351648,-0.764,0.657,-0.108,-1.0,0.0,0.0
103,61,1789460381.483726,100.0,1,0,1.5512820512820513,1.5456410256410256,-0.771,0.658,-0.102,-1.0,0.0,0.0
103,62,1789460381.493726,100.0,1,0,1.5488644688644688,1.5456410256410256,-0.776,0.658,-0.097,0.0,0.0,0.0
103,63,1789460381.503726,100.0,1,0,1.5496703296703296,1.5456410256410256,-0.771,0.653,-0.095,0.0,0.0,0.0
103,64,1789460381.513726,100.0,1,0,1.552087912087912,1.5448351648351648,-0.766,0.65,-0.1,0.0,0.0,0.0
103,65,1789460381.523726,100.0,1,0,1.5488644688644688,1.5456410256410256,-0.765,0.65,-0.102,0.0,0.0,0.0
103,66,1789460381.533726,100.0,1,0,1.5496703296703296,1.5464468864468865,-0.76,0.652,-0.101,0.0,0.0,0.0
103,67,1789460381.543726,100.0,1,0,1.5512820512820513,1.5472527472527473,-0.758,0.654,-0.1,0.0,0.0,0.0
103,68,1789460381.553726,100.0,1,0,1.5504761904761906,1.5472527472527473,-0.76,0.653,-0.1,0.0,0.0,0.0
103,69,1789460381.563726,100.0,1,0,1.5464468864468865,1.5464468864468865,-0.763,0.656,-0.097,0.0,0.0,0.0
103,70,1789460381.573726,100.0,1,0,1.5472527472527473,1.5456410256410256,-0.771,0.658,-0.097,0.0,1.0,0.0
103,71,1789460381.583726,100.0,1,0,1.5472527472527473,1.5464468864468865,-0.776,0.658,-0.098,0.0,0.0,0.0
103,72,1789460381.593726,100.0,1,0,1.5488644688644688,1.5464468864468865,-0.771,0.656,-0.094,0.0,0.0,0.0
103,73,1789460381.603726,100.0,1,0,1.5488644688644688,1.5456410256410256,-0.766,0.652,-0.1,0.0,0.0,0.0
103,74,1789460381.613726,100.0,1,0,1.5512820512820513,1.5456410256410256,-0.76,0.653,-0.107,0.0,0.0,0.0
103,75,1789460381.623726,100.0,1,0,1.5512820512820513,1.5448351648351648,-0.758,0.651,-0.108,0.0,0.0,0.0
103,76,1789460381.633726,100.0,1,0,1.5512820512820513,1.5448351648351648,-0.764,0.654,-0.106,0.0,0.0,0.0
103,77,1789460381.643726,100.0,1,0,1.552087912087912,1.544029304029304,-0.77,0.657,-0.102,0.0,0.0,1.0
103,78,1789460381.653726,100.0,1,0,1.5504761904761906,1.5456410256410256,-0.767,0.662,-0.099,1.0,0.0,1.0
103,79,1789460381.663726,100.0,1,0,1.5512820512820513,1.5448351648351648,-0.761,0.668,-0.102,0.0,0.0,1.0
103,80,1789460381.673726,100.0,1,0,1.552087912087912,1.5448351648351648,-0.755,0.673,-0.104,0.0,0.0,0.0
103,81,1789460381.683726,100.0,1,0,1.5528937728937728,1.544029304029304,-0.751,0.674,-0.105,0.0,0.0,0.0
103,82,1789460381.693726,100.0,1,0,1.5528937728937728,1.544029304029304,-0.75,0.672,-0.104,0.0,1.0,-1.0
103,83,1789460381.703726,100.0,1,0,1.552087912087912,1.5432234432234433,-0.759,0.665,-0.104,-1.0,1.0,-1.0
103,84,1789460381.713726,100.0,1,0,1.5528937728937728,1.5432234432234433,-0.767,0.657,-0.107,-1.0,1.0,-1.0
103,85,1789460381.723726,100.0,1,0,1.5536996336996336,1.5432234432234433,-0.771,0.651,-0.101,-1.0,0.0,-1.0
103,86,1789460381.733726,100.0,1,0,1.5536996336996336,1.5424175824175823,-0.778,0.649,-0.102,0.0,0.0,-1.0
103,87,1789460381.743726,100.0,1,0,1.5528937728937728,1.5424175824175823,-0.784,0.648,-0.102,0.0,0.0,0.0
103,88,1789460381.753726,100.0,1,0,1.5528937728937728,1.5424175824175823,-0.779,0.65,-0.1,0.0,0.0,0.0
103,89,1789460381.763726,100.0,1,0,1.5536996336996336,1.5424175824175823,-0.769,0.652,-0.101,0.0,-1.0,0.0
103,90,1789460381.773726,100.0,1,0,1.5536996336996336,1.5416117216117216,-0.76,0.656,-0.107,0.0,-1.0,0.0
103,91,1789460381.783726,100.0,1,0,1.5528937728937728,1.5424175824175823,-0.752,0.659,-0.106,0.0,0.0,0.0
103,92,1789460381.793726,100.0,1,0,1.5528937728937728,1.5424175824175823,-0.754,0.663,-0.104,0.0,0.0,0.0
103,93,1789460381.803726,100.0,1,0,1.5528937728937728,1.5424175824175823,-0.762,0.665,-0.105,0.0,0.0,0.0
103,94,1789460381.813726,100.0,1,0,1.552087912087912,1.5424175824175823,-0.766,0.664,-0.096,-1.0,0.0,0.0
103,95,1789460381.823726,100.0,1,0,1.5528937728937728,1.5424175824175823,-0.766,0.658,-0.093,-1.0,0.0,0.0
103,96,1789460381.833726,100.0,1,0,1.552087912087912,1.5432234432234433,-0.771,0.655,-0.096,-1.0,0.0,0.0
103,97,1789460381.843726,100.0,1,0,1.552087912087912,1.5424175824175823,-0.771,0.652,-0.102,-1.0,0.0,0.0
103,98,1789460381.853726,100.0,1,0,1.552087912087912,1.5424175824175823,-0.769,0.65,-0.103,0.0,0.0,0.0
103,99,1789460381.863726,100.0,1,0,1.5528937728937728,1.5424175824175823,-0.769,0.648,-0.104,0.0,0.0,0.0
104,0,1789460381.835620,100.0,1,0,1.5528937728937728,1.5432234432234433,-0.765,0.649,-0.104,0.0,0.0,0.0
104,1,1789460381.845620,100.0,1,0,1.552087912087912,1.5424175824175823,-0.762,0.652,-0.104,0.0,0.0,0.0
104,2,1789460381.855620,100.0,1,0,1.5528937728937728,1.5424175824175823,-0.765,0.655,-0.1,0.0,0.0,0.0
104,3,1789460381.865620,100.0,1,0,1.5528937728937728,1.5424175824175823,-0.77,0.656,-0.097,0.0,0.0,0.0
104,4,1789460381.875620,100.0,1,0,1.552087912087912,1.5424175824175823,-0.769,0.657,-0.097,0.0,0.0,0.0
104,5,1789460381.885620,100.0,1,0,1.5512820512820513,1.5424175824175823,-0.766,0.657,-0.101,0.0,0.0,0.0
104,6,1789460381.895620,100.0,1,0,1.552087912087912,1.5432234432234433,-0.764,0.652,-0.102,-1.0,0.0,0.0
104,7,1789460381.905620,100.0,1,0,1.552087912087912,1.5424175824175823,-0.763,0.65,-0.104,-1.0,0.0,0.0
104,8,1789460381.915620,100.0,1,0,1.552087912087912,1.5424175824175823,-0.768,0.65,-0.104,-1.0,0.0,0.0
104,9,1789460381.925620,100.0,1,0,1.552087912087912,1.5432234432234433,-0.772,0.649,-0.101,0.0,0.0,0.0
104,10,1789460381.935620,100.0,1,0,1.5528937728937728,1.5432234432234433,-0.774,0.649,-0.097,0.0,0.0,0.0
104,11,1789460381.945620,100.0,1,0,1.552087912087912,1.544029304029304,-0.773,0.651,-0.099,0.0,0.0,1.0
104,12,1789460381.955620,100.0,1,0,1.552087912087912,1.5432234432234433,-0.769,0.654,-0.1,1.0,-1.0,1.0
104,13,1789460381.965620,100.0,1,0,1.552087912087912,1.5432234432234433,-0.767,0.655,-0.099,1.0,0.0,1.0
104,14,1789460381.975620,100.0,1,0,1.552087912087912,1.5432234432234433,-0.763,0.656,-0.098,1.0,0.0,0.0
104,15,1789460381.985620,100.0,1,0,1.5528937728937728,1.5432234432234433,-0.761,0.659,-0.102,1.0,0.0,0.0
104,16,1789460381.995620,100.0,1,0,1.5528937728937728,1.5424175824175823,-0.759,0.664,-0.106,0.0,0.0,0.0
104,17,1789460382.005620,100.0,1,0,1.5528937728937728,1.5424175824175823,-0.763,0.669,-0.106,0.0,0.0,0.0
104,18,1789460382.015620,100.0,1,0,1.5528937728937728,1.544029304029304,-0.766,0.669,-0.103,0.0,0.0,0.0
104,19,1789460382.025620,100.0,1,0,1.5528937728937728,1.5424175824175823,-0.766,0.67,-0.099,0.0,0.0,0.0
104,20,1789460382.035620,100.0,1,0,1.5536996336996336,1.5424175824175823,-0.768,0.664,-0.1,0.0,0.0,0.0
104,21,1789460382.045620,100.0,1,0,1.5536996336996336,1.5424175824175823,-0.769,0.659,-0.101,0.0,0.0,0.0
104,22,1789460382.055620,100.0,1,0,1.5536996336996336,1.5432234432234433,-0.769,0.659,-0.101,0.0,0.0,0.0
104,23,1789460382.065620,100.0,1,0,1.5528937728937728,1.5432234432234433,-0.767,0.654,-0.097,0.0,0.0,0.0
104,24,1789460382.075620,100.0,1,0,1.5536996336996336,1.5432234432234433,-0.766,0.648,-0.102,0.0,0.0,0.0
104,25,1789460382.085620,100.0,1,0,1.5528937728937728,1.5432234432234433,-0.768,0.647,-0.108,0.0,0.0,0.0
104,26,1789460382.095620,100.0,1,0,1.5528937728937728,1.5432234432234433,-0.767,0.652,-0.109,0.0,0.0,0.0
104,27,1789460382.105620,100.0,1,0,1.5512820512820513,1.544029304029304,-0.765,0.657,-0.101,0.0,0.0,0.0
104,28,1789460382.115620,100.0,1,0,1.552087912087912,1.5432234432234433,-0.762,0.66,-0.097,0.0,0.0,0.0
104,29,1789460382.125620,100.0,1,0,1.5512820512820513,1.544029304029304,-0.765,0.66,-0.101,0.0,0.0,0.0
104,30,1789460382.135620,100.0,1,0,1.5504761904761906,1.5448351648351648,-0.763,0.661,-0.096,0.0,0.0,0.0
104,31,1789460382.145620,100.0,1,0,1.5496703296703296,1.5448351648351648,-0.763,0.658,-0.1,0.0,0.0,0.0
104,32,1789460382.155620,100.0,1,0,1.5496703296703296,1.5448351648351648,-0.762,0.653,-0.102,0.0,0.0,0.0
104,33,1789460382.165620,100.0,1,0,1.5512820512820513,1.5448351648351648,-0.758,0.65,-0.102,0.0,0.0,0.0
104,34,1789460382.175620,100.0,1,0,1.5512820512820513,1.5448351648351648,-0.758,0.649,-0.097,0.0,0.0,0.0
104,35,1789460382.185620,100.0,1,0,1.5504761904761906,1.544029304029304,-0.765,0.65,-0.098,0.0,0.0,0.0
104,36,1789460382.195620,100.0,1,0,1.5512820512820513,1.544029304029304,-0.775,0.652,-0.1,0.0,0.0,0.0
104,37,1789460382.205620,100.0,1,0,1.5504761904761906,1.5432234432234433,-0.783,0.657,-0.097,0.0,0.0,0.0
104,38,1789460382.215620,100.0,1,0,1.5512820512820513,1.544029304029304,-0.779,0.66,-0.098,0.0,0.0,1.0
104,39,1789460382.225620,100.0,1,0,1.5512820512820513,1.5432234432234433,-0.766,0.666,-0.099,0.0,0.0,1.0
104,40,1789460382.235620,100.0,1,0,1.552087912087912,1.5432234432234433,-0.756,0.665,-0.106,0.0,0.0,0.0
104,41,1789460382.245620,100.0,1,0,1.5512820512820513,1.5432234432234433,-0.751,0.663,-0.108,-1.0,0.0,0.0
104,42,1789460382.255620,100.0,1,0,1.552087912087912,1.5432234432234433,-0.753,0.658,-0.103,-1.0,1.0,-1.0
104,43,1789460382.265620,100.0,1,0,1.5528937728937728,1.5432234432234433,-0.76,0.655,-0.098,0.0,1.0,-1.0
104,44,1789460382.275620,100.0,1,0,1.5528937728937728,1.5416117216117216,-0.771,0.657,-0.098,0.0,0.0,-1.0
104,45,1789460382.285620,100.0,1,0,1.5528937728937728,1.5432234432234433,-0.775,0.659,-0.1,0.0,0.0,0.0
104,46,1789460382.295620,100.0,1,0,1.5512820512820513,1.544029304029304,-0.773,0.664,-0.099,0.0,0.0,0.0
104,47,1789460382.305620,100.0,1,0,1.552087912087912,1.5432234432234433,-0.766,0.664,-0.098,0.0,0.0,0.0
104,48,1789460382.315620,100.0,1,0,1.552087912087912,1.5432234432234433,-0.755,0.662,-0.102,0.0,0.0,0.0
104,49,1789460382.325620,100.0,1,0,1.5528937728937728,1.5424175824175823,-0.751,0.657,-0.104,0.0,0.0,-1.0
104,50,1789460382.335620,100.0,1,0,1.552087912087912,1.5432234432234433,-0.753,0.652,-0.107,0.0,0.0,-1.0
104,51,1789460382.345620,100.0,1,0,1.552087912087912,1.544029304029304,-0.763,0.65,-0.104,0.0,0.0,-1.0
104,52,1789460382.355620,100.0,1,0,1.5504761904761906,1.544029304029304,-0.776,0.65,-0.101,0.0,0.0,-1.0
104,53,1789460382.365620,100.0,1,0,1.5488644688644688,1.5448351648351648,-0.784,0.648,-0.101,0.0,0.0,0.0
104,54,1789460382.375620,100.0,1,0,1.5504761904761906,1.5448351648351648,-0.786,0.649,-0.096,0.0,0.0,0.0
104,55,1789460382.385620,100.0,1,0,1.5488644688644688,1.5456410256410256,-0.777,0.652,-0.097,0.0,-1.0,1.0
104,56,1789460382.395620,100.0,1,0,1.5472527472527473,1.5448351648351648,-0.762,0.653,-0.105,0.0,0.0,1.0
104,57,1789460382.405620,100.0,1,0,1.5488644688644688,1.5448351648351648,-0.751,0.651,-0.107,0.0,0.0,0.0
104,58,1789460382.415620,100.0,1,0,1.5504761904761906,1.544029304029304,-0.75,0.654,-0.105,0.0,0.0,0.0
104,59,1789460382.425620,100.0,1,0,1.548058608058608,1.544029304029304,-0.758,0.656,-0.102,0.0,0.0,0.0
104,60,1789460382.435620,100.0,1,0,1.548058608058608,1.5456410256410256,-0.771,0.654,-0.095,0.0,1.0,0.0
104,61,1789460382.445620,100.0,1,0,1.548058608058608,1.5448351648351648,-0.781,0.653,-0.094,0.0,0.0,0.0
104,62,1789460382.455620,100.0,1,0,1.5464468864468865,1.5448351648351648,-0.783,0.651,-0.099,0.0,0.0,0.0
104,63,1789460382.465620,100.0,1,0,1.5456410256410256,1.5464468864468865,-0.779,0.651,-0.103,0.0,0.0,0.0
104,64,1789460382.475620,100.0,1,0,1.5464468864468865,1.5456410256410256,-0.771,0.649,-0.102,0.0,0.0,0.0
104,65,1789460382.485620,100.0,1,0,1.5456410256410256,1.5464468864468865,-0.768,0.653,-0.101,0.0,0.0,0.0
104,66,1789460382.495620,100.0,1,0,1.5472527472527473,1.5456410256410256,-0.766,0.658,-0.101,0.0,0.0,0.0
104,67,1789460382.505620,100.0,1,0,1.5464468864468865,1.5464468864468865,-0.763,0.661,-0.101,1.0,0.0,0.0
104,68,1789460382.515620,100.0,1,0,1.5464468864468865,1.548058608058608,-0.761,0.664,-0.104,0.0,0.0,0.0
104,69,1789460382.525620,100.0,1,0,1.5464468864468865,1.5456410256410256,-0.759,0.663,-0.103,0.0,0.0,0.0
104,70,1789460382.535620,100.0,1,0,1.5456410256410256,1.5512820512820513,-0.757,0.659,-0.102,0.0,0.0,0.0
104,71,1789460382.545620,100.0,1,0,1.5456410256410256,1.552087912087912,-0.764,0.657,-0.102,0.0,0.0,-1.0
104,72,1789460382.555620,100.0,1,0,1.5464468864468865,1.5512820512820513,-0.768,0.654,-0.101,0.0,0.0,-1.0
104,73,1789460382.565620,100.0,1,0,1.5448351648351648,1.552087912087912,-0.769,0.646,-0.1,0.0,0.0,0.0
104,74,1789460382.575620,100.0,1,0,1.544029304029304,1.5528937728937728,-0.776,0.647,-0.1,0.0,0.0,0.0
104,75,1789460382.585620,100.0,1,0,1.5448351648351648,1.552087912087912,-0.774,0.648,-0.101,0.0,0.0,0.0
104,76,1789460382.595620,100.0,1,0,1.544029304029304,1.552087912087912,-0.77,0.65,-0.102,1.0,-1.0,0.0
104,77,1789460382.605620,100.0,1,0,1.5448351648351648,1.5504761904761906,-0.763,0.656,-0.104,1.0,0.0,0.0
104,78,1789460382.615620,100.0,1,0,1.544029304029304,1.552087912087912,-0.759,0.66,-0.103,0.0,0.0,0.0
104,79,1789460382.625620,100.0,1,0,1.5432234432234433,1.552087912087912,-0.758,0.662,-0.104,0.0,0.0,0.0
104,80,1789460382.635620,100.0,1,0,1.544029304029304,1.552087912087912,-0.76,0.661,-0.103,0.0,0.0,0.0
104,81,1789460382.645620,100.0,1,0,1.544029304029304,1.5528937728937728,-0.765,0.658,-0.101,0.0,0.0,0.0
104,82,1789460382.655620,100.0,1,0,1.544029304029304,1.5528937728937728,-0.768,0.657,-0.102,0.0,0.0,0.0
104,83,1789460382.665620,100.0,1,0,1.5432234432234433,1.5528937728937728,-0.771,0.654,-0.1,0.0,0.0,0.0
104,84,1789460382.675620,100.0,1,0,1.544029304029304,1.5528937728937728,-0.772,0.653,-0.098,0.0,0.0,0.0
104,85,1789460382.685620,100.0,1,0,1.5432234432234433,1.5536996336996336,-0.768,0.656,-0.102,0.0,0.0,0.0
104,86,1789460382.695620,100.0,1,0,1.5424175824175823,1.5536996336996336,-0.763,0.657,-0.104,0.0,0.0,0.0
104,87,1789460382.705620,100.0,1,0,1.5432234432234433,1.5528937728937728,-0.764,0.658,-0.104,0.0,0.0,0.0
104,88,1789460382.715620,100.0,1,0,1.5448351648351648,1.5528937728937728,-0.763,0.661,-0.105,0.0,0.0,0.0
104,89,1789460382.725620,100.0,1,0,1.5432234432234433,1.5528937728937728,-0.766,0.661,-0.103,0.0,0.0,0.0
104,90,1789460382.735620,100.0,1,0,1.5432234432234433,1.5536996336996336,-0.767,0.66,-0.101,0.0,0.0,0.0
104,91,1789460382.745620,100.0,1,0,1.5432234432234433,1.5536996336996336,-0.762,0.659,-0.099,0.0,0.0,-1.0
104,92,1789460382.755620,100.0,1,0,1.5432234432234433,1.5545054945054946,-0.764,0.652,-0.101,0.0,0.0,-1.0
104,93,1789460382.765620,100.0,1,0,1.5432234432234433,1.5545054945054946,-0.768,0.65,-0.098,0.0,0.0,-1.0
104,94,1789460382.775620,100.0,1,0,1.5432234432234433,1.5545054945054946,-0.768,0.65,-0.098,0.0,0.0,0.0
104,95,1789460382.785620,100.0,1,0,1.5424175824175823,1.5553113553113553,-0.771,0.646,-0.097,0.0,0.0,0.0
104,96,1789460382.795620,100.0,1,0,1.5424175824175823,1.5545054945054946,-0.775,0.645,-0.101,0.0,0.0,0.0
104,97,1789460382.805620,100.0,1,0,1.5424175824175823,1.5545054945054946,-0.775,0.647,-0.098,0.0,0.0,0.0
104,98,1789460382.815620,100.0,1,0,1.5424175824175823,1.5545054945054946,-0.771,0.649,-0.094,0.0,0.0,0.0
104,99,1789460382.825620,100.0,1,0,1.5424175824175823,1.5545054945054946,-0.767,0.655,-0.092,0.0,0.0,0.0
105,0,1789460382.853448,100.0,1,0,1.5416117216117216,1.5545054945054946,-0.766,0.658,-0.098,0.0,0.0,0.0
105,1,1789460382.863448,100.0,1,0,1.5432234432234433,1.5545054945054946,-0.767,0.661,-0.102,0.0,0.0,0.0
105,2,1789460382.873448,100.0,1,0,1.5424175824175823,1.5545054945054946,-0.768,0.662,-0.102,0.0,0.0,0.0
105,3,1789460382.883448,100.0,1,0,1.544029304029304,1.5536996336996336,-0.764,0.661,-0.105,0.0,0.0,0.0
105,4,1789460382.893448,100.0,1,0,1.5424175824175823,1.5536996336996336,-0.765,0.657,-0.105,0.0,0.0,0.0
105,5,1789460382.903448,100.0,1,0,1.5432234432234433,1.5536996336996336,-0.765,0.657,-0.105,0.0,0.0,0.0
105,6,1789460382.913448,100.0,1,0,1.5432234432234433,1.5536996336996336,-0.763,0.659,-0.104,0.0,0.0,0.0
105,7,1789460382.923448,100.0,1,0,1.5432234432234433,1.5545054945054946,-0.765,0.655,-0.1,0.0,0.0,0.0
105,8,1789460382.933448,100.0,1,0,1.5432234432234433,1.5536996336996336,-0.77,0.653,-0.099,0.0,0.0,0.0
105,9,1789460382.943448,100.0,1,0,1.5424175824175823,1.5536996336996336,-0.77,0.65,-0.1,0.0,0.0,0.0
105,10,1789460382.953448,100.0,1,0,1.5432234432234433,1.5536996336996336,-0.769,0.651,-0.098,0.0,0.0,0.0
105,11,1789460382.963448,100.0,1,0,1.5424175824175823,1.5536996336996336,-0.769,0.654,-0.099,0.0,0.0,0.0
105,12,1789460382.973448,100.0,1,0,1.5432234432234433,1.5536996336996336,-0.765,0.655,-0.1,0.0,0.0,0.0
105,13,1789460382.983448,100.0,1,0,1.5432234432234433,1.5545054945054946,-0.761,0.658,-0.099,0.0,0.0,0.0
105,14,1789460382.993448,100.0,1,0,1.5432234432234433,1.5536996336996336,-0.76,0.661,-0.102,0.0,0.0,0.0
105,15,1789460383.003448,100.0,1,0,1.5432234432234433,1.5536996336996336,-0.757,0.657,-0.104,0.0,0.0,0.0
105,16,1789460383.013448,100.0,1,0,1.5432234432234433,1.5536996336996336,-0.756,0.651,-0.101,0.0,0.0,0.0
105,17,1789460383.023448,100.0,1,0,1.5432234432234433,1.5536996336996336,-0.763,0.652,-0.101,0.0,0.0,0.0
105,18,1789460383.033448,100.0,1,0,1.544029304029304,1.5528937728937728,-0.771,0.651,-0.099,0.0,0.0,0.0
105,19,1789460383.043448,100.0,1,0,1.5432234432234433,1.5545054945054946,-0.776,0.647,-0.096,0.0,0.0,0.0
105,20,1789460383.053448,100.0,1,0,1.544029304029304,1.5528937728937728,-0.781,0.646,-0.097,0.0,0.0,0.0
105,21,1789460383.063448,100.0,1,0,1.5448351648351648,1.5528937728937728,-0.78,0.648,-0.099,0.0,0.0,0.0
105,22,1789460383.073448,100.0,1,0,1.5448351648351648,1.5528937728937728,-0.769,0.654,-0.097,0.0,0.0,0.0
105,23,1789460383.083448,100.0,1,0,1.5448351648351648,1.5512820512820513,-0.762,0.656,-0.099,0.0,0.0,0.0
105,24,1789460383.093448,100.0,1,0,1.5448351648351648,1.552087912087912,-0.764,0.656,-0.097,0.0,0.0,0.0
105,25,1789460383.103448,100.0,1,0,1.5448351648351648,1.5528937728937728,-0.766,0.658,-0.096,0.0,0.0,0.0
105,26,1789460383.113448,100.0,1,0,1.5448351648351648,1.5528937728937728,-0.766,0.654,-0.098,0.0,0.0,0.0
105,27,1789460383.123448,100.0,1,0,1.5448351648351648,1.552087912087912,-0.767,0.652,-0.099,0.0,0.0,0.0
105,28,1789460383.133448,100.0,1,0,1.5456410256410256,1.552087912087912,-0.772,0.65,-0.103,0.0,0.0,0.0
105,29,1789460383.143448,100.0,1,0,1.5456410256410256,1.5512820512820513,-0.779,0.649,-0.103,0.0,0.0,0.0
105,30,1789460383.153448,100.0,1,0,1.5456410256410256,1.5512820512820513,-0.78,0.649,-0.095,0.0,0.0,0.0
105,31,1789460383.163448,100.0,1,0,1.5488644688644688,1.5512820512820513,-0.777,0.651,-0.093,1.0,-1.0,1.0
105,32,1789460383.173448,100.0,1,0,1.548058608058608,1.5512820512820513,-0.768,0.656,-0.096,1.0,-1.0,1.0
105,33,1789460383.183448,100.0,1,0,1.5472527472527473,1.5512820512820513,-0.76,0.661,-0.101,1.0,-1.0,1.0
105,34,1789460383.193448,100.0,1,0,1.5464468864468865,1.5488644688644688,-0.751,0.662,-0.102,0.0,0.0,0.0
105,35,1789460383.203448,100.0,1,0,1.5512820512820513,1.5496703296703296,-0.749,0.66,-0.1,0.0,0.0,0.0
105,36,1789460383.213448,100.0,1,0,1.548058608058608,1.5512820512820513,-0.757,0.659,-0.101,0.0,0.0,0.0
105,37,1789460383.223448,100.0,1,0,1.5472527472527473,1.5504761904761906,-0.768,0.654,-0.097,0.0,0.0,0.0
105,38,1789460383.233448,100.0,1,0,1.5496703296703296,1.552087912087912,-0.778,0.647,-0.098,0.0,0.0,0.0
105,39,1789460383.243448,100.0,1,0,1.5472527472527473,1.5512820512820513,-0.781,0.646,-0.099,0.0,0.0,0.0
105,40,1789460383.253448,100.0,1,0,1.5488644688644688,1.552087912087912,-0.781,0.649,-0.094,0.0,0.0,1.0
105,41,1789460383.263448,100.0,1,0,1.5496703296703296,1.552087912087912,-0.77,0.649,-0.099,0.0,0.0,1.0
105,42,1789460383.273448,100.0,1,0,1.552087912087912,1.5512820512820513,-0.761,0.654,-0.103,0.0,0.0,1.0
105,43,1789460383.283448,100.0,1,0,1.5496703296703296,1.5512820512820513,-0.759,0.656,-0.104,0.0,0.0,0.0
105,44,1789460383.293448,100.0,1,0,1.5512820512820513,1.5512820512820513,-0.758,0.659,-0.103,0.0,0.0,0.0
105,45,1789460383.303448,100.0,1,0,1.5512820512820513,1.5472527472527473,-0.759,0.659,-0.1,0.0,0.0,0.0
105,46,1789460383.313448,100.0,1,0,1.552087912087912,1.5512820512820513,-0.76,0.658,-0.1,0.0,0.0,0.0
105,47,1789460383.323448,100.0,1,0,1.5512820512820513,1.5496703296703296,-0.766,0.657,-0.101,0.0,0.0,0.0
105,48,1789460383.333448,100.0,1,0,1.552087912087912,1.5496703296703296,-0.772,0.659,-0.098,0.0,0.0,0.0
105,49,1789460383.343448,100.0,1,0,1.552087912087912,1.5464468864468865,-0.772,0.66,-0.098,0.0,0.0,0.0
105,50,1789460383.353448,100.0,1,0,1.552087912087912,1.5464468864468865,-0.764,0.661,-0.099,0.0,0.0,1.0
105,51,1789460383.363448,100.0,1,0,1.552087912087912,1.5464468864468865,-0.755,0.661,-0.1,0.0,0.0,0.0
105,52,1789460383.373448,100.0,1,0,1.5528937728937728,1.5472527472527473,-0.756,0.661,-0.103,0.0,0.0,0.0
105,53,1789460383.383448,100.0,1,0,1.552087912087912,1.5472527472527473,-0.764,0.66,-0.102,0.0,0.0,0.0
105,54,1789460383.393448,100.0,1,0,1.5528937728937728,1.5472527472527473,-0.77,0.659,-0.1,0.0,0.0,0.0
105,55,1789460383.403448,100.0,1,0,1.5528937728937728,1.5472527472527473,-0.772,0.66,-0.094,0.0,0.0,0.0
105,56,1789460383.413448,100.0,1,0,1.552087912087912,1.5472527472527473,-0.77,0.658,-0.095,0.0,0.0,0.0
105,57,1789460383.423448,100.0,1,0,1.5512820512820513,1.5464468864468865,-0.766,0.654,-0.097,0.0,0.0,0.0
105,58,1789460383.433448,100.0,1,0,1.5512820512820513,1.5504761904761906,-0.765,0.652,-0.102,0.0,0.0,0.0
105,59,1789460383.443448,100.0,1,0,1.5528937728937728,1.5472527472527473,-0.766,0.651,-0.103,0.0,0.0,0.0
105,60,1789460383.453448,100.0,1,0,1.552087912087912,1.5488644688644688,-0.766,0.652,-0.1,0.0,0.0,0.0
105,61,1789460383.463448,100.0,1,0,1.5528937728937728,1.548058608058608,-0.764,0.653,-0.1,0.0,0.0,0.0
105,62,1789460383.473448,100.0,1,0,1.552087912087912,1.5488644688644688,-0.761,0.651,-0.096,0.0,0.0,0.0
105,63,1789460383.483448,100.0,1,0,1.5528937728937728,1.5472527472527473,-0.769,0.65,-0.095,0.0,0.0,0.0
105,64,1789460383.493448,100.0,1,0,1.5504761904761906,1.5464468864468865,-0.778,0.652,-0.097,0.0,0.0,0.0
105,65,1789460383.503448,100.0,1,0,1.5512820512820513,1.5464468864468865,-0.774,0.654,-0.098,0.0,0.0,1.0
105,66,1789460383.513448,100.0,1,0,1.5512820512820513,1.5504761904761906,-0.765,0.652,-0.097,0.0,0.0,1.0
105,67,1789460383.523448,100.0,1,0,1.552087912087912,1.5464468864468865,-0.765,0.652,-0.097,0.0,0.0,1.0
105,68,1789460383.533448,100.0,1,0,1.552087912087912,1.5464468864468865,-0.762,0.656,-0.104,0.0,0.0,1.0
105,69,1789460383.543448,100.0,1,0,1.552087912087912,1.5456410256410256,-0.76,0.658,-0.11,0.0,0.0,1.0
105,70,1789460383.553448,100.0,1,0,1.5512820512820513,1.5464468864468865,-0.761,0.659,-0.105,0.0,0.0,1.0
105,71,1789460383.563448,100.0,1,0,1.552087912087912,1.5456410256410256,-0.761,0.663,-0.101,0.0,0.0,1.0
105,72,1789460383.573448,100.0,1,0,1.5528937728937728,1.5456410256410256,-0.759,0.67,-0.1,0.0,0.0,0.0
105,73,1789460383.583448,100.0,1,0,1.5528937728937728,1.5456410256410256,-0.757,0.675,-0.102,0.0,0.0,0.0
105,74,1789460383.593448,100.0,1,0,1.552087912087912,1.5456410256410256,-0.753,0.677,-0.101,-1.0,0.0,0.0
105,75,1789460383.603448,100.0,1,0,1.5528937728937728,1.5472527472527473,-0.755,0.673,-0.099,-1.0,1.0,-1.0
105,76,1789460383.613448,100.0,1,0,1.5512820512820513,1.5488644688644688,-0.76,0.669,-0.099,-1.0,1.0,-1.0
105,77,1789460383.623448,100.0,1,0,1.5496703296703296,1.5464468864468865,-0.766,0.662,-0.103,-1.0,1.0,-1.0
105,78,1789460383.633448,100.0,1,0,1.5512820512820513,1.5496703296703296,-0.768,0.656,-0.102,-1.0,0.0,-1.0
105,79,1789460383.643448,100.0,1,0,1.5528937728937728,1.5472527472527473,-0.77,0.651,-0.102,0.0,0.0,-1.0
105,80,1789460383.653448,100.0,1,0,1.552087912087912,1.5472527472527473,-0.772,0.648,-0.103,0.0,0.0,0.0
105,81,1789460383.663448,100.0,1,0,1.5496703296703296,1.5472527472527473,-0.774,0.65,-0.101,0.0,0.0,0.0
105,82,1789460383.673448,100.0,1,0,1.5488644688644688,1.5488644688644688,-0.771,0.653,-0.098,0.0,0.0,0.0
105,83,1789460383.683448,100.0,1,0,1.5496703296703296,1.5472527472527473,-0.769,0.651,-0.099,0.0,0.0,0.0
105,84,1789460383.693448,100.0,1,0,1.5472527472527473,1.548058608058608,-0.765,0.65,-0.104,0.0,0.0,0.0
105,85,1789460383.703448,100.0,1,0,1.5496703296703296,1.5472527472527473,-0.758,0.648,-0.102,0.0,0.0,0.0
105,86,1789460383.713448,100.0,1,0,1.5472527472527473,1.548058608058608,-0.758,0.648,-0.1,0.0,0.0,0.0
105,87,1789460383.723448,100.0,1,0,1.5464468864468865,1.5464468864468865,-0.768,0.648,-0.101,0.0,0.0,0.0
105,88,1789460383.733448,100.0,1,0,1.548058608058608,1.5464468864468865,-0.777,0.649,-0.093,0.0,0.0,0.0
105,89,1789460383.743448,100.0,1,0,1.5472527472527473,1.552087912087912,-0.777,0.654,-0.089,0.0,0.0,1.0
105,90,1789460383.753448,100.0,1,0,1.5464468864468865,1.548058608058608,-0.77,0.655,-0.094,0.0,-1.0,1.0
105,91,1789460383.763448,100.0,1,0,1.548058608058608,1.5464468864468865,-0.765,0.654,-0.1,0.0,0.0,0.0
105,92,1789460383.773448,100.0,1,0,1.5488644688644688,1.5464468864468865,-0.761,0.657,-0.106,0.0,0.0,0.0
105,93,1789460383.783448,100.0,1,0,1.5472527472527473,1.5472527472527473,-0.763,0.66,-0.104,0.0,0.0,0.0
105,94,1789460383.793448,100.0,1,0,1.5504761904761906,1.5472527472527473,-0.766,0.661,-0.1,0.0,0.0,0.0
105,95,1789460383.803448,100.0,1,0,1.5488644688644688,1.5472527472527473,-0.762,0.661,-0.099,0.0,0.0,0.0
105,96,1789460383.813448,100.0,1,0,1.5512820512820513,1.5472527472527473,-0.761,0.662,-0.1,0.0,0.0,0.0
105,97,1789460383.823448,100.0,1,0,1.5496703296703296,1.5464468864468865,-0.765,0.661,-0.096,0.0,0.0,0.0
105,98,1789460383.833448,100.0,1,0,1.5496703296703296,1.5496703296703296,-0.766,0.66,-0.1,0.0,0.0,0.0
105,99,1789460383.843448,100.0,1,0,1.5472527472527473,1.5496703296703296,-0.767,0.654,-0.1,0.0,0.0,0.0
106,0,1789460383.867579,100.0,1,0,1.5488644688644688,1.5512820512820513,-0.766,0.652,-0.098,0.0,0.0,0.0
106,1,1789460383.877579,100.0,1,0,1.548058608058608,1.5512820512820513,-0.769,0.649,-0.1,0.0,0.0,0.0
106,2,1789460383.887579,100.0,1,0,1.5488644688644688,1.5504761904761906,-0.773,0.651,-0.101,0.0,0.0,0.0
106,3,1789460383.897579,100.0,1,0,1.5464468864468865,1.5496703296703296,-0.77,0.653,-0.098,0.0,0.0,0.0
106,4,1789460383.907579,100.0,1,0,1.5464468864468865,1.548058608058608,-0.764,0.654,-0.096,0.0,0.0,0.0
106,5,1789460383.917579,100.0,1,0,1.5464468864468865,1.5472527472527473,-0.756,0.654,-0.101,0.0,0.0,0.0
106,6,1789460383.927579,100.0,1,0,1.5472527472527473,1.5488644688644688,-0.758,0.655,-0.102,0.0,0.0,0.0
106,7,1789460383.937579,100.0,1,0,1.5464468864468865,1.5464468864468865,-0.761,0.656,-0.101,0.0,0.0,0.0
106,8,1789460383.947579,100.0,1,0,1.5472527472527473,1.548058608058608,-0.768,0.654,-0.1,0.0,0.0,0.0
106,9,1789460383.957579,100.0,1,0,1.5464468864468865,1.5512820512820513,-0.77,0.655,-0.101,0.0,0.0,0.0
106,10,1789460383.967579,100.0,1,0,1.5464468864468865,1.5504761904761906,-0.771,0.657,-0.101,0.0,0.0,1.0
106,11,1789460383.977579,100.0,1,0,1.5464468864468865,1.5512820512820513,-0.768,0.658,-0.102,0.0,0.0,1.0
106,12,1789460383.987579,100.0,1,0,1.5472527472527473,1.552087912087912,-0.762,0.661,-0.098,0.0,0.0,1.0
106,13,1789460383.997579,100.0,1,0,1.5464468864468865,1.5512820512820513,-0.761,0.659,-0.099,0.0,0.0,0.0
106,14,1789460384.007579,100.0,1,0,1.5456410256410256,1.552087912087912,-0.76,0.662,-0.102,0.0,0.0,0.0
106,15,1789460384.017579,100.0,1,0,1.5456410256410256,1.552087912087912,-0.757,0.666,-0.102,0.0,0.0,0.0
106,16,1789460384.027579,100.0,1,0,1.5448351648351648,1.552087912087912,-0.761,0.668,-0.1,0.0,0.0,0.0
106,17,1789460384.037579,100.0,1,0,1.5456410256410256,1.552087912087912,-0.763,0.668,-0.1,0.0,0.0,0.0
106,18,1789460384.047579,100.0,1,0,1.5456410256410256,1.552087912087912,-0.767,0.67,-0.099,0.0,0.0,0.0
106,19,1789460384.057579,100.0,1,0,1.5464468864468865,1.552087912087912,-0.769,0.668,-0.101,0.0,0.0,0.0
106,20,1789460384.067579,100.0,1,0,1.5448351648351648,1.5528937728937728,-0.766,0.665,-0.1,0.0,0.0,0.0
106,21,1789460384.077579,100.0,1,0,1.544029304029304,1.5528937728937728,-0.761,0.661,-0.101,0.0,0.0,0.0
106,22,1789460384.087579,100.0,1,0,1.5448351648351648,1.5528937728937728,-0.762,0.66,-0.102,0.0,0.0,-1.0
106,23,1789460384.097579,100.0,1,0,1.544029304029304,1.5528937728937728,-0.763,0.658,-0.1,0.0,0.0,-1.0
106,24,1789460384.107579,100.0,1,0,1.5432234432234433,1.5536996336996336,-0.765,0.656,-0.097,0.0,0.0,-1.0
106,25,1789460384.117579,100.0,1,0,1.544029304029304,1.5528937728937728,-0.768,0.655,-0.094,0.0,0.0,0.0
106,26,1789460384.127579,100.0,1,0,1.544029304029304,1.5528937728937728,-0.767,0.654,-0.098,0.0,0.0,0.0
106,27,1789460384.137579,100.0,1,0,1.5432234432234433,1.5545054945054946,-0.761,0.651,-0.1,0.0,0.0,0.0
106,28,1789460384.147579,100.0,1,0,1.5432234432234433,1.5536996336996336,-0.757,0.649,-0.1,0.0,0.0,0.0
106,29,1789460384.157579,100.0,1,0,1.5432234432234433,1.5536996336996336,-0.756,0.649,-0.096,0.0,0.0,0.0
106,30,1789460384.167579,100.0,1,0,1.5432234432234433,1.5545054945054946,-0.763,0.649,-0.096,0.0,0.0,0.0
106,31,1789460384.177579,100.0,1,0,1.5424175824175823,1.5545054945054946,-0.776,0.65,-0.098,0.0,0.0,0.0
106,32,1789460384.187579,100.0,1,0,1.5424175824175823,1.5545054945054946,-0.783,0.654,-0.093,0.0,0.0,0.0
106,33,1789460384.197579,100.0,1,0,1.5424175824175823,1.5545054945054946,-0.777,0.659,-0.092,0.0,0.0,1.0
106,34,1789460384.207579,100.0,1,0,1.5432234432234433,1.5536996336996336,-0.765,0.66,-0.098,1.0,0.0,1.0
106,35,1789460384.217579,100.0,1,0,1.5432234432234433,1.5536996336996336,-0.752,0.66,-0.106,1.0,0.0,1.0
106,36,1789460384.227579,100.0,1,0,1.544029304029304,1.5528937728937728,-0.751,0.663,-0.111,0.0,0.0,0.0
106,37,1789460384.237579,100.0,1,0,1.544029304029304,1.5528937728937728,-0.757,0.664,-0.109,0.0,0.0,0.0
106,38,1789460384.247579,100.0,1,0,1.544029304029304,1.5536996336996336,-0.756,0.666,-0.1,0.0,0.0,0.0
106,39,1789460384.257579,100.0,1,0,1.544029304029304,1.5528937728937728,-0.761,0.664,-0.098,0.0,0.0,0.0
106,40,1789460384.267579,100.0,1,0,1.544029304029304,1.5536996336996336,-0.761,0.664,-0.098,0.0,0.0,0.0
106,41,1789460384.277579,100.0,1,0,1.544029304029304,1.5536996336996336,-0.771,0.666,-0.1,0.0,0.0,0.0
106,42,1789460384.287579,100.0,1,0,1.5448351648351648,1.5528937728937728,-0.769,0.667,-0.097,-1.0,0.0,0.0
106,43,1789460384.297579,100.0,1,0,1.544029304029304,1.5536996336996336,-0.765,0.663,-0.097,0.0,0.0,0.0
106,44,1789460384.307579,100.0,1,0,1.544029304029304,1.5536996336996336,-0.76,0.659,-0.101,0.0,0.0,-1.0
106,45,1789460384.317579,100.0,1,0,1.544029304029304,1.5528937728937728,-0.761,0.656,-0.103,0.0,0.0,-1.0
106,46,1789460384.327579,100.0,1,0,1.5448351648351648,1.5528937728937728,-0.764,0.654,-0.103,0.0,0.0,-1.0
106,47,1789460384.337579,100.0,1,0,1.5448351648351648,1.5528937728937728,-0.77,0.655,-0.102,0.0,0.0,-1.0
106,48,1789460384.347579,100.0,1,0,1.5448351648351648,1.5536996336996336,-0.773,0.654,-0.101,0.0,0.0,0.0
106,49,1789460384.357579,100.0,1,0,1.544029304029304,1.5536996336996336,-0.775,0.655,-0.098,0.0,0.0,0.0
106,50,1789460384.367579,100.0,1,0,1.544029304029304,1.5553113553113553,-0.774,0.655,-0.097,0.0,0.0,0.0
106,51,1789460384.377579,100.0,1,0,1.5432234432234433,1.5545054945054946,-0.768,0.651,-0.102,0.0,-1.0,0.0
106,52,1789460384.387579,100.0,1,0,1.5432234432234433,1.5545054945054946,-0.761,0.652,-0.104,0.0,0.0,0.0
106,53,1789460384.397579,100.0,1,0,1.5432234432234433,1.5553113553113553,-0.756,0.652,-0.103,0.0,0.0,0.0
106,54,1789460384.407579,100.0,1,0,1.5432234432234433,1.5545054945054946,-0.76,0.65,-0.102,0.0,0.0,0.0
106,55,1789460384.417579,100.0,1,0,1.5424175824175823,1.5553113553113553,-0.765,0.65,-0.099,0.0,0.0,0.0
106,56,1789460384.427579,100.0,1,0,1.5416117216117216,1.556117216117216,-0.772,0.652,-0.091,0.0,0.0,0.0
106,57,1789460384.437579,100.0,1,0,1.5432234432234433,1.5553113553113553,-0.775,0.653,-0.091,0.0,0.0,0.0
106,58,1789460384.447579,100.0,1,0,1.5424175824175823,1.5553113553113553,-0.775,0.652,-0.098,0.0,0.0,0.0
106,59,1789460384.457579,100.0,1,0,1.5424175824175823,1.5553113553113553,-0.774,0.653,-0.105,0.0,-1.0,0.0
106,60,1789460384.467579,100.0,1,0,1.5432234432234433,1.556117216117216,-0.769,0.655,-0.105,0.0,0.0,0.0
106,61,1789460384.477579,100.0,1,0,1.5424175824175823,1.5553113553113553,-0.761,0.658,-0.102,0.0,0.0,0.0
106,62,1789460384.487579,100.0,1,0,1.5424175824175823,1.556117216117216,-0.759,0.662,-0.104,0.0,0.0,0.0
106,63,1789460384.497579,100.0,1,0,1.5416117216117216,1.556117216117216,-0.761,0.663,-0.101,0.0,0.0,0.0
106,64,1789460384.507579,100.0,1,0,1.5432234432234433,1.5553113553113553,-0.764,0.664,-0.098,0.0,0.0,0.0
106,65,1789460384.517579,100.0,1,0,1.5424175824175823,1.556117216117216,-0.767,0.661,-0.099,0.0,0.0,0.0
106,66,1789460384.527579,100.0,1,0,1.5424175824175823,1.5553113553113553,-0.769,0.655,-0.099,0.0,0.0,0.0
106,67,1789460384.537579,100.0,1,0,1.5416117216117216,1.556117216117216,-0.769,0.653,-0.101,0.0,0.0,0.0
106,68,1789460384.547579,100.0,1,0,1.5408058608058608,1.5569230769230769,-0.768,0.649,-0.104,0.0,0.0,0.0
106,69,1789460384.557579,100.0,1,0,1.5416117216117216,1.556117216117216,-0.766,0.648,-0.101,0.0,0.0,0.0
106,70,1789460384.567579,100.0,1,0,1.5416117216117216,1.5569230769230769,-0.767,0.649,-0.1,0.0,0.0,0.0
106,71,1789460384.577579,100.0,1,0,1.5424175824175823,1.556117216117216,-0.767,0.65,-0.101,0.0,0.0,0.0
106,72,1789460384.587579,100.0,1,0,1.5416117216117216,1.556117216117216,-0.767,0.651,-0.099,0.0,0.0,0.0
106,73,1789460384.597579,100.0,1,0,1.5424175824175823,1.5553113553113553,-0.769,0.653,-0.096,0.0,0.0,0.0
106,74,1789460384.607579,100.0,1,0,1.5416117216117216,1.5569230769230769,-0.769,0.653,-0.099,0.0,0.0,0.0
106,75,1789460384.617579,100.0,1,0,1.5416117216117216,1.556117216117216,-0.767,0.656,-0.102,0.0,0.0,1.0
106,76,1789460384.627579,100.0,1,0,1.5416117216117216,1.556117216117216,-0.765,0.657,-0.101,0.0,0.0,1.0
106,77,1789460384.637579,100.0,1,0,1.5416117216117216,1.5569230769230769,-0.763,0.659,-0.1,0.0,0.0,0.0
106,78,1789460384.647579,100.0,1,0,1.5416117216117216,1.556117216117216,-0.758,0.658,-0.101,0.0,0.0,0.0
106,79,1789460384.657579,100.0,1,0,1.5416117216117216,1.556117216117216,-0.758,0.66,-0.099,0.0,0.0,0.0
106,80,1789460384.667579,100.0,1,0,1.5424175824175823,1.556117216117216,-0.761,0.659,-0.102,0.0,0.0,0.0
106,81,1789460384.677579,100.0,1,0,1.5424175824175823,1.556117216117216,-0.766,0.657,-0.102,0.0,0.0,0.0
106,82,1789460384.687579,100.0,1,0,1.5408058608058608,1.556117216117216,-0.768,0.657,-0.099,0.0,0.0,0.0
106,83,1789460384.697579,100.0,1,0,1.5416117216117216,1.5553113553113553,-0.771,0.659,-0.1,0.0,0.0,0.0
106,84,1789460384.707579,100.0,1,0,1.5416117216117216,1.5553113553113553,-0.771,0.66,-0.099,0.0,0.0,0.0
106,85,1789460384.717579,100.0,1,0,1.5424175824175823,1.5553113553113553,-0.768,0.657,-0.102,0.0,0.0,0.0
106,86,1789460384.727579,100.0,1,0,1.5416117216117216,1.5553113553113553,-0.763,0.658,-0.102,0.0,0.0,0.0
106,87,1789460384.737579,100.0,1,0,1.5424175824175823,1.5545054945054946,-0.764,0.655,-0.103,0.0,0.0,0.0
106,88,1789460384.747579,100.0,1,0,1.5408058608058608,1.5545054945054946,-0.765,0.654,-0.1,0.0,0.0,0.0
106,89,1789460384.757579,100.0,1,0,1.5416117216117216,1.5553113553113553,-0.766,0.657,-0.098,0.0,0.0,0.0
106,90,1789460384.767579,100.0,1,0,1.5416117216117216,1.5553113553113553,-0.768,0.657,-0.1,0.0,0.0,0.0
106,91,1789460384.777579,100.0,1,0,1.5408058608058608,1.556117216117216,-0.767,0.659,-0.099,0.0,0.0,0.0
106,92,1789460384.787579,100.0,1,0,1.5416117216117216,1.556117216117216,-0.764,0.663,-0.098,0.0,0.0,0.0
106,93,1789460384.797579,100.0,1,0,1.5408058608058608,1.5553113553113553,-0.76,0.661,-0.101,0.0,0.0,0.0
106,94,1789460384.807579,100.0,1,0,1.5408058608058608,1.556117216117216,-0.759,0.658,-0.099,0.0,0.0,0.0
106,95,1789460384.817579,100.0,1,0,1.5416117216117216,1.5553113553113553,-0.764,0.654,-0.096,0.0,0.0,0.0
106,96,1789460384.827579,100.0,1,0,1.5408058608058608,1.5553113553113553,-0.762,0.652,-0.093,0.0,0.0,0.0
106,97,1789460384.837579,100.0,1,0,1.5416117216117216,1.5569230769230769,-0.77,0.649,-0.096,0.0,0.0,0.0
106,98,1789460384.847579,100.0,1,0,1.5416117216117216,1.5553113553113553,-0.779,0.649,-0.101,0.0,0.0,0.0
106,99,1789460384.857579,100.0,1,0,1.5408058608058608,1.5569230769230769,-0.781,0.652,-0.099,0.0,0.0,0.0
107,0,1789460384.836464,100.0,1,0,1.5416117216117216,1.5553113553113553,-0.777,0.655,-0.098,1.0,0.0,1.0
107,1,1789460384.846464,100.0,1,0,1.5424175824175823,1.556117216117216,-0.767,0.656,-0.101,1.0,-1.0,1.0
107,2,1789460384.856464,100.0,1,0,1.5416117216117216,1.556117216117216,-0.757,0.659,-0.109,0.0,0.0,1.0
107,3,1789460384.866464,100.0,1,0,1.5424175824175823,1.5545054945054946,-0.752,0.667,-0.109,0.0,0.0,0.0
107,4,1789460384.876464,100.0,1,0,1.5432234432234433,1.5553113553113553,-0.754,0.668,-0.101,0.0,0.0,0.0
107,5,1789460384.886464,100.0,1,0,1.5432234432234433,1.5545054945054946,-0.759,0.669,-0.098,0.0,0.0,0.0
107,6,1789460384.896464,100.0,1,0,1.5432234432234433,1.5545054945054946,-0.76,0.669,-0.099,-1.0,0.0,0.0
107,7,1789460384.906464,100.0,1,0,1.5432234432234433,1.5545054945054946,-0.762,0.664,-0.103,-1.0,0.0,-1.0
107,8,1789460384.916464,100.0,1,0,1.5432234432234433,1.5536996336996336,-0.763,0.658,-0.099,-1.0,0.0,-1.0
107,9,1789460384.926464,100.0,1,0,1.5432234432234433,1.5553113553113553,-0.766,0.653,-0.098,-1.0,0.0,-1.0
107,10,1789460384.936464,100.0,1,0,1.5424175824175823,1.5553113553113553,-0.771,0.648,-0.1,0.0,0.0,0.0
107,11,1789460384.946464,100.0,1,0,1.5432234432234433,1.5536996336996336,-0.773,0.646,-0.101,0.0,0.0,0.0
107,12,1789460384.956464,100.0,1,0,1.544029304029304,1.5536996336996336,-0.773,0.646,-0.101,0.0,0.0,0.0
107,13,1789460384.966464,100.0,1,0,1.5448351648351648,1.5536996336996336,-0.773,0.643,-0.1,0.0,0.0,0.0
107,14,1789460384.976464,100.0,1,0,1.5432234432234433,1.5536996336996336,-0.773,0.647,-0.1,0.0,0.0,0.0
107,15,1789460384.986464,100.0,1,0,1.5432234432234433,1.5536996336996336,-0.766,0.654,-0.1,0.0,0.0,0.0
107,16,1789460384.996464,100.0,1,0,1.5432234432234433,1.5528937728937728,-0.76,0.66,-0.101,0.0,0.0,0.0
107,17,1789460385.006464,100.0,1,0,1.544029304029304,1.5528937728937728,-0.76,0.66,-0.103,0.0,0.0,0.0
107,18,1789460385.016464,100.0,1,0,1.544029304029304,1.5536996336996336,-0.76,0.66,-0.106,0.0,0.0,0.0
107,19,1789460385.026464,100.0,1,0,1.5432234432234433,1.5528937728937728,-0.757,0.66,-0.102,-1.0,1.0,0.0
107,20,1789460385.036464,100.0,1,0,1.544029304029304,1.5536996336996336,-0.76,0.657,-0.094,0.0,0.0,0.0
107,21,1789460385.046464,100.0,1,0,1.544029304029304,1.5528937728937728,-0.772,0.657,-0.098,0.0,0.0,0.0
107,22,1789460385.056464,100.0,1,0,1.544029304029304,1.5536996336996336,-0.779,0.658,-0.097,0.0,0.0,0.0
107,23,1789460385.066464,100.0,1,0,1.5432234432234433,1.5528937728937728,-0.774,0.657,-0.092,0.0,0.0,0.0
107,24,1789460385.076464,100.0,1,0,1.5448351648351648,1.5528937728937728,-0.768,0.656,-0.101,0.0,0.0,0.0
107,25,1789460385.086464,100.0,1,0,1.5448351648351648,1.5528937728937728,-0.761,0.656,-0.106,0.0,0.0,0.0
107,26,1789460385.096464,100.0,1,0,1.5448351648351648,1.552087912087912,-0.762,0.656,-0.108,0.0,0.0,0.0
107,27,1789460385.106464,100.0,1,0,1.5456410256410256,1.5528937728937728,-0.769,0.656,-0.106,0.0,0.0,0.0
107,28,1789460385.116464,100.0,1,0,1.5456410256410256,1.5528937728937728,-0.772,0.658,-0.101,0.0,0.0,0.0
107,29,1789460385.126464,100.0,1,0,1.5464468864468865,1.552087912087912,-0.77,0.662,-0.099,0.0,0.0,0.0
107,30,1789460385.136464,100.0,1,0,1.5456410256410256,1.552087912087912,-0.767,0.661,-0.097,0.0,0.0,0.0
107,31,1789460385.146464,100.0,1,0,1.5464468864468865,1.552087912087912,-0.762,0.661,-0.096,0.0,0.0,0.0
107,32,1789460385.156464,100.0,1,0,1.5448351648351648,1.5528937728937728,-0.76,0.656,-0.101,-1.0,0.0,0.0
107,33,1789460385.166464,100.0,1,0,1.5456410256410256,1.5536996336996336,-0.761,0.653,-0.103,-1.0,0.0,0.0
107,34,1789460385.176464,100.0,1,0,1.5456410256410256,1.552087912087912,-0.761,0.654,-0.104,0.0,0.0,0.0
107,35,1789460385.186464,100.0,1,0,1.5448351648351648,1.5528937728937728,-0.765,0.653,-0.103,0.0,0.0,0.0
107,36,1789460385.196464,100.0,1,0,1.5448351648351648,1.5528937728937728,-0.766,0.652,-0.1,0.0,0.0,0.0
107,37,1789460385.206464,100.0,1,0,1.5448351648351648,1.5528937728937728,-0.769,0.654,-0.1,0.0,0.0,0.0
107,38,1789460385.216464,100.0,1,0,1.544029304029304,1.5528937728937728,-0.767,0.655,-0.1,0.0,0.0,0.0
107,39,1789460385.226464,100.0,1,0,1.5456410256410256,1.5528937728937728,-0.764,0.653,-0.099,0.0,0.0,0.0
107,40,1789460385.236464,100.0,1,0,1.5456410256410256,1.5528937728937728,-0.764,0.652,-0.1,0.0,0.0,0.0
107,41,1789460385.246464,100.0,1,0,1.5448351648351648,1.5528937728937728,-0.768,0.652,-0.101,0.0,0.0,0.0
107,42,1789460385.256464,100.0,1,0,1.5448351648351648,1.5528937728937728,-0.768,0.655,-0.098,0.0,0.0,0.0
107,43,1789460385.266464,100.0,1,0,1.5448351648351648,1.552087912087912,-0.766,0.653,-0.098,0.0,0.0,1.0
107,44,1789460385.276464,100.0,1,0,1.5456410256410256,1.5528937728937728,-0.763,0.654,-0.103,0.0,0.0,1.0
107,45,1789460385.286464,100.0,1,0,1.5456410256410256,1.5512820512820513,-0.758,0.654,-0.104,0.0,0.0,0.0
107,46,1789460385.296464,100.0,1,0,1.5456410256410256,1.552087912087912,-0.757,0.655,-0.102,0.0,0.0,0.0
107,47,1789460385.306464,100.0,1,0,1.5456410256410256,1.552087912087912,-0.76,0.659,-0.102,0.0,0.0,0.0
107,48,1789460385.316464,100.0,1,0,1.5464468864468865,1.5512820512820513,-0.765,0.659,-0.1,0.0,0.0,0.0
107,49,1789460385.326464,100.0,1,0,1.5464468864468865,1.5512820512820513,-0.769,0.659,-0.096,0.0,0.0,0.0
107,50,1789460385.336464,100.0,1,0,1.548058608058608,1.5512820512820513,-0.771,0.661,-0.099,0.0,0.0,0.0
107,51,1789460385.346464,100.0,1,0,1.5464468864468865,1.5504761904761906,-0.77,0.662,-0.101,0.0,0.0,0.0
107,52,1789460385.356464,100.0,1,0,1.5504761904761906,1.5504761904761906,-0.766,0.662,-0.105,0.0,0.0,0.0
107,53,1789460385.366464,100.0,1,0,1.5488644688644688,1.552087912087912,-0.762,0.666,-0.106,0.0,0.0,0.0
107,54,1789460385.376464,100.0,1,0,1.5488644688644688,1.5496703296703296,-0.757,0.665,-0.106,0.0,0.0,0.0
107,55,1789460385.386464,100.0,1,0,1.5512820512820513,1.5504761904761906,-0.759,0.661,-0.106,0.0,0.0,0.0
107,56,1789460385.396464,100.0,1,0,1.5512820512820513,1.5496703296703296,-0.764,0.657,-0.104,0.0,0.0,0.0
107,57,1789460385.406464,100.0,1,0,1.5504761904761906,1.5504761904761906,-0.768,0.657,-0.099,0.0,0.0,0.0
107,58,1789460385.416464,100.0,1,0,1.5504761904761906,1.5512820512820513,-0.77,0.654,-0.096,0.0,0.0,0.0
107,59,1789460385.426464,100.0,1,0,1.5472527472527473,1.5488644688644688,-0.769,0.65,-0.1,0.0,0.0,0.0
107,60,1789460385.436464,100.0,1,0,1.5488644688644688,1.5512820512820513,-0.767,0.65,-0.105,0.0,0.0,0.0
107,61,1789460385.446464,100.0,1,0,1.5512820512820513,1.5512820512820513,-0.766,0.653,-0.102,0.0,0.0,0.0
107,62,1789460385.456464,100.0,1,0,1.548058608058608,1.5512820512820513,-0.762,0.654,-0.097,0.0,0.0,0.0
107,63,1789460385.466464,100.0,1,0,1.5464468864468865,1.5512820512820513,-0.76,0.653,-0.094,0.0,0.0,0.0
107,64,1789460385.476464,100.0,1,0,1.548058608058608,1.5512820512820513,-0.763,0.654,-0.095,0.0,0.0,0.0
107,65,1789460385.486464,100.0,1,0,1.5456410256410256,1.5504761904761906,-0.773,0.655,-0.102,0.0,0.0,0.0
107,66,1789460385.496464,100.0,1,0,1.5488644688644688,1.5496703296703296,-0.773,0.657,-0.1,0.0,0.0,0.0
107,67,1789460385.506464,100.0,1,0,1.5488644688644688,1.5504761904761906,-0.766,0.657,-0.102,0.0,0.0,1.0
107,68,1789460385.516464,100.0,1,0,1.5512820512820513,1.548058608058608,-0.761,0.657,-0.105,0.0,0.0,1.0
107,69,1789460385.526464,100.0,1,0,1.5512820512820513,1.5488644688644688,-0.756,0.663,-0.107,0.0,0.0,0.0
107,70,1789460385.536464,100.0,1,0,1.552087912087912,1.5456410256410256,-0.757,0.662,-0.107,-1.0,0.0,0.0
107,71,1789460385.546464,100.0,1,0,1.552087912087912,1.5456410256410256,-0.76,0.661,-0.104,-1.0,0.0,0.0
107,72,1789460385.556464,100.0,1,0,1.552087912087912,1.5456410256410256,-0.764,0.661,-0.1,0.0,0.0,0.0
107,73,1789460385.566464,100.0,1,0,1.5528937728937728,1.5464468864468865,-0.768,0.656,-0.099,0.0,0.0,0.0
107,74,1789460385.576464,100.0,1,0,1.5528937728937728,1.5448351648351648,-0.77,0.658,-0.096,0.0,0.0,0.0
107,75,1789460385.586464,100.0,1,0,1.5528937728937728,1.5448351648351648,-0.769,0.659,-0.097,0.0,0.0,0.0
107,76,1789460385.596464,100.0,1,0,1.5536996336996336,1.5448351648351648,-0.763,0.664,-0.1,0.0,0.0,0.0
107,77,1789460385.606464,100.0,1,0,1.5536996336996336,1.544029304029304,-0.757,0.671,-0.104,0.0,0.0,0.0
107,78,1789460385.616464,100.0,1,0,1.552087912087912,1.544029304029304,-0.749,0.676,-0.108,0.0,0.0,0.0
107,79,1789460385.626464,100.0,1,0,1.5528937728937728,1.5448351648351648,-0.749,0.673,-0.109,-1.0,0.0,0.0
107,80,1789460385.636464,100.0,1,0,1.5536996336996336,1.544029304029304,-0.754,0.667,-0.103,-2.0,1.0,0.0
107,81,1789460385.646464,100.0,1,0,1.5528937728937728,1.5448351648351648,-0.764,0.659,-0.097,-2.0,1.0,-1.0
107,82,1789460385.656464,100.0,1,0,1.5528937728937728,1.544029304029304,-0.772,0.654,-0.096,-1.0,0.0,-1.0
107,83,1789460385.666464,100.0,1,0,1.5528937728937728,1.5448351648351648,-0.778,0.648,-0.095,0.0,0.0,0.0
107,84,1789460385.676464,100.0,1,0,1.5528937728937728,1.544029304029304,-0.775,0.646,-0.1,0.0,0.0,0.0
107,85,1789460385.686464,100.0,1,0,1.5536996336996336,1.544029304029304,-0.775,0.646,-0.1,0.0,0.0,0.0
107,86,1789460385.696464,100.0,1,0,1.5528937728937728,1.544029304029304,-0.769,0.649,-0.105,0.0,0.0,0.0
107,87,1789460385.706464,100.0,1,0,1.552087912087912,1.544029304029304,-0.765,0.653,-0.105,0.0,0.0,0.0
107,88,1789460385.716464,100.0,1,0,1.5528937728937728,1.5448351648351648,-0.765,0.658,-0.103,0.0,0.0,0.0
107,89,1789460385.726464,100.0,1,0,1.5528937728937728,1.544029304029304,-0.766,0.664,-0.1,0.0,0.0,0.0
107,90,1789460385.736464,100.0,1,0,1.5528937728937728,1.544029304029304,-0.76,0.668,-0.09,0.0,0.0,0.0
107,91,1789460385.746464,100.0,1,0,1.5512820512820513,1.5448351648351648,-0.753,0.666,-0.093,-1.0,0.0,0.0
107,92,1789460385.756464,100.0,1,0,1.5512820512820513,1.5456410256410256,-0.753,0.663,-0.1,-1.0,0.0,-1.0
107,93,1789460385.766464,100.0,1,0,1.552087912087912,1.5448351648351648,-0.76,0.657,-0.101,-1.0,0.0,-1.0
107,94,1789460385.776464,100.0,1,0,1.5528937728937728,1.5456410256410256,-0.77,0.655,-0.101,-1.0,0.0,0.0
107,95,1789460385.786464,100.0,1,0,1.5512820512820513,1.5456410256410256,-0.772,0.653,-0.097,0.0,0.0,0.0
107,96,1789460385.796464,100.0,1,0,1.5512820512820513,1.5448351648351648,-0.772,0.652,-0.095,0.0,0.0,0.0
107,97,1789460385.806464,100.0,1,0,1.5528937728937728,1.5456410256410256,-0.769,0.651,-0.097,1.0,0.0,0.0
107,98,1789460385.816464,100.0,1,0,1.552087912087912,1.5456410256410256,-0.763,0.652,-0.098,1.0,0.0,0.0
107,99,1789460385.826464,100.0,1,0,1.5512820512820513,1.5464468864468865,-0.762,0.655,-0.1,1.0,0.0,0.0
108,0,1789460385.853206,100.0,1,0,1.552087912087912,1.5456410256410256,-0.759,0.656,-0.103,0.0,0.0,0.0
108,1,1789460385.863206,100.0,1,0,1.552087912087912,1.5448351648351648,-0.758,0.658,-0.1,0.0,0.0,0.0
108,2,1789460385.873206,100.0,1,0,1.552087912087912,1.5456410256410256,-0.759,0.656,-0.099,0.0,0.0,0.0
108,3,1789460385.883206,100.0,1,0,1.5512820512820513,1.5464468864468865,-0.766,0.655,-0.1,0.0,0.0,0.0
108,4,1789460385.893206,100.0,1,0,1.5488644688644688,1.5456410256410256,-0.773,0.66,-0.098,0.0,0.0,0.0
108,5,1789460385.903206,100.0,1,0,1.5512820512820513,1.5456410256410256,-0.773,0.66,-0.098,0.0,0.0,0.0
108,6,1789460385.913206,100.0,1,0,1.552087912087912,1.5464468864468865,-0.766,0.662,-0.098,0.0,0.0,0.0
108,7,1789460385.923206,100.0,1,0,1.5488644688644688,1.548058608058608,-0.761,0.66,-0.1,0.0,0.0,0.0
108,8,1789460385.933206,100.0,1,0,1.5512820512820513,1.5472527472527473,-0.758,0.66,-0.103,0.0,0.0,0.0
108,9,1789460385.943206,100.0,1,0,1.5472527472527473,1.548058608058608,-0.758,0.662,-0.104,0.0,0.0,0.0
108,10,1789460385.953206,100.0,1,0,1.5488644688644688,1.548058608058608,-0.759,0.663,-0.1,0.0,0.0,0.0
108,11,1789460385.963206,100.0,1,0,1.5464468864468865,1.5496703296703296,-0.762,0.665,-0.098,0.0,0.0,0.0
108,12,1789460385.973207,100.0,1,0,1.5464468864468865,1.5488644688644688,-0.767,0.663,-0.097,0.0,0.0,0.0
108,13,1789460385.983207,100.0,1,0,1.5464468864468865,1.5496703296703296,-0.769,0.663,-0.097,0.0,0.0,0.0
108,14,1789460385.993207,100.0,1,0,1.5456410256410256,1.5512820512820513,-0.77,0.662,-0.096,0.0,0.0,0.0
108,15,1789460386.003206,100.0,1,0,1.5456410256410256,1.5504761904761906,-0.766,0.658,-0.097,0.0,0.0,0.0
108,16,1789460386.013206,100.0,1,0,1.5456410256410256,1.5488644688644688,-0.76,0.662,-0.099,0.0,0.0,0.0
108,17,1789460386.023206,100.0,1,0,1.5456410256410256,1.5512820512820513,-0.757,0.665,-0.1,0.0,0.0,0.0
108,18,1789460386.033206,100.0,1,0,1.5448351648351648,1.5528937728937728,-0.755,0.667,-0.099,0.0,0.0,0.0
108,19,1789460386.043206,100.0,1,0,1.5448351648351648,1.5512820512820513,-0.756,0.665,-0.099,-1.0,0.0,-1.0
108,20,1789460386.053206,100.0,1,0,1.5456410256410256,1.5504761904761906,-0.763,0.66,-0.099,-1.0,0.0,-1.0
108,21,1789460386.063206,100.0,1,0,1.5456410256410256,1.552087912087912,-0.767,0.655,-0.099,-1.0,0.0,0.0
108,22,1789460386.073206,100.0,1,0,1.5456410256410256,1.5512820512820513,-0.765,0.651,-0.1,-1.0,0.0,0.0
108,23,1789460386.083206,100.0,1,0,1.5448351648351648,1.5512820512820513,-0.769,0.646,-0.099,0.0,0.0,-1.0
108,24,1789460386.093206,100.0,1,0,1.5448351648351648,1.552087912087912,-0.774,0.649,-0.1,0.0,0.0,0.0
108,25,1789460386.103206,100.0,1,0,1.544029304029304,1.552087912087912,-0.772,0.653,-0.098,0.0,0.0,0.0
108,26,1789460386.113206,100.0,1,0,1.5448351648351648,1.552087912087912,-0.769,0.656,-0.095,0.0,0.0,0.0
108,27,1789460386.123206,100.0,1,0,1.5432234432234433,1.5528937728937728,-0.765,0.659,-0.093,0.0,0.0,0.0
108,28,1789460386.133206,100.0,1,0,1.544029304029304,1.552087912087912,-0.76,0.661,-0.1,0.0,0.0,0.0
108,29,1789460386.143206,100.0,1,0,1.5432234432234433,1.5528937728937728,-0.754,0.659,-0.104,0.0,0.0,0.0
108,30,1789460386.153206,100.0,1,0,1.5432234432234433,1.5528937728937728,-0.75,0.659,-0.1,0.0,0.0,0.0
108,31,1789460386.163206,100.0,1,0,1.544029304029304,1.5528937728937728,-0.756,0.656,-0.095,0.0,1.0,-1.0
108,32,1789460386.173206,100.0,1,0,1.544029304029304,1.5528937728937728,-0.768,0.654,-0.096,0.0,1.0,-1.0
108,33,1789460386.183206,100.0,1,0,1.5432234432234433,1.5528937728937728,-0.782,0.654,-0.098,0.0,1.0,-1.0
108,34,1789460386.193206,100.0,1,0,1.5424175824175823,1.5536996336996336,-0.788,0.655,-0.095,0.0,0.0,0.0
108,35,1789460386.203206,100.0,1,0,1.5424175824175823,1.5528937728937728,-0.78,0.658,-0.092,0.0,0.0,1.0
108,36,1789460386.213206,100.0,1,0,1.544029304029304,1.5528937728937728,-0.767,0.658,-0.099,0.0,-1.0,1.0
108,37,1789460386.223207,100.0,1,0,1.5448351648351648,1.5528937728937728,-0.759,0.661,-0.107,0.0,-1.0,1.0
108,38,1789460386.233207,100.0,1,0,1.5448351648351648,1.5528937728937728,-0.756,0.659,-0.106,0.0,0.0,0.0
108,39,1789460386.243207,100.0,1,0,1.5448351648351648,1.5528937728937728,-0.756,0.659,-0.101,1.0,0.0,0.0
108,40,1789460386.253206,100.0,1,0,1.5448351648351648,1.552087912087912,-0.754,0.663,-0.103,0.0,0.0,0.0
108,41,1789460386.263206,100.0,1,0,1.5464468864468865,1.5512820512820513,-0.755,0.668,-0.106,0.0,0.0,0.0
108,42,1789460386.273206,100.0,1,0,1.5456410256410256,1.5504761904761906,-0.756,0.676,-0.107,0.0,0.0,0.0
108,43,1789460386.283206,100.0,1,0,1.5456410256410256,1.548058608058608,-0.758,0.677,-0.101,0.0,1.0,-1.0
108,44,1789460386.293206,100.0,1,0,1.5448351648351648,1.5488644688644688,-0.76,0.673,-0.097,-1.0,1.0,-1.0
108,45,1789460386.303206,100.0,1,0,1.5448351648351648,1.5512820512820513,-0.761,0.665,-0.1,-1.0,1.0,-1.0
108,46,1789460386.313206,100.0,1,0,1.5456410256410256,1.5512820512820513,-0.764,0.656,-0.098,-1.0,1.0,-2.0
108,47,1789460386.323206,100.0,1,0,1.5448351648351648,1.552087912087912,-0.77,0.648,-0.1,-1.0,0.0,-2.0
108,48,1789460386.333206,100.0,1,0,1.5456410256410256,1.552087912087912,-0.776,0.645,-0.101,0.0,0.0,-1.0
108,49,1789460386.343206,100.0,1,0,1.544029304029304,1.5528937728937728,-0.779,0.649,-0.101,0.0,0.0,0.0
108,50,1789460386.353206,100.0,1,0,1.544029304029304,1.5528937728937728,-0.777,0.655,-0.099,0.0,0.0,0.0
108,51,1789460386.363206,100.0,1,0,1.5432234432234433,1.5528937728937728,-0.769,0.659,-0.099,0.0,0.0,0.0
108,52,1789460386.373206,100.0,1,0,1.544029304029304,1.552087912087912,-0.757,0.657,-0.103,0.0,0.0,0.0
108,53,1789460386.383206,100.0,1,0,1.544029304029304,1.5528937728937728,-0.754,0.651,-0.109,0.0,0.0,0.0
108,54,1789460386.393206,100.0,1,0,1.544029304029304,1.552087912087912,-0.761,0.647,-0.104,-1.0,0.0,0.0
108,55,1789460386.403206,100.0,1,0,1.5424175824175823,1.552087912087912,-0.769,0.647,-0.096,-1.0,0.0,0.0
108,56,1789460386.413206,100.0,1,0,1.5424175824175823,1.5528937728937728,-0.775,0.647,-0.092,0.0,0.0,0.0
108,57,1789460386.423206,100.0,1,0,1.5432234432234433,1.5536996336996336,-0.778,0.65,-0.087,0.0,0.0,0.0
108,58,1789460386.433206,100.0,1,0,1.5432234432234433,1.5528937728937728,-0.778,0.65,-0.087,0.0,-1.0,0.0
108,59,1789460386.443206,100.0,1,0,1.5432234432234433,1.5528937728937728,-0.775,0.65,-0.092,0.0,-1.0,0.0
108,60,1789460386.453206,100.0,1,0,1.544029304029304,1.5528937728937728,-0.77,0.652,-0.101,0.0,-1.0,0.0
108,61,1789460386.463206,100.0,1,0,1.544029304029304,1.5528937728937728,-0.766,0.659,-0.105,0.0,-1.0,0.0
108,62,1789460386.473207,100.0,1,0,1.5448351648351648,1.5528937728937728,-0.762,0.663,-0.107,0.0,0.0,0.0
108,63,1789460386.483207,100.0,1,0,1.544029304029304,1.552087912087912,-0.757,0.669,-0.105,0.0,0.0,0.0
108,64,1789460386.493207,100.0,1,0,1.5456410256410256,1.5528937728937728,-0.758,0.669,-0.106,0.0,0.0,0.0
108,65,1789460386.503206,100.0,1,0,1.5456410256410256,1.552087912087912,-0.761,0.666,-0.102,0.0,0.0,-1.0
108,66,1789460386.513206,100.0,1,0,1.5448351648351648,1.5528937728937728,-0.763,0.659,-0.096,-1.0,0.0,-1.0
108,67,1789460386.523206,100.0,1,0,1.5448351648351648,1.5528937728937728,-0.77,0.655,-0.094,-1.0,0.0,-1.0
108,68,1789460386.533206,100.0,1,0,1.544029304029304,1.5528937728937728,-0.775,0.65,-0.093,0.0,0.0,0.0
108,69,1789460386.543206,100.0,1,0,1.5448351648351648,1.5528937728937728,-0.774,0.648,-0.095,0.0,0.0,0.0
108,70,1789460386.553206,100.0,1,0,1.544029304029304,1.5528937728937728,-0.772,0.648,-0.096,0.0,0.0,0.0
108,71,1789460386.563206,100.0,1,0,1.5432234432234433,1.5536996336996336,-0.77,0.652,-0.098,0.0,0.0,0.0
108,72,1789460386.573206,100.0,1,0,1.5448351648351648,1.5536996336996336,-0.768,0.654,-0.099,0.0,-1.0,0.0
108,73,1789460386.583206,100.0,1,0,1.5432234432234433,1.5528937728937728,-0.759,0.657,-0.1,0.0,0.0,0.0
108,74,1789460386.593206,100.0,1,0,1.544029304029304,1.5528937728937728,-0.754,0.656,-0.101,0.0,0.0,0.0
108,75,1789460386.603206,100.0,1,0,1.544029304029304,1.5528937728937728,-0.758,0.655,-0.101,0.0,0.0,0.0
108,76,1789460386.613206,100.0,1,0,1.544029304029304,1.5536996336996336,-0.763,0.652,-0.099,0.0,0.0,0.0
108,77,1789460386.623206,100.0,1,0,1.5432234432234433,1.5536996336996336,-0.774,0.652,-0.099,0.0,0.0,0.0
108,78,1789460386.633206,100.0,1,0,1.544029304029304,1.5536996336996336,-0.779,0.656,-0.096,0.0,0.0,0.0
108,79,1789460386.643206,100.0,1,0,1.544029304029304,1.5528937728937728,-0.776,0.656,-0.095,0.0,-1.0,0.0
108,80,1789460386.653206,100.0,1,0,1.5432234432234433,1.5536996336996336,-0.765,0.656,-0.096,0.0,-1.0,0.0
108,81,1789460386.663206,100.0,1,0,1.5424175824175823,1.5536996336996336,-0.759,0.657,-0.1,0.0,0.0,0.0
108,82,1789460386.673206,100.0,1,0,1.5432234432234433,1.5536996336996336,-0.761,0.657,-0.101,0.0,0.0,0.0
108,83,1789460386.683206,100.0,1,0,1.5432234432234433,1.5536996336996336,-0.761,0.656,-0.098,0.0,0.0,0.0
108,84,1789460386.693206,100.0,1,0,1.5432234432234433,1.5536996336996336,-0.765,0.656,-0.098,0.0,0.0,0.0
108,85,1789460386.703206,100.0,1,0,1.5432234432234433,1.5536996336996336,-0.768,0.657,-0.099,0.0,0.0,0.0
108,86,1789460386.713206,100.0,1,0,1.5432234432234433,1.5545054945054946,-0.767,0.664,-0.101,0.0,0.0,0.0
108,87,1789460386.723207,100.0,1,0,1.544029304029304,1.5545054945054946,-0.763,0.664,-0.099,0.0,0.0,0.0
108,88,1789460386.733207,100.0,1,0,1.544029304029304,1.5545054945054946,-0.763,0.659,-0.098,0.0,0.0,0.0
108,89,1789460386.743207,100.0,1,0,1.544029304029304,1.5536996336996336,-0.767,0.661,-0.097,0.0,0.0,0.0
108,90,1789460386.753206,100.0,1,0,1.5432234432234433,1.5536996336996336,-0.77,0.658,-0.095,0.0,0.0,0.0
108,91,1789460386.763206,100.0,1,0,1.5432234432234433,1.5536996336996336,-0.772,0.652,-0.092,0.0,0.0,0.0
108,92,1789460386.773206,100.0,1,0,1.5432234432234433,1.5545054945054946,-0.773,0.648,-0.094,0.0,-1.0,0.0
108,93,1789460386.783206,100.0,1,0,1.5424175824175823,1.5536996336996336,-0.77,0.646,-0.098,0.0,-1.0,0.0
108,94,1789460386.793206,100.0,1,0,1.5432234432234433,1.5536996336996336,-0.764,0.646,-0.1,0.0,-1.0,0.0
108,95,1789460386.803206,100.0,1,0,1.5432234432234433,1.5536996336996336,-0.763,0.649,-0.101,0.0,-1.0,0.0
108,96,1789460386.813206,100.0,1,0,1.544029304029304,1.5536996336996336,-0.764,0.655,-0.096,0.0,0.0,0.0
108,97,1789460386.823206,100.0,1,0,1.5432234432234433,1.5545054945054946,-0.762,0.656,-0.093,0.0,0.0,0.0
108,98,1789460386.833206,100.0,1,0,1.5432234432234433,1.5536996336996336,-0.764,0.657,-0.09,0.0,0.0,0.0
108,99,1789460386.843206,100.0,1,0,1.5432234432234433,1.5536996336996336,-0.774,0.656,-0.094,0.0,0.0,0.0
109,0,1789460386.870842,100.0,1,0,1.5432234432234433,1.5536996336996336,-0.778,0.656,-0.096,0.0,0.0,0.0
109,1,1789460386.880842,100.0,1,0,1.5432234432234433,1.5536996336996336,-0.776,0.653,-0.093,0.0,0.0,0.0
109,2,1789460386.890842,100.0,1,0,1.5424175824175823,1.5536996336996336,-0.77,0.654,-0.099,0.0,0.0,0.0
109,3,1789460386.900842,100.0,1,0,1.5432234432234433,1.5536996336996336,-0.767,0.655,-0.104,0.0,0.0,0.0
109,4,1789460386.910842,100.0,1,0,1.5448351648351648,1.5528937728937728,-0.764,0.659,-0.104,0.0,0.0,0.0
109,5,1789460386.920842,100.0,1,0,1.544029304029304,1.5528937728937728,-0.76,0.661,-0.1,0.0,0.0,0.0
109,6,1789460386.930842,100.0,1,0,1.544029304029304,1.5528937728937728,-0.757,0.659,-0.097,0.0,0.0,0.0
109,7,1789460386.940842,100.0,1,0,1.544029304029304,1.5528937728937728,-0.755,0.66,-0.095,0.0,0.0,0.0
109,8,1789460386.950842,100.0,1,0,1.5448351648351648,1.5528937728937728,-0.756,0.659,-0.093,0.0,0.0,0.0
109,9,1789460386.960842,100.0,1,0,1.5448351648351648,1.552087912087912,-0.759,0.658,-0.097,0.0,0.0,0.0
109,10,1789460386.970842,100.0,1,0,1.5456410256410256,1.5528937728937728,-0.765,0.658,-0.097,0.0,0.0,0.0
109,11,1789460386.980842,100.0,1,0,1.5456410256410256,1.5528937728937728,-0.768,0.658,-0.096,0.0,0.0,0.0
109,12,1789460386.990842,100.0,1,0,1.5464468864468865,1.5528937728937728,-0.768,0.658,-0.097,0.0,0.0,0.0
109,13,1789460387.000842,100.0,1,0,1.5456410256410256,1.5512820512820513,-0.767,0.658,-0.098,0.0,0.0,0.0
109,14,1789460387.010842,100.0,1,0,1.5456410256410256,1.5504761904761906,-0.766,0.656,-0.098,-1.0,0.0,0.0
109,15,1789460387.020842,100.0,1,0,1.5456410256410256,1.5504761904761906,-0.766,0.655,-0.099,-1.0,0.0,0.0
109,16,1789460387.030842,100.0,1,0,1.5464468864468865,1.548058608058608,-0.763,0.652,-0.097,-1.0,0.0,0.0
109,17,1789460387.040842,100.0,1,0,1.5472527472527473,1.5488644688644688,-0.765,0.649,-0.091,0.0,0.0,0.0
109,18,1789460387.050842,100.0,1,0,1.5488644688644688,1.5472527472527473,-0.77,0.646,-0.096,0.0,0.0,0.0
109,19,1789460387.060842,100.0,1,0,1.5472527472527473,1.5456410256410256,-0.775,0.649,-0.102,0.0,0.0,0.0
109,20,1789460387.070842,100.0,1,0,1.5488644688644688,1.5456410256410256,-0.774,0.651,-0.096,0.0,0.0,0.0
109,21,1789460387.080842,100.0,1,0,1.5512820512820513,1.5448351648351648,-0.775,0.654,-0.094,0.0,0.0,1.0
109,22,1789460387.090842,100.0,1,0,1.5496703296703296,1.5448351648351648,-0.775,0.659,-0.097,0.0,0.0,1.0
109,23,1789460387.100842,100.0,1,0,1.552087912087912,1.5448351648351648,-0.771,0.662,-0.093,0.0,0.0,1.0
109,24,1789460387.110842,100.0,1,0,1.552087912087912,1.5448351648351648,-0.762,0.661,-0.093,0.0,0.0,0.0
109,25,1789460387.120842,100.0,1,0,1.5512820512820513,1.544029304029304,-0.756,0.657,-0.097,0.0,0.0,0.0
109,26,1789460387.130842,100.0,1,0,1.5512820512820513,1.544029304029304,-0.76,0.654,-0.102,0.0,0.0,0.0
109,27,1789460387.140842,100.0,1,0,1.552087912087912,1.5448351648351648,-0.764,0.654,-0.104,-1.0,0.0,0.0
109,28,1789460387.150842,100.0,1,0,1.5528937728937728,1.5432234432234433,-0.77,0.651,-0.1,0.0,0.0,0.0
109,29,1789460387.160842,100.0,1,0,1.5528937728937728,1.544029304029304,-0.776,0.653,-0.094,0.0,0.0,0.0
109,30,1789460387.170842,100.0,1,0,1.5528937728937728,1.5432234432234433,-0.776,0.653,-0.094,0.0,0.0,0.0
109,31,1789460387.180842,100.0,1,0,1.5528937728937728,1.5432234432234433,-0.775,0.656,-0.093,0.0,0.0,0.0
109,32,1789460387.190842,100.0,1,0,1.5528937728937728,1.544029304029304,-0.771,0.656,-0.097,0.0,0.0,0.0
109,33,1789460387.200842,100.0,1,0,1.5528937728937728,1.544029304029304,-0.768,0.654,-0.098,0.0,0.0,0.0
109,34,1789460387.210842,100.0,1,0,1.5536996336996336,1.544029304029304,-0.762,0.656,-0.097,0.0,0.0,0.0
109,35,1789460387.220842,100.0,1,0,1.5528937728937728,1.544029304029304,-0.758,0.657,-0.098,0.0,0.0,0.0
109,36,1789460387.230842,100.0,1,0,1.5528937728937728,1.544029304029304,-0.758,0.655,-0.101,0.0,0.0,0.0
109,37,1789460387.240842,100.0,1,0,1.5528937728937728,1.5448351648351648,-0.762,0.656,-0.1,0.0,0.0,0.0
109,38,1789460387.250842,100.0,1,0,1.5528937728937728,1.544029304029304,-0.768,0.658,-0.099,0.0,0.0,0.0
109,39,1789460387.260842,100.0,1,0,1.5528937728937728,1.5448351648351648,-0.771,0.656,-0.095,0.0,0.0,0.0
109,40,1789460387.270842,100.0,1,0,1.552087912087912,1.5432234432234433,-0.768,0.655,-0.098,0.0,0.0,0.0
109,41,1789460387.280842,100.0,1,0,1.552087912087912,1.5448351648351648,-0.762,0.654,-0.097,0.0,0.0,0.0
109,42,1789460387.290842,100.0,1,0,1.5528937728937728,1.5448351648351648,-0.763,0.653,-0.095,0.0,0.0,0.0
109,43,1789460387.300842,100.0,1,0,1.5528937728937728,1.544029304029304,-0.767,0.651,-0.098,0.0,0.0,0.0
109,44,1789460387.310842,100.0,1,0,1.552087912087912,1.5432234432234433,-0.769,0.654,-0.097,0.0,0.0,0.0
109,45,1789460387.320842,100.0,1,0,1.5528937728937728,1.5432234432234433,-0.767,0.655,-0.094,0.0,0.0,0.0
109,46,1789460387.330842,100.0,1,0,1.5536996336996336,1.5432234432234433,-0.769,0.657,-0.097,0.0,0.0,1.0
109,47,1789460387.340842,100.0,1,0,1.5528937728937728,1.5432234432234433,-0.769,0.661,-0.1,0.0,0.0,1.0
109,48,1789460387.350842,100.0,1,0,1.5536996336996336,1.5432234432234433,-0.765,0.663,-0.096,0.0,0.0,0.0
109,49,1789460387.360842,100.0,1,0,1.5528937728937728,1.544029304029304,-0.761,0.66,-0.097,0.0,0.0,0.0
109,50,1789460387.370842,100.0,1,0,1.5536996336996336,1.5432234432234433,-0.76,0.663,-0.098,0.0,0.0,0.0
109,51,1789460387.380842,100.0,1,0,1.5536996336996336,1.5432234432234433,-0.756,0.665,-0.096,0.0,0.0,0.0
109,52,1789460387.390842,100.0,1,0,1.5528937728937728,1.5432234432234433,-0.759,0.665,-0.098,0.0,0.0,0.0
109,53,1789460387.400842,100.0,1,0,1.5536996336996336,1.5432234432234433,-0.763,0.665,-0.1,0.0,0.0,0.0
109,54,1789460387.410842,100.0,1,0,1.5536996336996336,1.5448351648351648,-0.768,0.667,-0.097,0.0,0.0,0.0
109,55,1789460387.420842,100.0,1,0,1.5536996336996336,1.544029304029304,-0.767,0.659,-0.095,0.0,0.0,0.0
109,56,1789460387.430842,100.0,1,0,1.5536996336996336,1.5432234432234433,-0.771,0.652,-0.097,0.0,0.0,0.0
109,57,1789460387.440842,100.0,1,0,1.5528937728937728,1.544029304029304,-0.774,0.652,-0.1,0.0,0.0,0.0
109,58,1789460387.450842,100.0,1,0,1.5536996336996336,1.5432234432234433,-0.774,0.65,-0.095,0.0,0.0,0.0
109,59,1789460387.460842,100.0,1,0,1.5528937728937728,1.544029304029304,-0.77,0.65,-0.093,0.0,0.0,0.0
109,60,1789460387.470842,100.0,1,0,1.5536996336996336,1.5432234432234433,-0.767,0.655,-0.097,0.0,0.0,0.0
109,61,1789460387.480842,100.0,1,0,1.5528937728937728,1.544029304029304,-0.762,0.657,-0.099,0.0,0.0,0.0
109,62,1789460387.490842,100.0,1,0,1.552087912087912,1.544029304029304,-0.758,0.661,-0.1,0.0,0.0,0.0
109,63,1789460387.500842,100.0,1,0,1.5528937728937728,1.544029304029304,-0.754,0.66,-0.097,-1.0,0.0,0.0
109,64,1789460387.510842,100.0,1,0,1.5528937728937728,1.544029304029304,-0.754,0.659,-0.091,-1.0,1.0,-1.0
109,65,1789460387.520842,100.0,1,0,1.552087912087912,1.5456410256410256,-0.768,0.652,-0.092,-1.0,1.0,-1.0
109,66,1789460387.530842,100.0,1,0,1.5528937728937728,1.5448351648351648,-0.781,0.648,-0.094,0.0,0.0,0.0
109,67,1789460387.540842,100.0,1,0,1.5528937728937728,1.544029304029304,-0.789,0.647,-0.092,0.0,0.0,1.0
109,68,1789460387.550842,100.0,1,0,1.5536996336996336,1.5448351648351648,-0.783,0.654,-0.096,0.0,0.0,1.0
109,69,1789460387.560842,100.0,1,0,1.5528937728937728,1.5432234432234433,-0.766,0.658,-0.1,0.0,-1.0,2.0
109,70,1789460387.570842,100.0,1,0,1.5536996336996336,1.5432234432234433,-0.75,0.661,-0.106,0.0,-1.0,1.0
109,71,1789460387.580842,100.0,1,0,1.5536996336996336,1.544029304029304,-0.745,0.667,-0.108,0.0,0.0,0.0
109,72,1789460387.590842,100.0,1,0,1.5545054945054946,1.5424175824175823,-0.747,0.669,-0.102,0.0,1.0,0.0
109,73,1789460387.600842,100.0,1,0,1.5536996336996336,1.5424175824175823,-0.751,0.668,-0.098,-1.0,1.0,0.0
109,74,1789460387.610842,100.0,1,0,1.5536996336996336,1.5432234432234433,-0.76,0.669,-0.093,-1.0,1.0,-1.0
109,75,1789460387.620842,100.0,1,0,1.5536996336996336,1.5432234432234433,-0.774,0.664,-0.092,-1.0,0.0,0.0
109,76,1789460387.630842,100.0,1,0,1.5528937728937728,1.5424175824175823,-0.78,0.66,-0.093,-1.0,0.0,0.0
109,77,1789460387.640842,100.0,1,0,1.5536996336996336,1.5424175824175823,-0.776,0.654,-0.094,-1.0,0.0,0.0
109,78,1789460387.650842,100.0,1,0,1.5536996336996336,1.5424175824175823,-0.767,0.651,-0.097,0.0,0.0,0.0
109,79,1789460387.660842,100.0,1,0,1.5528937728937728,1.5424175824175823,-0.766,0.654,-0.103,0.0,0.0,0.0
109,80,1789460387.670842,100.0,1,0,1.5528937728937728,1.5416117216117216,-0.762,0.657,-0.102,0.0,0.0,0.0
109,81,1789460387.680842,100.0,1,0,1.5536996336996336,1.5432234432234433,-0.758,0.661,-0.098,0.0,0.0,0.0
109,82,1789460387.690842,100.0,1,0,1.5536996336996336,1.5416117216117216,-0.759,0.661,-0.098,0.0,0.0,0.0
109,83,1789460387.700842,100.0,1,0,1.5536996336996336,1.5424175824175823,-0.76,0.659,-0.095,0.0,0.0,-1.0
109,84,1789460387.710842,100.0,1,0,1.5536996336996336,1.5424175824175823,-0.764,0.656,-0.096,0.0,0.0,0.0
109,85,1789460387.720842,100.0,1,0,1.5528937728937728,1.5424175824175823,-0.765,0.651,-0.102,0.0,0.0,0.0
109,86,1789460387.730842,100.0,1,0,1.5528937728937728,1.5432234432234433,-0.765,0.651,-0.097,-1.0,0.0,0.0
109,87,1789460387.740842,100.0,1,0,1.5528937728937728,1.5416117216117216,-0.769,0.648,-0.092,-1.0,0.0,0.0
109,88,1789460387.750842,100.0,1,0,1.5528937728937728,1.5424175824175823,-0.778,0.648,-0.095,0.0,0.0,0.0
109,89,1789460387.760842,100.0,1,0,1.552087912087912,1.5424175824175823,-0.777,0.651,-0.089,0.0,0.0,0.0
109,90,1789460387.770842,100.0,1,0,1.5528937728937728,1.5424175824175823,-0.772,0.653,-0.087,0.0,0.0,0.0
109,91,1789460387.780842,100.0,1,0,1.5528937728937728,1.5424175824175823,-0.766,0.654,-0.094,0.0,0.0,0.0
109,92,1789460387.790842,100.0,1,0,1.5528937728937728,1.5432234432234433,-0.766,0.656,-0.098,0.0,0.0,0.0
109,93,1789460387.800842,100.0,1,0,1.5545054945054946,1.5416117216117216,-0.765,0.657,-0.101,0.0,0.0,0.0
109,94,1789460387.810842,100.0,1,0,1.5528937728937728,1.5424175824175823,-0.765,0.656,-0.098,0.0,0.0,0.0
109,95,1789460387.820842,100.0,1,0,1.5536996336996336,1.5408058608058608,-0.765,0.654,-0.095,0.0,0.0,0.0
109,96,1789460387.830842,100.0,1,0,1.5528937728937728,1.5424175824175823,-0.768,0.653,-0.096,0.0,0.0,0.0
109,97,1789460387.840842,100.0,1,0,1.5528937728937728,1.5416117216117216,-0.77,0.654,-0.093,0.0,0.0,0.0
109,98,1789460387.850842,100.0,1,0,1.5536996336996336,1.5424175824175823,-0.772,0.655,-0.092,0.0,0.0,0.0
109,99,1789460387.860842,100.0,1,0,1.5528937728937728,1.5416117216117216,-0.769,0.656,-0.095,0.0,0.0,0.0
110,0,1789460387.836418,100.0,1,0,1.5528937728937728,1.5424175824175823,-0.766,0.658,-0.096,0.0,0.0,0.0
110,1,1789460387.846418,100.0,1,0,1.5536996336996336,1.5424175824175823,-0.763,0.657,-0.098,0.0,0.0,0.0
110,2,1789460387.856418,100.0,1,0,1.5528937728937728,1.5424175824175823,-0.76,0.656,-0.098,0.0,0.0,0.0
110,3,1789460387.866418,100.0,1,0,1.552087912087912,1.5424175824175823,-0.761,0.655,-0.098,0.0,0.0,0.0
110,4,1789460387.876418,100.0,1,0,1.552087912087912,1.5432234432234433,-0.762,0.652,-0.097,0.0,0.0,0.0
110,5,1789460387.886418,100.0,1,0,1.5528937728937728,1.544029304029304,-0.762,0.652,-0.097,0.0,0.0,0.0
110,6,1789460387.896418,100.0,1,0,1.552087912087912,1.5432234432234433,-0.765,0.651,-0.097,0.0,0.0,0.0
110,7,1789460387.906418,100.0,1,0,1.5528937728937728,1.5432234432234433,-0.772,0.654,-0.095,0.0,0.0,0.0
110,8,1789460387.916418,100.0,1,0,1.5528937728937728,1.544029304029304,-0.775,0.659,-0.095,0.0,0.0,0.0
110,9,1789460387.926418,100.0,1,0,1.5528937728937728,1.544029304029304,-0.77,0.662,-0.097,0.0,0.0,0.0
110,10,1789460387.936418,100.0,1,0,1.552087912087912,1.544029304029304,-0.763,0.667,-0.096,0.0,0.0,0.0
110,11,1789460387.946418,100.0,1,0,1.552087912087912,1.544029304029304,-0.756,0.668,-0.098,0.0,0.0,0.0
110,12,1789460387.956418,100.0,1,0,1.552087912087912,1.5432234432234433,-0.755,0.666,-0.097,-1.0,0.0,0.0
110,13,1789460387.966418,100.0,1,0,1.5512820512820513,1.544029304029304,-0.756,0.661,-0.098,-1.0,0.0,0.0
110,14,1789460387.976418,100.0,1,0,1.5512820512820513,1.5456410256410256,-0.761,0.658,-0.095,-1.0,0.0,0.0
110,15,1789460387.986418,100.0,1,0,1.5504761904761906,1.5448351648351648,-0.765,0.656,-0.095,-1.0,1.0,-1.0
110,16,1789460387.996418,100.0,1,0,1.5496703296703296,1.5448351648351648,-0.771,0.653,-0.097,0.0,0.0,0.0
110,17,1789460388.006418,100.0,1,0,1.5504761904761906,1.5448351648351648,-0.774,0.654,-0.098,0.0,0.0,0.0
110,18,1789460388.016418,100.0,1,0,1.5504761904761906,1.5448351648351648,-0.773,0.656,-0.095,0.0,0.0,0.0
110,19,1789460388.026418,100.0,1,0,1.5504761904761906,1.544029304029304,-0.771,0.658,-0.093,0.0,0.0,0.0
110,20,1789460388.036418,100.0,1,0,1.5488644688644688,1.5456410256410256,-0.766,0.657,-0.095,0.0,0.0,0.0
110,21,1789460388.046418,100.0,1,0,1.5488644688644688,1.5456410256410256,-0.764,0.655,-0.095,0.0,0.0,0.0
110,22,1789460388.056418,100.0,1,0,1.5472527472527473,1.5448351648351648,-0.764,0.656,-0.096,0.0,0.0,0.0
110,23,1789460388.066418,100.0,1,0,1.5504761904761906,1.5448351648351648,-0.765,0.657,-0.097,0.0,0.0,0.0
110,24,1789460388.076418,100.0,1,0,1.5472527472527473,1.5464468864468865,-0.766,0.657,-0.096,0.0,0.0,0.0
110,25,1789460388.086418,100.0,1,0,1.5456410256410256,1.5456410256410256,-0.767,0.658,-0.101,0.0,0.0,0.0
110,26,1789460388.096418,100.0,1,0,1.5472527472527473,1.5456410256410256,-0.768,0.659,-0.095,0.0,0.0,0.0
110,27,1789460388.106418,100.0,1,0,1.5456410256410256,1.5472527472527473,-0.764,0.658,-0.089,0.0,0.0,0.0
110,28,1789460388.116418,100.0,1,0,1.5456410256410256,1.5464468864468865,-0.763,0.655,-0.092,0.0,0.0,0.0
110,29,1789460388.126418,100.0,1,0,1.5448351648351648,1.5464468864468865,-0.763,0.652,-0.098,0.0,0.0,0.0
110,30,1789460388.136418,100.0,1,0,1.5464468864468865,1.5496703296703296,-0.76,0.649,-0.098,0.0,0.0,0.0
110,31,1789460388.146418,100.0,1,0,1.5464468864468865,1.5496703296703296,-0.763,0.649,-0.092,0.0,0.0,0.0
110,32,1789460388.156418,100.0,1,0,1.5448351648351648,1.5488644688644688,-0.767,0.652,-0.093,0.0,0.0,0.0
110,33,1789460388.166418,100.0,1,0,1.5448351648351648,1.5512820512820513,-0.779,0.657,-0.096,0.0,0.0,0.0
110,34,1789460388.176418,100.0,1,0,1.5448351648351648,1.5512820512820513,-0.782,0.659,-0.091,0.0,0.0,0.0
110,35,1789460388.186418,100.0,1,0,1.544029304029304,1.552087912087912,-0.776,0.66,-0.091,0.0,0.0,0.0
110,36,1789460388.196418,100.0,1,0,1.5448351648351648,1.5504761904761906,-0.77,0.662,-0.093,0.0,0.0,0.0
110,37,1789460388.206418,100.0,1,0,1.544029304029304,1.5512820512820513,-0.762,0.658,-0.099,0.0,0.0,0.0
110,38,1789460388.216418,100.0,1,0,1.5456410256410256,1.5512820512820513,-0.758,0.655,-0.106,0.0,0.0,0.0
110,39,1789460388.226418,100.0,1,0,1.5472527472527473,1.5512820512820513,-0.755,0.661,-0.104,0.0,0.0,0.0
110,40,1789460388.236418,100.0,1,0,1.5456410256410256,1.548058608058608,-0.757,0.662,-0.101,0.0,0.0,0.0
110,41,1789460388.246418,100.0,1,0,1.5456410256410256,1.5496703296703296,-0.761,0.663,-0.098,0.0,0.0,0.0
110,42,1789460388.256418,100.0,1,0,1.548058608058608,1.5488644688644688,-0.765,0.663,-0.093,-1.0,0.0,0.0
110,43,1789460388.266418,100.0,1,0,1.5464468864468865,1.5496703296703296,-0.769,0.662,-0.093,0.0,0.0,0.0
110,44,1789460388.276418,100.0,1,0,1.5472527472527473,1.5512820512820513,-0.771,0.66,-0.096,0.0,0.0,0.0
110,45,1789460388.286418,100.0,1,0,1.5456410256410256,1.552087912087912,-0.765,0.659,-0.096,0.0,0.0,0.0
110,46,1789460388.296418,100.0,1,0,1.5456410256410256,1.5504761904761906,-0.758,0.657,-0.097,0.0,0.0,0.0
110,47,1789460388.306418,100.0,1,0,1.5464468864468865,1.5512820512820513,-0.76,0.653,-0.099,0.0,0.0,0.0
110,48,1789460388.316418,100.0,1,0,1.5456410256410256,1.5512820512820513,-0.766,0.653,-0.1,0.0,0.0,-1.0
110,49,1789460388.326418,100.0,1,0,1.5456410256410256,1.5512820512820513,-0.773,0.651,-0.099,0.0,0.0,0.0
110,50,1789460388.336418,100.0,1,0,1.5456410256410256,1.5512820512820513,-0.776,0.651,-0.094,0.0,0.0,0.0
110,51,1789460388.346418,100.0,1,0,1.544029304029304,1.552087912087912,-0.774,0.653,-0.094,0.0,0.0,0.0
110,52,1789460388.356418,100.0,1,0,1.5448351648351648,1.552087912087912,-0.767,0.653,-0.098,0.0,-1.0,0.0
110,53,1789460388.366418,100.0,1,0,1.544029304029304,1.552087912087912,-0.761,0.651,-0.101,0.0,0.0,0.0
110,54,1789460388.376418,100.0,1,0,1.5456410256410256,1.5504761904761906,-0.758,0.652,-0.102,0.0,0.0,0.0
110,55,1789460388.386418,100.0,1,0,1.5448351648351648,1.5488644688644688,-0.762,0.653,-0.098,0.0,0.0,0.0
110,56,1789460388.396418,100.0,1,0,1.5448351648351648,1.552087912087912,-0.773,0.653,-0.095,0.0,0.0,0.0
110,57,1789460388.406418,100.0,1,0,1.5448351648351648,1.5528937728937728,-0.781,0.654,-0.087,0.0,0.0,0.0
110,58,1789460388.416418,100.0,1,0,1.5448351648351648,1.552087912087912,-0.779,0.655,-0.088,0.0,0.0,0.0
110,59,1789460388.426418,100.0,1,0,1.544029304029304,1.5528937728937728,-0.776,0.653,-0.095,0.0,-1.0,0.0
110,60,1789460388.436418,100.0,1,0,1.544029304029304,1.552087912087912,-0.774,0.652,-0.102,0.0,0.0,0.0
110,61,1789460388.446418,100.0,1,0,1.544029304029304,1.5528937728937728,-0.77,0.656,-0.1,0.0,0.0,0.0
110,62,1789460388.456418,100.0,1,0,1.5448351648351648,1.5528937728937728,-0.767,0.656,-0.097,0.0,0.0,0.0
110,63,1789460388.466418,100.0,1,0,1.5456410256410256,1.5528937728937728,-0.766,0.657,-0.098,1.0,-1.0,0.0
110,64,1789460388.476418,100.0,1,0,1.5456410256410256,1.5528937728937728,-0.765,0.658,-0.099,1.0,0.0,0.0
110,65,1789460388.486418,100.0,1,0,1.5448351648351648,1.5528937728937728,-0.764,0.659,-0.094,0.0,0.0,0.0
110,66,1789460388.496418,100.0,1,0,1.5448351648351648,1.5528937728937728,-0.763,0.661,-0.092,0.0,0.0,0.0
110,67,1789460388.506418,100.0,1,0,1.5448351648351648,1.5528937728937728,-0.763,0.659,-0.096,0.0,0.0,0.0
110,68,1789460388.516418,100.0,1,0,1.5456410256410256,1.5528937728937728,-0.762,0.654,-0.097,0.0,0.0,-1.0
110,69,1789460388.526418,100.0,1,0,1.544029304029304,1.5528937728937728,-0.767,0.652,-0.1,0.0,0.0,-1.0
110,70,1789460388.536418,100.0,1,0,1.5448351648351648,1.5536996336996336,-0.768,0.652,-0.098,0.0,0.0,0.0
110,71,1789460388.546418,100.0,1,0,1.544029304029304,1.5528937728937728,-0.768,0.654,-0.094,0.0,0.0,0.0
110,72,1789460388.556418,100.0,1,0,1.544029304029304,1.5528937728937728,-0.769,0.653,-0.095,0.0,0.0,0.0
110,73,1789460388.566418,100.0,1,0,1.544029304029304,1.5536996336996336,-0.768,0.651,-0.096,0.0,0.0,0.0
110,74,1789460388.576418,100.0,1,0,1.5432234432234433,1.5536996336996336,-0.767,0.649,-0.095,0.0,0.0,0.0
110,75,1789460388.586418,100.0,1,0,1.5432234432234433,1.5536996336996336,-0.767,0.649,-0.093,0.0,0.0,0.0
110,76,1789460388.596418,100.0,1,0,1.5432234432234433,1.5536996336996336,-0.767,0.649,-0.093,0.0,0.0,0.0
110,77,1789460388.606418,100.0,1,0,1.5432234432234433,1.5536996336996336,-0.767,0.648,-0.093,0.0,0.0,0.0
110,78,1789460388.616418,100.0,1,0,1.5432234432234433,1.5536996336996336,-0.77,0.65,-0.095,0.0,0.0,0.0
110,79,1789460388.626418,100.0,1,0,1.5432234432234433,1.5536996336996336,-0.77,0.651,-0.094,0.0,0.0,0.0
110,80,1789460388.636418,100.0,1,0,1.5424175824175823,1.5545054945054946,-0.77,0.654,-0.095,0.0,0.0,0.0
110,81,1789460388.646418,100.0,1,0,1.5432234432234433,1.5545054945054946,-0.77,0.662,-0.096,0.0,0.0,1.0
110,82,1789460388.656418,100.0,1,0,1.5424175824175823,1.5536996336996336,-0.766,0.664,-0.095,0.0,0.0,0.0
110,83,1789460388.666418,100.0,1,0,1.5432234432234433,1.5545054945054946,-0.76,0.667,-0.095,0.0,0.0,0.0
110,84,1789460388.676418,100.0,1,0,1.5432234432234433,1.5536996336996336,-0.758,0.666,-0.093,0.0,0.0,0.0
110,85,1789460388.686418,100.0,1,0,1.5432234432234433,1.5536996336996336,-0.758,0.661,-0.095,0.0,0.0,0.0
110,86,1789460388.696418,100.0,1,0,1.5432234432234433,1.5545054945054946,-0.764,0.656,-0.1,0.0,0.0,0.0
110,87,1789460388.706418,100.0,1,0,1.544029304029304,1.5545054945054946,-0.767,0.655,-0.097,0.0,0.0,0.0
110,88,1789460388.716418,100.0,1,0,1.5432234432234433,1.5545054945054946,-0.772,0.652,-0.094,0.0,0.0,0.0
110,89,1789460388.726418,100.0,1,0,1.5432234432234433,1.5536996336996336,-0.777,0.648,-0.089,0.0,0.0,0.0
110,90,1789460388.736418,100.0,1,0,1.5432234432234433,1.5545054945054946,-0.782,0.651,-0.089,0.0,0.0,0.0
110,91,1789460388.746418,100.0,1,0,1.5424175824175823,1.5545054945054946,-0.777,0.651,-0.089,0.0,0.0,0.0
110,92,1789460388.756418,100.0,1,0,1.5432234432234433,1.5536996336996336,-0.77,0.648,-0.092,0.0,-1.0,0.0
110,93,1789460388.766418,100.0,1,0,1.5432234432234433,1.5545054945054946,-0.762,0.65,-0.097,0.0,0.0,0.0
110,94,1789460388.776418,100.0,1,0,1.544029304029304,1.5536996336996336,-0.761,0.65,-0.098,0.0,0.0,0.0
110,95,1789460388.786418,100.0,1,0,1.5432234432234433,1.5545054945054946,-0.764,0.651,-0.092,0.0,0.0,0.0
110,96,1789460388.796418,100.0,1,0,1.5432234432234433,1.5545054945054946,-0.766,0.652,-0.088,0.0,0.0,0.0
110,97,1789460388.806418,100.0,1,0,1.5432234432234433,1.5545054945054946,-0.764,0.652,-0.09,0.0,0.0,0.0
110,98,1789460388.816418,100.0,1,0,1.5424175824175823,1.5553113553113553,-0.771,0.652,-0.091,0.0,0.0,0.0
110,99,1789460388.826418,100.0,1,0,1.5432234432234433,1.5536996336996336,-0.778,0.655,-0.093,0.0,0.0,0.0
111,0,1789460388.852710,100.0,1,0,1.5424175824175823,1.5545054945054946,-0.777,0.658,-0.093,0.0,0.0,1.0
111,1,1789460388.862710,100.0,1,0,1.544029304029304,1.5545054945054946,-0.77,0.663,-0.097,0.0,0.0,1.0
111,2,1789460388.872710,100.0,1,0,1.544029304029304,1.5545054945054946,-0.761,0.666,-0.101,0.0,0.0,1.0
111,3,1789460388.882710,100.0,1,0,1.544029304029304,1.5536996336996336,-0.755,0.667,-0.102,-1.0,0.0,0.0
111,4,1789460388.892710,100.0,1,0,1.544029304029304,1.5528937728937728,-0.75,0.667,-0.099,-1.0,1.0,0.0
111,5,1789460388.902710,100.0,1,0,1.5448351648351648,1.552087912087912,-0.752,0.659,-0.095,-1.0,1.0,0.0
111,6,1789460388.912710,100.0,1,0,1.5456410256410256,1.5536996336996336,-0.76,0.658,-0.095,-1.0,1.0,0.0
111,7,1789460388.922710,100.0,1,0,1.5456410256410256,1.5528937728937728,-0.768,0.659,-0.094,0.0,0.0,0.0
111,8,1789460388.932710,100.0,1,0,1.5448351648351648,1.552087912087912,-0.772,0.658,-0.094,0.0,0.0,0.0
111,9,1789460388.942710,100.0,1,0,1.5464468864468865,1.552087912087912,-0.775,0.656,-0.094,0.0,0.0,0.0
111,10,1789460388.952710,100.0,1,0,1.5456410256410256,1.5512820512820513,-0.773,0.658,-0.094,0.0,0.0,0.0
111,11,1789460388.962710,100.0,1,0,1.5488644688644688,1.552087912087912,-0.767,0.659,-0.094,0.0,0.0,0.0
111,12,1789460388.972710,100.0,1,0,1.5488644688644688,1.5464468864468865,-0.763,0.66,-0.097,0.0,0.0,0.0
111,13,1789460388.982710,100.0,1,0,1.5496703296703296,1.548058608058608,-0.757,0.66,-0.099,0.0,0.0,0.0
111,14,1789460388.992710,100.0,1,0,1.5488644688644688,1.5456410256410256,-0.754,0.656,-0.102,0.0,1.0,0.0
111,15,1789460389.002710,100.0,1,0,1.5528937728937728,1.5448351648351648,-0.758,0.658,-0.1,0.0,1.0,0.0
111,16,1789460389.012710,100.0,1,0,1.5512820512820513,1.5456410256410256,-0.765,0.661,-0.094,-1.0,1.0,0.0
111,17,1789460389.022710,100.0,1,0,1.5512820512820513,1.5448351648351648,-0.771,0.656,-0.096,-1.0,1.0,0.0
111,18,1789460389.032710,100.0,1,0,1.552087912087912,1.5448351648351648,-0.776,0.65,-0.095,-1.0,0.0,0.0
111,19,1789460389.042710,100.0,1,0,1.552087912087912,1.544029304029304,-0.778,0.646,-0.088,0.0,0.0,0.0
111,20,1789460389.052710,100.0,1,0,1.552087912087912,1.5456410256410256,-0.781,0.645,-0.091,0.0,0.0,0.0
111,21,1789460389.062710,100.0,1,0,1.5512820512820513,1.544029304029304,-0.78,0.646,-0.091,0.0,0.0,0.0
111,22,1789460389.072710,100.0,1,0,1.552087912087912,1.5456410256410256,-0.772,0.651,-0.085,1.0,-1.0,1.0
111,23,1789460389.082710,100.0,1,0,1.552087912087912,1.544029304029304,-0.762,0.658,-0.091,1.0,-1.0,0.0
111,24,1789460389.092710,100.0,1,0,1.5528937728937728,1.544029304029304,-0.758,0.662,-0.1,0.0,0.0,0.0
111,25,1789460389.102710,100.0,1,0,1.552087912087912,1.5432234432234433,-0.756,0.66,-0.104,0.0,0.0,0.0
111,26,1789460389.112710,100.0,1,0,1.552087912087912,1.544029304029304,-0.758,0.659,-0.099,0.0,0.0,0.0
111,27,1789460389.122710,100.0,1,0,1.5528937728937728,1.544029304029304,-0.764,0.657,-0.096,0.0,0.0,0.0
111,28,1789460389.132710,100.0,1,0,1.5528937728937728,1.5432234432234433,-0.771,0.653,-0.094,0.0,0.0,0.0
111,29,1789460389.142710,100.0,1,0,1.5528937728937728,1.5432234432234433,-0.774,0.652,-0.091,0.0,0.0,0.0
111,30,1789460389.152710,100.0,1,0,1.5536996336996336,1.544029304029304,-0.775,0.651,-0.091,0.0,0.0,0.0
111,31,1789460389.162710,100.0,1,0,1.5528937728937728,1.5432234432234433,-0.776,0.652,-0.094,0.0,0.0,0.0
111,32,1789460389.172710,100.0,1,0,1.5528937728937728,1.5432234432234433,-0.771,0.657,-0.095,0.0,0.0,0.0
111,33,1789460389.182710,100.0,1,0,1.5528937728937728,1.544029304029304,-0.764,0.66,-0.097,0.0,0.0,0.0
111,34,1789460389.192710,100.0,1,0,1.5528937728937728,1.5432234432234433,-0.757,0.66,-0.097,0.0,0.0,0.0
111,35,1789460389.202710,100.0,1,0,1.5528937728937728,1.5424175824175823,-0.754,0.661,-0.1,0.0,0.0,0.0
111,36,1789460389.212710,100.0,1,0,1.5528937728937728,1.5432234432234433,-0.757,0.661,-0.101,0.0,0.0,0.0
111,37,1789460389.222710,100.0,1,0,1.5528937728937728,1.5432234432234433,-0.761,0.661,-0.096,0.0,0.0,0.0
111,38,1789460389.232710,100.0,1,0,1.5528937728937728,1.5432234432234433,-0.765,0.658,-0.093,0.0,0.0,0.0
111,39,1789460389.242710,100.0,1,0,1.552087912087912,1.5432234432234433,-0.774,0.655,-0.094,0.0,0.0,0.0
111,40,1789460389.252710,100.0,1,0,1.552087912087912,1.544029304029304,-0.776,0.654,-0.093,0.0,0.0,0.0
111,41,1789460389.262710,100.0,1,0,1.5512820512820513,1.544029304029304,-0.778,0.653,-0.094,0.0,0.0,0.0
111,42,1789460389.272710,100.0,1,0,1.5528937728937728,1.544029304029304,-0.776,0.652,-0.096,0.0,0.0,0.0
111,43,1789460389.282710,100.0,1,0,1.5528937728937728,1.544029304029304,-0.765,0.654,-0.096,0.0,0.0,0.0
111,44,1789460389.292710,100.0,1,0,1.552087912087912,1.544029304029304,-0.754,0.657,-0.099,0.0,0.0,0.0
111,45,1789460389.302710,100.0,1,0,1.552087912087912,1.5424175824175823,-0.754,0.662,-0.098,0.0,0.0,0.0
111,46,1789460389.312710,100.0,1,0,1.552087912087912,1.544029304029304,-0.758,0.664,-0.096,0.0,0.0,0.0
111,47,1789460389.322710,100.0,1,0,1.552087912087912,1.5432234432234433,-0.761,0.662,-0.093,0.0,0.0,0.0
111,48,1789460389.332710,100.0,1,0,1.5512820512820513,1.5448351648351648,-0.761,0.662,-0.093,0.0,0.0,0.0
111,49,1789460389.342710,100.0,1,0,1.5504761904761906,1.544029304029304,-0.768,0.658,-0.093,0.0,0.0,0.0
111,50,1789460389.352710,100.0,1,0,1.552087912087912,1.5448351648351648,-0.776,0.655,-0.093,0.0,0.0,0.0
111,51,1789460389.362710,100.0,1,0,1.552087912087912,1.5448351648351648,-0.772,0.653,-0.094,0.0,0.0,0.0
111,52,1789460389.372710,100.0,1,0,1.5528937728937728,1.544029304029304,-0.765,0.654,-0.095,0.0,0.0,0.0
111,53,1789460389.382710,100.0,1,0,1.5512820512820513,1.544029304029304,-0.764,0.655,-0.1,0.0,0.0,0.0
111,54,1789460389.392710,100.0,1,0,1.552087912087912,1.5448351648351648,-0.762,0.656,-0.099,0.0,0.0,0.0
111,55,1789460389.402710,100.0,1,0,1.5512820512820513,1.544029304029304,-0.759,0.659,-0.095,0.0,0.0,0.0
111,56,1789460389.412710,100.0,1,0,1.5512820512820513,1.544029304029304,-0.762,0.663,-0.097,0.0,0.0,0.0
111,57,1789460389.422710,100.0,1,0,1.5512820512820513,1.5448351648351648,-0.767,0.662,-0.095,0.0,0.0,0.0
111,58,1789460389.432710,100.0,1,0,1.5512820512820513,1.544029304029304,-0.768,0.66,-0.093,0.0,0.0,0.0
111,59,1789460389.442710,100.0,1,0,1.552087912087912,1.544029304029304,-0.768,0.656,-0.098,0.0,0.0,0.0
111,60,1789460389.452710,100.0,1,0,1.5488644688644688,1.544029304029304,-0.765,0.654,-0.098,0.0,0.0,0.0
111,61,1789460389.462710,100.0,1,0,1.5512820512820513,1.5448351648351648,-0.765,0.652,-0.093,0.0,0.0,0.0
111,62,1789460389.472710,100.0,1,0,1.5496703296703296,1.5448351648351648,-0.765,0.654,-0.091,0.0,0.0,0.0
111,63,1789460389.482710,100.0,1,0,1.552087912087912,1.544029304029304,-0.771,0.657,-0.092,0.0,0.0,0.0
111,64,1789460389.492710,100.0,1,0,1.552087912087912,1.5432234432234433,-0.778,0.659,-0.094,0.0,0.0,0.0
111,65,1789460389.502710,100.0,1,0,1.5512820512820513,1.544029304029304,-0.775,0.656,-0.093,0.0,0.0,0.0
111,66,1789460389.512710,100.0,1,0,1.5528937728937728,1.5432234432234433,-0.763,0.653,-0.093,0.0,0.0,0.0
111,67,1789460389.522710,100.0,1,0,1.552087912087912,1.5432234432234433,-0.759,0.654,-0.102,0.0,0.0,0.0
111,68,1789460389.532710,100.0,1,0,1.5528937728937728,1.5424175824175823,-0.761,0.655,-0.107,0.0,0.0,0.0
111,69,1789460389.542710,100.0,1,0,1.5528937728937728,1.5416117216117216,-0.762,0.655,-0.101,0.0,0.0,0.0
111,70,1789460389.552710,100.0,1,0,1.5536996336996336,1.5424175824175823,-0.763,0.656,-0.094,0.0,0.0,0.0
111,71,1789460389.562710,100.0,1,0,1.5528937728937728,1.5424175824175823,-0.768,0.662,-0.094,0.0,0.0,0.0
111,72,1789460389.572710,100.0,1,0,1.5528937728937728,1.5416117216117216,-0.768,0.665,-0.096,0.0,0.0,0.0
111,73,1789460389.582710,100.0,1,0,1.5528937728937728,1.5424175824175823,-0.763,0.668,-0.095,0.0,0.0,0.0
111,74,1789460389.592710,100.0,1,0,1.5528937728937728,1.5416117216117216,-0.758,0.667,-0.096,0.0,0.0,0.0
111,75,1789460389.602710,100.0,1,0,1.552087912087912,1.5416117216117216,-0.757,0.668,-0.099,-1.0,0.0,0.0
111,76,1789460389.612710,100.0,1,0,1.5528937728937728,1.5416117216117216,-0.755,0.666,-0.098,-1.0,0.0,-1.0
111,77,1789460389.622710,100.0,1,0,1.5528937728937728,1.5408058608058608,-0.757,0.658,-0.095,-1.0,0.0,-1.0
111,78,1789460389.632710,100.0,1,0,1.5528937728937728,1.5416117216117216,-0.768,0.653,-0.095,0.0,0.0,-1.0
111,79,1789460389.642710,100.0,1,0,1.5528937728937728,1.5408058608058608,-0.779,0.651,-0.096,0.0,0.0,0.0
111,80,1789460389.652710,100.0,1,0,1.5528937728937728,1.5416117216117216,-0.783,0.652,-0.095,0.0,0.0,0.0
111,81,1789460389.662710,100.0,1,0,1.5536996336996336,1.5408058608058608,-0.779,0.654,-0.091,0.0,0.0,0.0
111,82,1789460389.672710,100.0,1,0,1.5536996336996336,1.5408058608058608,-0.769,0.655,-0.093,0.0,-1.0,0.0
111,83,1789460389.682710,100.0,1,0,1.5536996336996336,1.5408058608058608,-0.761,0.656,-0.101,0.0,0.0,0.0
111,84,1789460389.692710,100.0,1,0,1.5528937728937728,1.5408058608058608,-0.754,0.658,-0.101,0.0,0.0,0.0
111,85,1789460389.702710,100.0,1,0,1.5536996336996336,1.5408058608058608,-0.753,0.656,-0.096,0.0,0.0,0.0
111,86,1789460389.712710,100.0,1,0,1.5528937728937728,1.54,-0.76,0.654,-0.096,0.0,0.0,0.0
111,87,1789460389.722710,100.0,1,0,1.5528937728937728,1.54,-0.772,0.654,-0.092,0.0,0.0,0.0
111,88,1789460389.732710,100.0,1,0,1.5536996336996336,1.5408058608058608,-0.779,0.655,-0.085,0.0,0.0,0.0
111,89,1789460389.742710,100.0,1,0,1.5528937728937728,1.54,-0.778,0.658,-0.089,0.0,0.0,0.0
111,90,1789460389.752710,100.0,1,0,1.5528937728937728,1.5416117216117216,-0.774,0.656,-0.096,0.0,0.0,0.0
111,91,1789460389.762710,100.0,1,0,1.5528937728937728,1.5408058608058608,-0.766,0.653,-0.102,0.0,0.0,0.0
111,92,1789460389.772710,100.0,1,0,1.5528937728937728,1.5416117216117216,-0.759,0.651,-0.1,0.0,0.0,0.0
111,93,1789460389.782710,100.0,1,0,1.5528937728937728,1.5408058608058608,-0.76,0.652,-0.097,0.0,0.0,0.0
111,94,1789460389.792710,100.0,1,0,1.5528937728937728,1.5408058608058608,-0.765,0.653,-0.095,0.0,0.0,0.0
111,95,1789460389.802710,100.0,1,0,1.5528937728937728,1.5408058608058608,-0.77,0.654,-0.09,0.0,0.0,0.0
111,96,1789460389.812710,100.0,1,0,1.5528937728937728,1.5408058608058608,-0.77,0.656,-0.09,1.0,0.0,0.0
111,97,1789460389.822710,100.0,1,0,1.5528937728937728,1.5416117216117216,-0.77,0.66,-0.096,1.0,0.0,0.0
111,98,1789460389.832710,100.0,1,0,1.5528937728937728,1.5408058608058608,-0.765,0.663,-0.097,0.0,0.0,0.0
111,99,1789460389.842710,100.0,1,0,1.5528937728937728,1.5408058608058608,-0.764,0.659,-0.098,0.0,0.0,0.0
112,0,1789460389.874383,100.0,1,0,1.5536996336996336,1.5408058608058608,-0.761,0.659,-0.097,0.0,0.0,0.0
112,1,1789460389.884383,100.0,1,0,1.5536996336996336,1.5408058608058608,-0.763,0.66,-0.099,0.0,0.0,0.0
112,2,1789460389.894383,100.0,1,0,1.5528937728937728,1.5408058608058608,-0.765,0.657,-0.1,0.0,0.0,0.0
112,3,1789460389.904383,100.0,1,0,1.5536996336996336,1.5408058608058608,-0.767,0.654,-0.093,0.0,0.0,0.0
112,4,1789460389.914383,100.0,1,0,1.5536996336996336,1.5408058608058608,-0.769,0.653,-0.09,0.0,0.0,0.0
112,5,1789460389.924383,100.0,1,0,1.5536996336996336,1.5408058608058608,-0.771,0.65,-0.09,0.0,0.0,0.0
112,6,1789460389.934383,100.0,1,0,1.5545054945054946,1.5416117216117216,-0.768,0.648,-0.093,0.0,0.0,0.0
112,7,1789460389.944383,100.0,1,0,1.5528937728937728,1.5408058608058608,-0.764,0.649,-0.097,0.0,0.0,0.0
112,8,1789460389.954383,100.0,1,0,1.5536996336996336,1.5408058608058608,-0.767,0.654,-0.097,0.0,0.0,0.0
112,9,1789460389.964383,100.0,1,0,1.5536996336996336,1.5408058608058608,-0.768,0.655,-0.093,0.0,0.0,0.0
112,10,1789460389.974383,100.0,1,0,1.5528937728937728,1.54,-0.765,0.66,-0.094,0.0,0.0,0.0
112,11,1789460389.984383,100.0,1,0,1.5528937728937728,1.5416117216117216,-0.759,0.664,-0.098,0.0,0.0,0.0
112,12,1789460389.994384,100.0,1,0,1.5536996336996336,1.5416117216117216,-0.758,0.665,-0.097,0.0,0.0,0.0
112,13,1789460390.004384,100.0,1,0,1.5528937728937728,1.5408058608058608,-0.76,0.665,-0.095,0.0,0.0,0.0
112,14,1789460390.014384,100.0,1,0,1.5528937728937728,1.5408058608058608,-0.76,0.662,-0.093,0.0,0.0,0.0
112,15,1789460390.024384,100.0,1,0,1.5528937728937728,1.5424175824175823,-0.763,0.66,-0.096,0.0,0.0,0.0
112,16,1789460390.034384,100.0,1,0,1.552087912087912,1.5408058608058608,-0.767,0.659,-0.095,0.0,0.0,0.0
112,17,1789460390.044384,100.0,1,0,1.5528937728937728,1.5416117216117216,-0.77,0.66,-0.095,0.0,0.0,0.0
112,18,1789460390.054384,100.0,1,0,1.5528937728937728,1.5416117216117216,-0.771,0.656,-0.094,0.0,0.0,0.0
112,19,1789460390.064384,100.0,1,0,1.5528937728937728,1.5408058608058608,-0.769,0.657,-0.098,0.0,0.0,0.0
112,20,1789460390.074383,100.0,1,0,1.5528937728937728,1.5416117216117216,-0.769,0.658,-0.099,0.0,0.0,0.0
112,21,1789460390.084383,100.0,1,0,1.552087912087912,1.5416117216117216,-0.769,0.658,-0.099,0.0,0.0,0.0
112,22,1789460390.094383,100.0,1,0,1.552087912087912,1.5416117216117216,-0.766,0.662,-0.097,0.0,0.0,0.0
112,23,1789460390.104383,100.0,1,0,1.552087912087912,1.5416117216117216,-0.765,0.665,-0.093,0.0,0.0,0.0
112,24,1789460390.114383,100.0,1,0,1.552087912087912,1.5424175824175823,-0.761,0.665,-0.09,0.0,0.0,0.0
112,25,1789460390.124383,100.0,1,0,1.552087912087912,1.5424175824175823,-0.759,0.663,-0.092,0.0,0.0,0.0
112,26,1789460390.134383,100.0,1,0,1.5504761904761906,1.5424175824175823,-0.759,0.66,-0.097,0.0,0.0,0.0
112,27,1789460390.144383,100.0,1,0,1.552087912087912,1.5424175824175823,-0.761,0.657,-0.097,0.0,0.0,0.0
112,28,1789460390.154383,100.0,1,0,1.5512820512820513,1.5432234432234433,-0.76,0.653,-0.093,0.0,0.0,0.0
112,29,1789460390.164383,100.0,1,0,1.5504761904761906,1.5432234432234433,-0.761,0.652,-0.09,0.0,0.0,-1.0
112,30,1789460390.174383,100.0,1,0,1.5472527472527473,1.5432234432234433,-0.77,0.651,-0.09,0.0,0.0,0.0
112,31,1789460390.184383,100.0,1,0,1.5488644688644688,1.544029304029304,-0.78,0.652,-0.095,0.0,0.0,0.0
112,32,1789460390.194383,100.0,1,0,1.5488644688644688,1.5432234432234433,-0.78,0.651,-0.092,0.0,0.0,0.0
112,33,1789460390.204383,100.0,1,0,1.548058608058608,1.5432234432234433,-0.773,0.654,-0.09,0.0,0.0,1.0
112,34,1789460390.214383,100.0,1,0,1.5512820512820513,1.5432234432234433,-0.764,0.655,-0.096,0.0,0.0,1.0
112,35,1789460390.224383,100.0,1,0,1.5496703296703296,1.544029304029304,-0.757,0.657,-0.102,0.0,0.0,0.0
112,36,1789460390.234383,100.0,1,0,1.5504761904761906,1.5424175824175823,-0.752,0.662,-0.102,0.0,0.0,0.0
112,37,1789460390.244384,100.0,1,0,1.5496703296703296,1.5432234432234433,-0.753,0.667,-0.098,0.0,0.0,0.0
112,38,1789460390.254384,100.0,1,0,1.5472527472527473,1.5432234432234433,-0.758,0.671,-0.094,0.0,0.0,0.0
112,39,1789460390.264384,100.0,1,0,1.5488644688644688,1.5432234432234433,-0.763,0.671,-0.091,0.0,0.0,0.0
112,40,1789460390.274384,100.0,1,0,1.548058608058608,1.544029304029304,-0.768,0.667,-0.093,0.0,0.0,0.0
112,41,1789460390.284384,100.0,1,0,1.5456410256410256,1.5448351648351648,-0.769,0.662,-0.097,0.0,0.0,0.0
112,42,1789460390.294384,100.0,1,0,1.5472527472527473,1.544029304029304,-0.769,0.661,-0.099,-1.0,0.0,0.0
112,43,1789460390.304384,100.0,1,0,1.5464468864468865,1.5448351648351648,-0.764,0.659,-0.097,0.0,0.0,0.0
112,44,1789460390.314384,100.0,1,0,1.5472527472527473,1.5448351648351648,-0.758,0.656,-0.094,0.0,0.0,-1.0
112,45,1789460390.324383,100.0,1,0,1.5472527472527473,1.5448351648351648,-0.761,0.653,-0.095,0.0,0.0,-1.0
112,46,1789460390.334383,100.0,1,0,1.5464468864468865,1.5448351648351648,-0.77,0.651,-0.096,0.0,0.0,0.0
112,47,1789460390.344383,100.0,1,0,1.5456410256410256,1.5456410256410256,-0.777,0.649,-0.095,0.0,0.0,0.0
112,48,1789460390.354383,100.0,1,0,1.5464468864468865,1.5448351648351648,-0.778,0.651,-0.091,0.0,0.0,0.0
112,49,1789460390.364383,100.0,1,0,1.5456410256410256,1.5456410256410256,-0.777,0.654,-0.093,1.0,0.0,0.0
112,50,1789460390.374383,100.0,1,0,1.544029304029304,1.5464468864468865,-0.769,0.656,-0.1,0.0,0.0,0.0
112,51,1789460390.384383,100.0,1,0,1.5448351648351648,1.5464468864468865,-0.759,0.66,-0.103,0.0,0.0,0.0
112,52,1789460390.394383,100.0,1,0,1.5448351648351648,1.5464468864468865,-0.75,0.658,-0.097,0.0,1.0,0.0
112,53,1789460390.404383,100.0,1,0,1.5448351648351648,1.548058608058608,-0.753,0.656,-0.098,-1.0,1.0,-1.0
112,54,1789460390.414383,100.0,1,0,1.5432234432234433,1.5512820512820513,-0.765,0.653,-0.098,-1.0,1.0,-1.0
112,55,1789460390.424383,100.0,1,0,1.5432234432234433,1.552087912087912,-0.775,0.653,-0.085,0.0,0.0,0.0
112,56,1789460390.434383,100.0,1,0,1.5432234432234433,1.552087912087912,-0.781,0.649,-0.085,0.0,0.0,0.0
112,57,1789460390.444383,100.0,1,0,1.5432234432234433,1.5528937728937728,-0.782,0.645,-0.087,1.0,-1.0,0.0
112,58,1789460390.454383,100.0,1,0,1.5432234432234433,1.552087912087912,-0.782,0.641,-0.09,1.0,-1.0,1.0
112,59,1789460390.464383,100.0,1,0,1.544029304029304,1.5496703296703296,-0.773,0.643,-0.094,2.0,-1.0,1.0
112,60,1789460390.474383,100.0,1,0,1.5456410256410256,1.5472527472527473,-0.767,0.648,-0.098,2.0,-1.0,1.0
112,61,1789460390.484383,100.0,1,0,1.5472527472527473,1.5456410256410256,-0.768,0.657,-0.099,3.0,-1.0,1.0
112,62,1789460390.494384,100.0,1,0,1.5496703296703296,1.544029304029304,-0.77,0.663,-0.099,3.0,-1.0,1.0
112,63,1789460390.504384,100.0,1,0,1.5528937728937728,1.5416117216117216,-0.762,0.669,-0.097,2.0,-1.0,1.0
112,64,1789460390.514384,100.0,1,0,1.5536996336996336,1.5416117216117216,-0.755,0.67,-0.096,1.0,-1.0,0.0
112,65,1789460390.524384,100.0,1,0,1.5553113553113553,1.5391941391941393,-0.755,0.667,-0.098,0.0,0.0,0.0
112,66,1789460390.534384,100.0,1,0,1.556117216117216,1.5375824175824175,-0.759,0.665,-0.098,0.0,0.0,0.0
112,67,1789460390.544384,100.0,1,0,1.5569230769230769,1.5335531135531135,-0.762,0.66,-0.097,0.0,0.0,0.0
112,68,1789460390.554384,100.0,1,0,1.5577289377289378,1.531941391941392,-0.767,0.656,-0.097,0.0,0.0,0.0
112,69,1789460390.564384,100.0,1,0,1.56014652014652,1.5303296703296703,-0.768,0.656,-0.103,0.0,0.0,0.0
112,70,1789460390.574383,100.0,1,0,1.5617582417582418,1.5295238095238095,-0.77,0.654,-0.106,0.0,0.0,0.0
112,71,1789460390.584383,100.0,1,0,1.5625641025641026,1.527912087912088,-0.771,0.656,-0.098,0.0,0.0,0.0
112,72,1789460390.594383,100.0,1,0,1.5625641025641026,1.527912087912088,-0.768,0.656,-0.096,0.0,0.0,0.0
112,73,1789460390.604383,100.0,1,0,1.5625641025641026,1.5263003663003663,-0.763,0.656,-0.096,0.0,0.0,0.0
112,74,1789460390.614383,100.0,1,0,1.5641758241758241,1.5263003663003663,-0.76,0.652,-0.098,0.0,0.0,0.0
112,75,1789460390.624383,100.0,1,0,1.5617582417582418,1.5263003663003663,-0.761,0.654,-0.102,0.0,0.0,0.0
112,76,1789460390.634383,100.0,1,0,1.5625641025641026,1.5263003663003663,-0.764,0.659,-0.101,0.0,0.0,0.0
112,77,1789460390.644383,100.0,1,0,1.5625641025641026,1.5263003663003663,-0.766,0.66,-0.098,0.0,0.0,0.0
112,78,1789460390.654383,100.0,1,0,1.5625641025641026,1.5254945054945055,-0.765,0.662,-0.098,0.0,0.0,0.0
112,79,1789460390.664383,100.0,1,0,1.5625641025641026,1.5254945054945055,-0.763,0.66,-0.095,-1.0,0.0,0.0
112,80,1789460390.674383,100.0,1,0,1.5617582417582418,1.527106227106227,-0.763,0.657,-0.092,-1.0,0.0,0.0
112,81,1789460390.684383,100.0,1,0,1.56014652014652,1.527106227106227,-0.762,0.656,-0.096,0.0,0.0,0.0
112,82,1789460390.694383,100.0,1,0,1.5593406593406594,1.527912087912088,-0.763,0.654,-0.099,0.0,0.0,0.0
112,83,1789460390.704383,100.0,1,0,1.5577289377289378,1.5287179487179487,-0.763,0.654,-0.099,0.0,0.0,0.0
112,84,1789460390.714383,100.0,1,0,1.5577289377289378,1.5287179487179487,-0.768,0.655,-0.097,0.0,0.0,0.0
112,85,1789460390.724383,100.0,1,0,1.5577289377289378,1.5295238095238095,-0.771,0.656,-0.097,0.0,0.0,0.0
112,86,1789460390.734383,100.0,1,0,1.5577289377289378,1.5295238095238095,-0.771,0.658,-0.094,0.0,0.0,0.0
112,87,1789460390.744384,100.0,1,0,1.5569230769230769,1.5303296703296703,-0.77,0.656,-0.091,0.0,0.0,0.0
112,88,1789460390.754384,100.0,1,0,1.556117216117216,1.531135531135531,-0.771,0.655,-0.095,0.0,0.0,0.0
112,89,1789460390.764384,100.0,1,0,1.5569230769230769,1.5327472527472528,-0.767,0.655,-0.099,0.0,0.0,0.0
112,90,1789460390.774384,100.0,1,0,1.556117216117216,1.531941391941392,-0.76,0.655,-0.1,0.0,0.0,0.0
112,91,1789460390.784384,100.0,1,0,1.5553113553113553,1.5335531135531135,-0.76,0.658,-0.098,0.0,0.0,0.0
112,92,1789460390.794384,100.0,1,0,1.5553113553113553,1.5343589743589743,-0.764,0.658,-0.099,0.0,0.0,0.0
112,93,1789460390.804384,100.0,1,0,1.5536996336996336,1.5367765567765568,-0.764,0.658,-0.099,0.0,0.0,0.0
112,94,1789460390.814384,100.0,1,0,1.5536996336996336,1.5367765567765568,-0.764,0.658,-0.099,0.0,0.0,0.0
112,95,1789460390.824383,100.0,1,0,1.5536996336996336,1.5367765567765568,-0.77,0.66,-0.094,0.0,0.0,0.0
112,96,1789460390.834383,100.0,1,0,1.5528937728937728,1.5383882783882783,-0.769,0.655,-0.095,0.0,0.0,0.0
112,97,1789460390.844383,100.0,1,0,1.552087912087912,1.54,-0.766,0.656,-0.099,0.0,0.0,0.0
112,98,1789460390.854383,100.0,1,0,1.5512820512820513,1.5408058608058608,-0.764,0.652,-0.096,0.0,0.0,0.0
112,99,1789460390.864383,100.0,1,0,1.5512820512820513,1.5416117216117216,-0.763,0.649,-0.091,0.0,0.0,0.0
113,0,1789460390.835482,100.0,1,0,1.5488644688644688,1.5416117216117216,-0.768,0.651,-0.089,0.0,0.0,0.0
113,1,1789460390.845482,100.0,1,0,1.5472527472527473,1.5416117216117216,-0.777,0.652,-0.094,0.0,0.0,0.0
113,2,1789460390.855482,100.0,1,0,1.5472527472527473,1.5432234432234433,-0.78,0.655,-0.1,0.0,0.0,0.0
113,3,1789460390.865482,100.0,1,0,1.548058608058608,1.5432234432234433,-0.775,0.659,-0.095,0.0,0.0,1.0
113,4,1789460390.875482,100.0,1,0,1.5456410256410256,1.544029304029304,-0.761,0.667,-0.101,0.0,0.0,1.0
113,5,1789460390.885482,100.0,1,0,1.5464468864468865,1.5432234432234433,-0.761,0.667,-0.101,0.0,0.0,1.0
113,6,1789460390.895482,100.0,1,0,1.5464468864468865,1.544029304029304,-0.753,0.674,-0.102,-1.0,0.0,0.0
113,7,1789460390.905482,100.0,1,0,1.5456410256410256,1.544029304029304,-0.746,0.68,-0.097,-2.0,1.0,0.0
113,8,1789460390.915482,100.0,1,0,1.5464468864468865,1.544029304029304,-0.744,0.68,-0.098,-2.0,2.0,-2.0
113,9,1789460390.925482,100.0,1,0,1.5464468864468865,1.5432234432234433,-0.747,0.675,-0.097,-2.0,2.0,-3.0
113,10,1789460390.935482,100.0,1,0,1.5456410256410256,1.5448351648351648,-0.761,0.662,-0.096,-2.0,2.0,-3.0
113,11,1789460390.945482,100.0,1,0,1.5456410256410256,1.544029304029304,-0.774,0.65,-0.096,-1.0,2.0,-3.0
113,12,1789460390.955482,100.0,1,0,1.5464468864468865,1.544029304029304,-0.784,0.637,-0.095,0.0,0.0,-1.0
113,13,1789460390.965482,100.0,1,0,1.5456410256410256,1.5432234432234433,-0.788,0.628,-0.099,0.0,0.0,0.0
113,14,1789460390.975482,100.0,1,0,1.5472527472527473,1.5432234432234433,-0.784,0.625,-0.098,0.0,-1.0,0.0
113,15,1789460390.985482,100.0,1,0,1.5464468864468865,1.5424175824175823,-0.782,0.627,-0.097,0.0,-1.0,1.0
113,16,1789460390.995482,100.0,1,0,1.5472527472527473,1.5408058608058608,-0.774,0.637,-0.097,1.0,-1.0,2.0
113,17,1789460391.005482,100.0,1,0,1.5464468864468865,1.5424175824175823,-0.765,0.646,-0.096,1.0,0.0,2.0
113,18,1789460391.015482,100.0,1,0,1.5472527472527473,1.5416117216117216,-0.759,0.657,-0.093,0.0,0.0,2.0
113,19,1789460391.025482,100.0,1,0,1.5456410256410256,1.5416117216117216,-0.751,0.66,-0.094,0.0,0.0,1.0
113,20,1789460391.035482,100.0,1,0,1.5464468864468865,1.5416117216117216,-0.749,0.658,-0.103,0.0,0.0,0.0
113,21,1789460391.045482,100.0,1,0,1.5456410256410256,1.5424175824175823,-0.758,0.66,-0.105,-1.0,1.0,0.0
113,22,1789460391.055482,100.0,1,0,1.5472527472527473,1.5432234432234433,-0.763,0.661,-0.096,-1.0,0.0,0.0
113,23,1789460391.065482,100.0,1,0,1.5464468864468865,1.5432234432234433,-0.773,0.658,-0.089,0.0,0.0,0.0
113,24,1789460391.075482,100.0,1,0,1.5464468864468865,1.5432234432234433,-0.784,0.658,-0.093,0.0,0.0,0.0
113,25,1789460391.085482,100.0,1,0,1.5456410256410256,1.5432234432234433,-0.787,0.66,-0.089,0.0,0.0,1.0
113,26,1789460391.095482,100.0,1,0,1.5456410256410256,1.5448351648351648,-0.775,0.663,-0.09,0.0,-1.0,1.0
113,27,1789460391.105482,100.0,1,0,1.5472527472527473,1.5456410256410256,-0.761,0.662,-0.097,0.0,0.0,0.0
113,28,1789460391.115482,100.0,1,0,1.5464468864468865,1.5456410256410256,-0.753,0.662,-0.104,0.0,0.0,0.0
113,29,1789460391.125482,100.0,1,0,1.5464468864468865,1.5448351648351648,-0.753,0.664,-0.106,0.0,0.0,0.0
113,30,1789460391.135482,100.0,1,0,1.5488644688644688,1.5456410256410256,-0.754,0.666,-0.102,0.0,0.0,0.0
113,31,1789460391.145482,100.0,1,0,1.5464468864468865,1.5456410256410256,-0.76,0.663,-0.096,0.0,0.0,0.0
113,32,1789460391.155482,100.0,1,0,1.548058608058608,1.5456410256410256,-0.77,0.661,-0.095,0.0,0.0,0.0
113,33,1789460391.165482,100.0,1,0,1.5472527472527473,1.5456410256410256,-0.771,0.655,-0.095,0.0,0.0,0.0
113,34,1789460391.175482,100.0,1,0,1.5472527472527473,1.5456410256410256,-0.77,0.65,-0.096,-1.0,0.0,0.0
113,35,1789460391.185482,100.0,1,0,1.5464468864468865,1.5456410256410256,-0.77,0.65,-0.097,-1.0,0.0,0.0
113,36,1789460391.195482,100.0,1,0,1.5456410256410256,1.5448351648351648,-0.77,0.648,-0.094,-1.0,0.0,0.0
113,37,1789460391.205482,100.0,1,0,1.5464468864468865,1.5456410256410256,-0.773,0.646,-0.095,-1.0,0.0,0.0
113,38,1789460391.215482,100.0,1,0,1.5504761904761906,1.5448351648351648,-0.773,0.648,-0.097,-1.0,0.0,0.0
113,39,1789460391.225482,100.0,1,0,1.548058608058608,1.5448351648351648,-0.77,0.654,-0.099,0.0,0.0,0.0
113,40,1789460391.235482,100.0,1,0,1.5464468864468865,1.5448351648351648,-0.765,0.658,-0.099,0.0,0.0,1.0
113,41,1789460391.245482,100.0,1,0,1.5472527472527473,1.5456410256410256,-0.76,0.657,-0.095,0.0,0.0,1.0
113,42,1789460391.255482,100.0,1,0,1.5464468864468865,1.5448351648351648,-0.757,0.659,-0.091,0.0,0.0,1.0
113,43,1789460391.265482,100.0,1,0,1.5456410256410256,1.5464468864468865,-0.758,0.657,-0.093,0.0,0.0,0.0
113,44,1789460391.275482,100.0,1,0,1.5456410256410256,1.5496703296703296,-0.759,0.655,-0.095,0.0,0.0,0.0
113,45,1789460391.285482,100.0,1,0,1.548058608058608,1.5472527472527473,-0.764,0.655,-0.098,0.0,0.0,0.0
113,46,1789460391.295482,100.0,1,0,1.5472527472527473,1.5464468864468865,-0.772,0.656,-0.095,0.0,0.0,0.0
113,47,1789460391.305482,100.0,1,0,1.5456410256410256,1.5456410256410256,-0.769,0.656,-0.094,0.0,0.0,0.0
113,48,1789460391.315482,100.0,1,0,1.5472527472527473,1.5464468864468865,-0.767,0.657,-0.094,0.0,0.0,0.0
113,49,1789460391.325482,100.0,1,0,1.5464468864468865,1.5472527472527473,-0.763,0.658,-0.097,0.0,0.0,0.0
113,50,1789460391.335482,100.0,1,0,1.5472527472527473,1.5456410256410256,-0.766,0.656,-0.097,0.0,0.0,0.0
113,51,1789460391.345482,100.0,1,0,1.5504761904761906,1.5456410256410256,-0.77,0.655,-0.094,0.0,0.0,0.0
113,52,1789460391.355482,100.0,1,0,1.5472527472527473,1.5464468864468865,-0.772,0.658,-0.094,0.0,0.0,0.0
113,53,1789460391.365482,100.0,1,0,1.5488644688644688,1.5448351648351648,-0.768,0.661,-0.094,0.0,0.0,1.0
113,54,1789460391.375482,100.0,1,0,1.5464468864468865,1.5456410256410256,-0.763,0.665,-0.096,0.0,0.0,1.0
113,55,1789460391.385482,100.0,1,0,1.5472527472527473,1.5456410256410256,-0.756,0.669,-0.1,0.0,0.0,0.0
113,56,1789460391.395482,100.0,1,0,1.5464468864468865,1.5456410256410256,-0.757,0.67,-0.098,0.0,0.0,0.0
113,57,1789460391.405482,100.0,1,0,1.5472527472527473,1.5456410256410256,-0.76,0.667,-0.1,0.0,0.0,0.0
113,58,1789460391.415482,100.0,1,0,1.5464468864468865,1.5464468864468865,-0.762,0.663,-0.097,0.0,1.0,0.0
113,59,1789460391.425482,100.0,1,0,1.5456410256410256,1.5456410256410256,-0.763,0.657,-0.091,0.0,0.0,0.0
113,60,1789460391.435482,100.0,1,0,1.5456410256410256,1.5464468864468865,-0.767,0.652,-0.094,0.0,0.0,0.0
113,61,1789460391.445482,100.0,1,0,1.5464468864468865,1.5496703296703296,-0.768,0.65,-0.093,0.0,0.0,0.0
113,62,1789460391.455482,100.0,1,0,1.5464468864468865,1.5504761904761906,-0.768,0.648,-0.096,0.0,0.0,0.0
113,63,1789460391.465482,100.0,1,0,1.5448351648351648,1.5472527472527473,-0.77,0.648,-0.098,0.0,0.0,0.0
113,64,1789460391.475482,100.0,1,0,1.5456410256410256,1.5488644688644688,-0.772,0.65,-0.096,0.0,0.0,0.0
113,65,1789460391.485482,100.0,1,0,1.5472527472527473,1.5472527472527473,-0.77,0.652,-0.089,0.0,0.0,0.0
113,66,1789460391.495482,100.0,1,0,1.5464468864468865,1.5504761904761906,-0.77,0.652,-0.089,0.0,0.0,0.0
113,67,1789460391.505482,100.0,1,0,1.5464468864468865,1.548058608058608,-0.767,0.654,-0.089,0.0,0.0,0.0
113,68,1789460391.515482,100.0,1,0,1.5464468864468865,1.5456410256410256,-0.766,0.655,-0.094,0.0,0.0,0.0
113,69,1789460391.525482,100.0,1,0,1.5464468864468865,1.5456410256410256,-0.766,0.659,-0.095,0.0,0.0,0.0
113,70,1789460391.535482,100.0,1,0,1.548058608058608,1.5456410256410256,-0.764,0.661,-0.096,0.0,0.0,0.0
113,71,1789460391.545482,100.0,1,0,1.548058608058608,1.5448351648351648,-0.763,0.662,-0.099,0.0,0.0,1.0
113,72,1789460391.555482,100.0,1,0,1.5464468864468865,1.5448351648351648,-0.762,0.663,-0.101,0.0,0.0,0.0
113,73,1789460391.565482,100.0,1,0,1.548058608058608,1.5448351648351648,-0.762,0.662,-0.101,0.0,0.0,0.0
113,74,1789460391.575482,100.0,1,0,1.5512820512820513,1.5456410256410256,-0.764,0.662,-0.099,0.0,0.0,0.0
113,75,1789460391.585482,100.0,1,0,1.552087912087912,1.5448351648351648,-0.768,0.665,-0.099,0.0,0.0,0.0
113,76,1789460391.595482,100.0,1,0,1.552087912087912,1.544029304029304,-0.767,0.665,-0.095,0.0,0.0,0.0
113,77,1789460391.605482,100.0,1,0,1.5504761904761906,1.544029304029304,-0.764,0.662,-0.098,0.0,0.0,0.0
113,78,1789460391.615482,100.0,1,0,1.552087912087912,1.544029304029304,-0.76,0.66,-0.099,0.0,0.0,0.0
113,79,1789460391.625482,100.0,1,0,1.552087912087912,1.544029304029304,-0.757,0.661,-0.1,0.0,0.0,0.0
113,80,1789460391.635482,100.0,1,0,1.5504761904761906,1.5448351648351648,-0.76,0.663,-0.1,0.0,0.0,0.0
113,81,1789460391.645482,100.0,1,0,1.5504761904761906,1.5456410256410256,-0.762,0.659,-0.093,0.0,0.0,0.0
113,82,1789460391.655482,100.0,1,0,1.5496703296703296,1.5456410256410256,-0.761,0.66,-0.093,0.0,0.0,0.0
113,83,1789460391.665482,100.0,1,0,1.5488644688644688,1.5456410256410256,-0.763,0.657,-0.1,0.0,0.0,0.0
113,84,1789460391.675482,100.0,1,0,1.5504761904761906,1.5456410256410256,-0.762,0.654,-0.097,0.0,0.0,0.0
113,85,1789460391.685482,100.0,1,0,1.5512820512820513,1.548058608058608,-0.762,0.654,-0.095,0.0,0.0,0.0
113,86,1789460391.695482,100.0,1,0,1.5496703296703296,1.548058608058608,-0.762,0.656,-0.097,0.0,0.0,0.0
113,87,1789460391.705482,100.0,1,0,1.5488644688644688,1.5472527472527473,-0.764,0.655,-0.099,0.0,0.0,0.0
113,88,1789460391.715482,100.0,1,0,1.5488644688644688,1.5512820512820513,-0.764,0.655,-0.101,0.0,0.0,0.0
113,89,1789460391.725482,100.0,1,0,1.5488644688644688,1.5504761904761906,-0.766,0.655,-0.094,0.0,0.0,0.0
113,90,1789460391.735482,100.0,1,0,1.5464468864468865,1.5504761904761906,-0.769,0.657,-0.089,0.0,0.0,0.0
113,91,1789460391.745482,100.0,1,0,1.5464468864468865,1.5512820512820513,-0.771,0.658,-0.094,0.0,0.0,1.0
113,92,1789460391.755482,100.0,1,0,1.5456410256410256,1.552087912087912,-0.768,0.661,-0.094,0.0,0.0,0.0
113,93,1789460391.765482,100.0,1,0,1.5448351648351648,1.5528937728937728,-0.765,0.663,-0.094,0.0,0.0,0.0
113,94,1789460391.775482,100.0,1,0,1.5456410256410256,1.5528937728937728,-0.765,0.666,-0.098,0.0,0.0,0.0
113,95,1789460391.785482,100.0,1,0,1.5448351648351648,1.5528937728937728,-0.764,0.665,-0.1,0.0,0.0,0.0
113,96,1789460391.795482,100.0,1,0,1.5448351648351648,1.5536996336996336,-0.761,0.665,-0.101,0.0,0.0,0.0
113,97,1789460391.805482,100.0,1,0,1.5456410256410256,1.5545054945054946,-0.76,0.661,-0.099,0.0,0.0,0.0
113,98,1789460391.815482,100.0,1,0,1.5456410256410256,1.5536996336996336,-0.755,0.661,-0.099,0.0,0.0,0.0
113,99,1789460391.825482,100.0,1,0,1.5456410256410256,1.5536996336996336,-0.759,0.66,-0.095,0.0,0.0,0.0
114,0,1789460391.853731,100.0,1,0,1.5464468864468865,1.5536996336996336,-0.765,0.661,-0.1,0.0,0.0,0.0
114,1,1789460391.863731,100.0,1,0,1.5448351648351648,1.5536996336996336,-0.766,0.663,-0.102,0.0,0.0,0.0
114,2,1789460391.873731,100.0,1,0,1.5456410256410256,1.5536996336996336,-0.766,0.665,-0.099,0.0,0.0,0.0
114,3,1789460391.883731,100.0,1,0,1.5456410256410256,1.5553113553113553,-0.765,0.666,-0.097,0.0,0.0,0.0
114,4,1789460391.893731,100.0,1,0,1.5448351648351648,1.5545054945054946,-0.766,0.664,-0.099,0.0,0.0,0.0
114,5,1789460391.903731,100.0,1,0,1.5448351648351648,1.5553113553113553,-0.762,0.658,-0.1,-1.0,0.0,0.0
114,6,1789460391.913731,100.0,1,0,1.544029304029304,1.5553113553113553,-0.759,0.657,-0.098,0.0,0.0,0.0
114,7,1789460391.923731,100.0,1,0,1.5448351648351648,1.556117216117216,-0.76,0.656,-0.097,0.0,0.0,0.0
114,8,1789460391.933731,100.0,1,0,1.544029304029304,1.5553113553113553,-0.759,0.657,-0.097,0.0,0.0,0.0
114,9,1789460391.943731,100.0,1,0,1.5448351648351648,1.5553113553113553,-0.759,0.656,-0.097,0.0,0.0,0.0
114,10,1789460391.953731,100.0,1,0,1.544029304029304,1.556117216117216,-0.765,0.658,-0.096,0.0,0.0,0.0
114,11,1789460391.963731,100.0,1,0,1.5432234432234433,1.556117216117216,-0.77,0.658,-0.095,0.0,0.0,0.0
114,12,1789460391.973731,100.0,1,0,1.5432234432234433,1.556117216117216,-0.769,0.657,-0.094,0.0,0.0,0.0
114,13,1789460391.983731,100.0,1,0,1.5432234432234433,1.556117216117216,-0.763,0.657,-0.096,0.0,0.0,0.0
114,14,1789460391.993731,100.0,1,0,1.5432234432234433,1.556117216117216,-0.76,0.657,-0.098,0.0,0.0,0.0
114,15,1789460392.003731,100.0,1,0,1.5432234432234433,1.5553113553113553,-0.76,0.658,-0.101,0.0,0.0,0.0
114,16,1789460392.013731,100.0,1,0,1.5424175824175823,1.5553113553113553,-0.758,0.657,-0.1,0.0,0.0,0.0
114,17,1789460392.023731,100.0,1,0,1.544029304029304,1.5553113553113553,-0.762,0.659,-0.099,0.0,0.0,0.0
114,18,1789460392.033731,100.0,1,0,1.544029304029304,1.5545054945054946,-0.765,0.661,-0.097,0.0,0.0,0.0
114,19,1789460392.043731,100.0,1,0,1.544029304029304,1.556117216117216,-0.769,0.661,-0.096,0.0,0.0,0.0
114,20,1789460392.053731,100.0,1,0,1.544029304029304,1.5545054945054946,-0.767,0.662,-0.095,0.0,0.0,0.0
114,21,1789460392.063731,100.0,1,0,1.544029304029304,1.5545054945054946,-0.766,0.662,-0.097,0.0,0.0,0.0
114,22,1789460392.073731,100.0,1,0,1.544029304029304,1.5545054945054946,-0.763,0.663,-0.099,0.0,0.0,0.0
114,23,1789460392.083731,100.0,1,0,1.5448351648351648,1.5545054945054946,-0.763,0.662,-0.095,0.0,0.0,0.0
114,24,1789460392.093731,100.0,1,0,1.544029304029304,1.5545054945054946,-0.765,0.659,-0.097,0.0,0.0,0.0
114,25,1789460392.103731,100.0,1,0,1.5448351648351648,1.5545054945054946,-0.765,0.658,-0.098,0.0,0.0,0.0
114,26,1789460392.113731,100.0,1,0,1.544029304029304,1.5545054945054946,-0.766,0.66,-0.096,0.0,0.0,0.0
114,27,1789460392.123731,100.0,1,0,1.544029304029304,1.5545054945054946,-0.767,0.657,-0.098,0.0,0.0,0.0
114,28,1789460392.133731,100.0,1,0,1.544029304029304,1.5553113553113553,-0.764,0.662,-0.096,0.0,0.0,0.0
114,29,1789460392.143731,100.0,1,0,1.544029304029304,1.5545054945054946,-0.76,0.662,-0.1,0.0,0.0,0.0
114,30,1789460392.153731,100.0,1,0,1.544029304029304,1.5553113553113553,-0.756,0.659,-0.102,0.0,0.0,0.0
114,31,1789460392.163731,100.0,1,0,1.544029304029304,1.5553113553113553,-0.758,0.662,-0.098,0.0,0.0,0.0
114,32,1789460392.173731,100.0,1,0,1.544029304029304,1.5553113553113553,-0.76,0.666,-0.094,0.0,0.0,0.0
114,33,1789460392.183731,100.0,1,0,1.544029304029304,1.5553113553113553,-0.758,0.66,-0.095,0.0,0.0,0.0
114,34,1789460392.193731,100.0,1,0,1.544029304029304,1.5553113553113553,-0.763,0.656,-0.094,0.0,0.0,0.0
114,35,1789460392.203731,100.0,1,0,1.5456410256410256,1.556117216117216,-0.766,0.655,-0.094,0.0,0.0,0.0
114,36,1789460392.213731,100.0,1,0,1.544029304029304,1.5553113553113553,-0.768,0.651,-0.098,0.0,0.0,0.0
114,37,1789460392.223731,100.0,1,0,1.5448351648351648,1.5553113553113553,-0.769,0.649,-0.097,0.0,0.0,0.0
114,38,1789460392.233731,100.0,1,0,1.544029304029304,1.556117216117216,-0.765,0.651,-0.091,0.0,0.0,0.0
114,39,1789460392.243731,100.0,1,0,1.5432234432234433,1.5553113553113553,-0.765,0.651,-0.091,0.0,0.0,0.0
114,40,1789460392.253731,100.0,1,0,1.5432234432234433,1.556117216117216,-0.765,0.65,-0.089,0.0,0.0,0.0
114,41,1789460392.263731,100.0,1,0,1.544029304029304,1.5545054945054946,-0.773,0.652,-0.095,0.0,0.0,0.0
114,42,1789460392.273731,100.0,1,0,1.5448351648351648,1.5553113553113553,-0.779,0.655,-0.096,0.0,0.0,1.0
114,43,1789460392.283731,100.0,1,0,1.544029304029304,1.5545054945054946,-0.773,0.66,-0.093,0.0,0.0,1.0
114,44,1789460392.293731,100.0,1,0,1.544029304029304,1.5553113553113553,-0.761,0.663,-0.091,0.0,-1.0,1.0
114,45,1789460392.303731,100.0,1,0,1.5448351648351648,1.5545054945054946,-0.754,0.668,-0.1,0.0,0.0,1.0
114,46,1789460392.313731,100.0,1,0,1.5456410256410256,1.5536996336996336,-0.75,0.671,-0.107,0.0,0.0,0.0
114,47,1789460392.323731,100.0,1,0,1.5456410256410256,1.5536996336996336,-0.752,0.677,-0.104,-1.0,0.0,0.0
114,48,1789460392.333731,100.0,1,0,1.5456410256410256,1.5545054945054946,-0.755,0.68,-0.097,-1.0,0.0,0.0
114,49,1789460392.343731,100.0,1,0,1.5456410256410256,1.5545054945054946,-0.758,0.68,-0.095,-1.0,0.0,-1.0
114,50,1789460392.353731,100.0,1,0,1.5464468864468865,1.5545054945054946,-0.76,0.675,-0.095,-1.0,0.0,-1.0
114,51,1789460392.363731,100.0,1,0,1.5456410256410256,1.5536996336996336,-0.761,0.669,-0.094,-1.0,0.0,-1.0
114,52,1789460392.373731,100.0,1,0,1.5464468864468865,1.5545054945054946,-0.764,0.663,-0.097,-1.0,0.0,-1.0
114,53,1789460392.383731,100.0,1,0,1.5456410256410256,1.5536996336996336,-0.767,0.655,-0.101,-1.0,0.0,-1.0
114,54,1789460392.393731,100.0,1,0,1.5464468864468865,1.5536996336996336,-0.765,0.655,-0.099,0.0,0.0,-1.0
114,55,1789460392.403731,100.0,1,0,1.5456410256410256,1.5536996336996336,-0.761,0.654,-0.1,0.0,0.0,-1.0
114,56,1789460392.413731,100.0,1,0,1.5456410256410256,1.5536996336996336,-0.763,0.656,-0.1,0.0,0.0,-1.0
114,57,1789460392.423731,100.0,1,0,1.5456410256410256,1.5545054945054946,-0.766,0.661,-0.101,0.0,0.0,0.0
114,58,1789460392.433731,100.0,1,0,1.5464468864468865,1.5536996336996336,-0.766,0.659,-0.094,-1.0,0.0,0.0
114,59,1789460392.443731,100.0,1,0,1.5456410256410256,1.5545054945054946,-0.763,0.655,-0.087,0.0,0.0,0.0
114,60,1789460392.453731,100.0,1,0,1.5448351648351648,1.5536996336996336,-0.761,0.648,-0.085,0.0,0.0,0.0
114,61,1789460392.463731,100.0,1,0,1.5448351648351648,1.5536996336996336,-0.763,0.643,-0.093,0.0,0.0,0.0
114,62,1789460392.473731,100.0,1,0,1.5456410256410256,1.5528937728937728,-0.767,0.639,-0.099,0.0,0.0,0.0
114,63,1789460392.483731,100.0,1,0,1.5464468864468865,1.5528937728937728,-0.763,0.642,-0.096,1.0,0.0,0.0
114,64,1789460392.493731,100.0,1,0,1.5456410256410256,1.5528937728937728,-0.764,0.65,-0.099,1.0,0.0,0.0
114,65,1789460392.503731,100.0,1,0,1.5456410256410256,1.552087912087912,-0.769,0.663,-0.103,0.0,0.0,0.0
114,66,1789460392.513731,100.0,1,0,1.5456410256410256,1.5528937728937728,-0.77,0.672,-0.094,0.0,0.0,0.0
114,67,1789460392.523731,100.0,1,0,1.5472527472527473,1.5528937728937728,-0.765,0.676,-0.088,0.0,0.0,0.0
114,68,1789460392.533731,100.0,1,0,1.548058608058608,1.5528937728937728,-0.763,0.675,-0.088,0.0,0.0,0.0
114,69,1789460392.543731,100.0,1,0,1.5472527472527473,1.5528937728937728,-0.765,0.67,-0.094,0.0,0.0,0.0
114,70,1789460392.553731,100.0,1,0,1.5488644688644688,1.5528937728937728,-0.768,0.666,-0.097,-1.0,0.0,0.0
114,71,1789460392.563731,100.0,1,0,1.5472527472527473,1.5528937728937728,-0.769,0.662,-0.095,0.0,0.0,0.0
114,72,1789460392.573731,100.0,1,0,1.5456410256410256,1.5528937728937728,-0.766,0.658,-0.096,0.0,0.0,0.0
114,73,1789460392.583731,100.0,1,0,1.5464468864468865,1.5536996336996336,-0.764,0.656,-0.096,0.0,0.0,0.0
114,74,1789460392.593731,100.0,1,0,1.5464468864468865,1.5536996336996336,-0.764,0.656,-0.1,0.0,0.0,0.0
114,75,1789460392.603731,100.0,1,0,1.5464468864468865,1.5528937728937728,-0.764,0.659,-0.099,0.0,0.0,0.0
114,76,1789460392.613731,100.0,1,0,1.5464468864468865,1.5536996336996336,-0.765,0.662,-0.098,0.0,0.0,0.0
114,77,1789460392.623731,100.0,1,0,1.5456410256410256,1.5536996336996336,-0.764,0.661,-0.093,0.0,0.0,0.0
114,78,1789460392.633731,100.0,1,0,1.5456410256410256,1.5545054945054946,-0.761,0.661,-0.091,0.0,0.0,0.0
114,79,1789460392.643731,100.0,1,0,1.544029304029304,1.5545054945054946,-0.758,0.659,-0.093,0.0,0.0,0.0
114,80,1789460392.653731,100.0,1,0,1.544029304029304,1.5553113553113553,-0.76,0.652,-0.096,0.0,0.0,0.0
114,81,1789460392.663731,100.0,1,0,1.544029304029304,1.5553113553113553,-0.764,0.649,-0.096,0.0,0.0,0.0
114,82,1789460392.673731,100.0,1,0,1.544029304029304,1.5553113553113553,-0.769,0.648,-0.094,0.0,0.0,0.0
114,83,1789460392.683731,100.0,1,0,1.5432234432234433,1.5553113553113553,-0.768,0.647,-0.091,0.0,0.0,0.0
114,84,1789460392.693731,100.0,1,0,1.5432234432234433,1.5553113553113553,-0.763,0.647,-0.093,1.0,0.0,1.0
114,85,1789460392.703731,100.0,1,0,1.5432234432234433,1.556117216117216,-0.764,0.648,-0.099,1.0,0.0,1.0
114,86,1789460392.713731,100.0,1,0,1.5432234432234433,1.556117216117216,-0.764,0.652,-0.097,0.0,0.0,1.0
114,87,1789460392.723731,100.0,1,0,1.5432234432234433,1.556117216117216,-0.762,0.658,-0.093,0.0,0.0,1.0
114,88,1789460392.733731,100.0,1,0,1.5424175824175823,1.556117216117216,-0.763,0.664,-0.093,0.0,0.0,1.0
114,89,1789460392.743731,100.0,1,0,1.5424175824175823,1.556117216117216,-0.76,0.669,-0.094,0.0,0.0,0.0
114,90,1789460392.753731,100.0,1,0,1.5424175824175823,1.556117216117216,-0.763,0.671,-0.097,0.0,0.0,0.0
114,91,1789460392.763731,100.0,1,0,1.5432234432234433,1.556117216117216,-0.764,0.668,-0.099,0.0,0.0,0.0
114,92,1789460392.773731,100.0,1,0,1.5424175824175823,1.556117216117216,-0.762,0.666,-0.099,-1.0,0.0,0.0
114,93,1789460392.783731,100.0,1,0,1.5432234432234433,1.5569230769230769,-0.761,0.663,-0.099,-1.0,0.0,0.0
114,94,1789460392.793731,100.0,1,0,1.544029304029304,1.5569230769230769,-0.763,0.661,-0.099,0.0,0.0,0.0
114,95,1789460392.803731,100.0,1,0,1.5432234432234433,1.556117216117216,-0.77,0.659,-0.096,0.0,0.0,0.0
114,96,1789460392.813731,100.0,1,0,1.544029304029304,1.5569230769230769,-0.778,0.66,-0.093,0.0,0.0,0.0
114,97,1789460392.823731,100.0,1,0,1.5424175824175823,1.5569230769230769,-0.779,0.664,-0.093,0.0,0.0,0.0
114,98,1789460392.833731,100.0,1,0,1.5432234432234433,1.5569230769230769,-0.772,0.665,-0.093,1.0,-1.0,0.0
114,99,1789460392.843731,100.0,1,0,1.5424175824175823,1.5577289377289378,-0.765,0.665,-0.097,0.0,-1.0,0.0
115,0,1789460392.868654,100.0,1,0,1.5416117216117216,1.5585347985347986,-0.758,0.665,-0.099,0.0,-1.0,0.0
115,1,1789460392.878654,100.0,1,0,1.5424175824175823,1.5585347985347986,-0.752,0.665,-0.101,0.0,0.0,0.0
115,2,1789460392.888654,100.0,1,0,1.5416117216117216,1.5585347985347986,-0.752,0.663,-0.098,0.0,0.0,-1.0
115,3,1789460392.898654,100.0,1,0,1.5424175824175823,1.5585347985347986,-0.756,0.658,-0.097,0.0,0.0,-1.0
115,4,1789460392.908654,100.0,1,0,1.5416117216117216,1.5577289377289378,-0.762,0.652,-0.093,0.0,0.0,-1.0
115,5,1789460392.918654,100.0,1,0,1.5416117216117216,1.5585347985347986,-0.771,0.649,-0.094,0.0,0.0,-1.0
115,6,1789460392.928654,100.0,1,0,1.5408058608058608,1.5585347985347986,-0.777,0.646,-0.094,0.0,0.0,0.0
115,7,1789460392.938654,100.0,1,0,1.5408058608058608,1.5585347985347986,-0.777,0.646,-0.093,0.0,0.0,0.0
115,8,1789460392.948654,100.0,1,0,1.5416117216117216,1.5593406593406594,-0.769,0.647,-0.096,0.0,-1.0,0.0
115,9,1789460392.958654,100.0,1,0,1.5416117216117216,1.56014652014652,-0.763,0.647,-0.097,0.0,-1.0,0.0
115,10,1789460392.968654,100.0,1,0,1.54,1.5593406593406594,-0.758,0.648,-0.092,0.0,0.0,0.0
115,11,1789460392.978654,100.0,1,0,1.5408058608058608,1.5593406593406594,-0.758,0.648,-0.092,0.0,0.0,0.0
115,12,1789460392.988654,100.0,1,0,1.54,1.56014652014652,-0.758,0.648,-0.092,0.0,0.0,0.0
115,13,1789460392.998654,100.0,1,0,1.5408058608058608,1.5593406593406594,-0.76,0.658,-0.089,0.0,0.0,0.0
115,14,1789460393.008654,100.0,1,0,1.5416117216117216,1.5593406593406594,-0.769,0.659,-0.096,0.0,0.0,0.0
115,15,1789460393.018654,100.0,1,0,1.54,1.5593406593406594,-0.775,0.663,-0.097,1.0,0.0,1.0
115,16,1789460393.028654,100.0,1,0,1.5408058608058608,1.5585347985347986,-0.771,0.667,-0.096,1.0,0.0,1.0
115,17,1789460393.038654,100.0,1,0,1.5416117216117216,1.5577289377289378,-0.762,0.666,-0.098,0.0,0.0,1.0
115,18,1789460393.048654,100.0,1,0,1.5424175824175823,1.5569230769230769,-0.756,0.668,-0.105,0.0,0.0,0.0
115,19,1789460393.058654,100.0,1,0,1.5432234432234433,1.5569230769230769,-0.76,0.67,-0.107,0.0,0.0,0.0
115,20,1789460393.068654,100.0,1,0,1.5424175824175823,1.556117216117216,-0.76,0.67,-0.099,-1.0,0.0,0.0
115,21,1789460393.078654,100.0,1,0,1.5432234432234433,1.5569230769230769,-0.759,0.669,-0.094,-1.0,0.0,-1.0
115,22,1789460393.088654,100.0,1,0,1.544029304029304,1.556117216117216,-0.76,0.667,-0.093,-1.0,0.0,-1.0
115,23,1789460393.098654,100.0,1,0,1.5432234432234433,1.5569230769230769,-0.76,0.665,-0.094,-1.0,0.0,-1.0
115,24,1789460393.108654,100.0,1,0,1.5432234432234433,1.556117216117216,-0.766,0.659,-0.096,0.0,0.0,-1.0
115,25,1789460393.118654,100.0,1,0,1.5432234432234433,1.5569230769230769,-0.767,0.655,-0.096,0.0,0.0,0.0
115,26,1789460393.128654,100.0,1,0,1.5432234432234433,1.5569230769230769,-0.766,0.653,-0.096,0.0,0.0,0.0
115,27,1789460393.138654,100.0,1,0,1.5432234432234433,1.556117216117216,-0.766,0.651,-0.097,0.0,0.0,0.0
115,28,1789460393.148654,100.0,1,0,1.5432234432234433,1.556117216117216,-0.767,0.652,-0.097,0.0,0.0,0.0
115,29,1789460393.158654,100.0,1,0,1.544029304029304,1.5553113553113553,-0.769,0.657,-0.094,0.0,0.0,0.0
115,30,1789460393.168654,100.0,1,0,1.5432234432234433,1.556117216117216,-0.772,0.658,-0.091,0.0,0.0,0.0
115,31,1789460393.178654,100.0,1,0,1.544029304029304,1.556117216117216,-0.77,0.656,-0.091,0.0,0.0,0.0
115,32,1789460393.188654,100.0,1,0,1.5432234432234433,1.5569230769230769,-0.765,0.655,-0.09,0.0,0.0,0.0
115,33,1789460393.198654,100.0,1,0,1.544029304029304,1.556117216117216,-0.763,0.655,-0.096,0.0,0.0,0.0
115,34,1789460393.208654,100.0,1,0,1.5432234432234433,1.556117216117216,-0.761,0.652,-0.104,0.0,0.0,0.0
115,35,1789460393.218654,100.0,1,0,1.5432234432234433,1.5569230769230769,-0.757,0.654,-0.096,0.0,0.0,0.0
115,36,1789460393.228654,100.0,1,0,1.5424175824175823,1.556117216117216,-0.758,0.658,-0.091,0.0,0.0,0.0
115,37,1789460393.238654,100.0,1,0,1.5424175824175823,1.5569230769230769,-0.768,0.659,-0.092,0.0,0.0,0.0
115,38,1789460393.248654,100.0,1,0,1.5424175824175823,1.5577289377289378,-0.775,0.658,-0.085,0.0,0.0,0.0
115,39,1789460393.258654,100.0,1,0,1.5432234432234433,1.5569230769230769,-0.778,0.658,-0.084,0.0,0.0,0.0
115,40,1789460393.268654,100.0,1,0,1.5408058608058608,1.5577289377289378,-0.775,0.654,-0.093,0.0,-1.0,0.0
115,41,1789460393.278654,100.0,1,0,1.5424175824175823,1.5569230769230769,-0.768,0.655,-0.098,0.0,0.0,0.0
115,42,1789460393.288654,100.0,1,0,1.5432234432234433,1.5569230769230769,-0.761,0.655,-0.101,0.0,0.0,0.0
115,43,1789460393.298654,100.0,1,0,1.544029304029304,1.5569230769230769,-0.765,0.657,-0.099,0.0,0.0,0.0
115,44,1789460393.308654,100.0,1,0,1.5432234432234433,1.556117216117216,-0.765,0.661,-0.094,0.0,0.0,0.0
115,45,1789460393.318654,100.0,1,0,1.5424175824175823,1.5569230769230769,-0.766,0.663,-0.091,0.0,0.0,0.0
115,46,1789460393.328654,100.0,1,0,1.5424175824175823,1.556117216117216,-0.764,0.661,-0.091,0.0,0.0,0.0
115,47,1789460393.338654,100.0,1,0,1.5424175824175823,1.5569230769230769,-0.76,0.659,-0.091,0.0,0.0,0.0
115,48,1789460393.348654,100.0,1,0,1.5432234432234433,1.556117216117216,-0.761,0.655,-0.097,0.0,0.0,0.0
115,49,1789460393.358654,100.0,1,0,1.5432234432234433,1.5569230769230769,-0.762,0.653,-0.094,0.0,0.0,0.0
115,50,1789460393.368654,100.0,1,0,1.5432234432234433,1.556117216117216,-0.765,0.653,-0.093,0.0,0.0,0.0
115,51,1789460393.378654,100.0,1,0,1.5432234432234433,1.556117216117216,-0.772,0.652,-0.088,0.0,0.0,0.0
115,52,1789460393.388654,100.0,1,0,1.5432234432234433,1.556117216117216,-0.774,0.653,-0.089,0.0,0.0,0.0
115,53,1789460393.398654,100.0,1,0,1.5424175824175823,1.5569230769230769,-0.771,0.653,-0.091,0.0,0.0,1.0
115,54,1789460393.408654,100.0,1,0,1.5424175824175823,1.5569230769230769,-0.767,0.655,-0.09,0.0,0.0,1.0
115,55,1789460393.418654,100.0,1,0,1.5432234432234433,1.5569230769230769,-0.76,0.655,-0.093,0.0,0.0,1.0
115,56,1789460393.428654,100.0,1,0,1.5424175824175823,1.556117216117216,-0.755,0.655,-0.094,0.0,0.0,1.0
115,57,1789460393.438654,100.0,1,0,1.5432234432234433,1.556117216117216,-0.758,0.655,-0.093,0.0,0.0,0.0
115,58,1789460393.448654,100.0,1,0,1.5432234432234433,1.5553113553113553,-0.766,0.655,-0.094,0.0,0.0,0.0
115,59,1789460393.458654,100.0,1,0,1.544029304029304,1.5545054945054946,-0.772,0.656,-0.091,0.0,0.0,0.0
115,60,1789460393.468654,100.0,1,0,1.544029304029304,1.5545054945054946,-0.773,0.657,-0.088,0.0,0.0,0.0
115,61,1789460393.478654,100.0,1,0,1.5432234432234433,1.5553113553113553,-0.773,0.657,-0.091,0.0,0.0,0.0
115,62,1789460393.488654,100.0,1,0,1.5432234432234433,1.5545054945054946,-0.768,0.657,-0.092,0.0,0.0,0.0
115,63,1789460393.498654,100.0,1,0,1.5448351648351648,1.5536996336996336,-0.767,0.657,-0.093,0.0,0.0,1.0
115,64,1789460393.508654,100.0,1,0,1.5456410256410256,1.5536996336996336,-0.764,0.66,-0.092,0.0,0.0,0.0
115,65,1789460393.518654,100.0,1,0,1.5448351648351648,1.5528937728937728,-0.76,0.66,-0.092,0.0,0.0,0.0
115,66,1789460393.528654,100.0,1,0,1.5456410256410256,1.552087912087912,-0.763,0.659,-0.096,0.0,0.0,0.0
115,67,1789460393.538654,100.0,1,0,1.5456410256410256,1.5528937728937728,-0.768,0.663,-0.095,0.0,0.0,0.0
115,68,1789460393.548654,100.0,1,0,1.5464468864468865,1.552087912087912,-0.768,0.66,-0.094,0.0,0.0,0.0
115,69,1789460393.558654,100.0,1,0,1.5456410256410256,1.5528937728937728,-0.766,0.659,-0.096,0.0,0.0,0.0
115,70,1789460393.568654,100.0,1,0,1.5456410256410256,1.552087912087912,-0.764,0.662,-0.095,0.0,0.0,0.0
115,71,1789460393.578654,100.0,1,0,1.5464468864468865,1.552087912087912,-0.763,0.661,-0.092,0.0,0.0,0.0
115,72,1789460393.588654,100.0,1,0,1.5456410256410256,1.5512820512820513,-0.763,0.662,-0.093,0.0,0.0,0.0
115,73,1789460393.598654,100.0,1,0,1.5456410256410256,1.552087912087912,-0.762,0.661,-0.091,0.0,0.0,0.0
115,74,1789460393.608654,100.0,1,0,1.5456410256410256,1.5512820512820513,-0.762,0.659,-0.094,0.0,0.0,0.0
115,75,1789460393.618654,100.0,1,0,1.5448351648351648,1.5528937728937728,-0.761,0.658,-0.095,0.0,0.0,0.0
115,76,1789460393.628654,100.0,1,0,1.5456410256410256,1.552087912087912,-0.761,0.655,-0.097,0.0,0.0,0.0
115,77,1789460393.638654,100.0,1,0,1.5464468864468865,1.5512820512820513,-0.768,0.653,-0.096,0.0,0.0,0.0
115,78,1789460393.648654,100.0,1,0,1.5448351648351648,1.5528937728937728,-0.769,0.654,-0.091,0.0,0.0,0.0
115,79,1789460393.658654,100.0,1,0,1.5448351648351648,1.5512820512820513,-0.767,0.653,-0.088,0.0,0.0,0.0
115,80,1789460393.668654,100.0,1,0,1.5456410256410256,1.5528937728937728,-0.765,0.655,-0.091,0.0,0.0,0.0
115,81,1789460393.678654,100.0,1,0,1.5456410256410256,1.5496703296703296,-0.769,0.659,-0.096,0.0,0.0,0.0
115,82,1789460393.688654,100.0,1,0,1.5456410256410256,1.552087912087912,-0.769,0.661,-0.095,0.0,0.0,0.0
115,83,1789460393.698654,100.0,1,0,1.5456410256410256,1.5512820512820513,-0.763,0.662,-0.098,0.0,0.0,1.0
115,84,1789460393.708654,100.0,1,0,1.5456410256410256,1.5512820512820513,-0.763,0.662,-0.098,0.0,0.0,1.0
115,85,1789460393.718654,100.0,1,0,1.5464468864468865,1.5496703296703296,-0.758,0.664,-0.098,0.0,0.0,1.0
115,86,1789460393.728654,100.0,1,0,1.5464468864468865,1.5496703296703296,-0.758,0.664,-0.102,0.0,0.0,0.0
115,87,1789460393.738654,100.0,1,0,1.5456410256410256,1.548058608058608,-0.761,0.665,-0.103,-1.0,0.0,0.0
115,88,1789460393.748654,100.0,1,0,1.5488644688644688,1.5488644688644688,-0.761,0.669,-0.098,-1.0,0.0,0.0
115,89,1789460393.758654,100.0,1,0,1.5496703296703296,1.5496703296703296,-0.762,0.672,-0.093,-1.0,0.0,0.0
115,90,1789460393.768654,100.0,1,0,1.548058608058608,1.5496703296703296,-0.758,0.671,-0.093,-1.0,0.0,0.0
115,91,1789460393.778654,100.0,1,0,1.5464468864468865,1.5464468864468865,-0.755,0.673,-0.095,-1.0,0.0,0.0
115,92,1789460393.788654,100.0,1,0,1.5472527472527473,1.5472527472527473,-0.754,0.669,-0.095,-1.0,0.0,-1.0
115,93,1789460393.798654,100.0,1,0,1.548058608058608,1.5464468864468865,-0.757,0.663,-0.098,-1.0,0.0,-1.0
115,94,1789460393.808654,100.0,1,0,1.548058608058608,1.548058608058608,-0.764,0.658,-0.097,-1.0,0.0,-1.0
115,95,1789460393.818654,100.0,1,0,1.5496703296703296,1.5456410256410256,-0.768,0.651,-0.095,0.0,0.0,0.0
115,96,1789460393.828654,100.0,1,0,1.5472527472527473,1.5464468864468865,-0.775,0.647,-0.093,0.0,0.0,0.0
115,97,1789460393.838654,100.0,1,0,1.5464468864468865,1.5464468864468865,-0.778,0.648,-0.094,0.0,0.0,0.0
115,98,1789460393.848654,100.0,1,0,1.5504761904761906,1.5464468864468865,-0.774,0.653,-0.093,0.0,0.0,0.0
115,99,1789460393.858654,100.0,1,0,1.5472527472527473,1.5464468864468865,-0.77,0.656,-0.092,0.0,-1.0,0.0
